/*
 Navicat Premium Data Transfer

 Source Server         : aly
 Source Server Type    : MySQL
 Source Server Version : 80028
 Source Host           : rm-2ze8v9g2o013w44f8wo.mysql.rds.aliyuncs.com:3306
 Source Schema         : easyboot

 Target Server Type    : MySQL
 Target Server Version : 80028
 File Encoding         : 65001

 Date: 23/08/2025 13:03:03
*/

SET NAMES utf8mb4;
SET FOREIGN_KEY_CHECKS = 0;

-- ----------------------------
-- Table structure for easyboot_demo01_contact
-- ----------------------------
DROP TABLE IF EXISTS `easyboot_demo01_contact`;
CREATE TABLE `easyboot_demo01_contact`  (
  `id` bigint NOT NULL AUTO_INCREMENT COMMENT '编号',
  `name` varchar(100) CHARACTER SET utf8mb4 COLLATE utf8mb4_unicode_ci NOT NULL DEFAULT '' COMMENT '名字',
  `sex` tinyint(1) NOT NULL COMMENT '性别',
  `birthday` datetime NOT NULL COMMENT '出生年',
  `description` varchar(255) CHARACTER SET utf8mb4 COLLATE utf8mb4_unicode_ci NOT NULL COMMENT '简介',
  `avatar` varchar(512) CHARACTER SET utf8mb4 COLLATE utf8mb4_unicode_ci NULL DEFAULT NULL COMMENT '头像',
  `creator` varchar(64) CHARACTER SET utf8mb4 COLLATE utf8mb4_unicode_ci NULL DEFAULT '' COMMENT '创建者',
  `create_time` datetime NOT NULL DEFAULT CURRENT_TIMESTAMP COMMENT '创建时间',
  `updater` varchar(64) CHARACTER SET utf8mb4 COLLATE utf8mb4_unicode_ci NULL DEFAULT '' COMMENT '更新者',
  `update_time` datetime NOT NULL DEFAULT CURRENT_TIMESTAMP ON UPDATE CURRENT_TIMESTAMP COMMENT '更新时间',
  `deleted` bit(1) NOT NULL DEFAULT b'0' COMMENT '是否删除',
  `tenant_id` bigint NOT NULL DEFAULT 0 COMMENT '租户编号',
  PRIMARY KEY (`id`) USING BTREE
) ENGINE = InnoDB AUTO_INCREMENT = 2 CHARACTER SET = utf8mb4 COLLATE = utf8mb4_unicode_ci COMMENT = '示例联系人表' ROW_FORMAT = Dynamic;

-- ----------------------------
-- Records of easyboot_demo01_contact
-- ----------------------------
INSERT INTO `easyboot_demo01_contact` VALUES (1, '土豆', 2, '2023-11-07 00:00:00', '<p>天蚕土豆！呀</p>', 'http://127.0.0.1:48080/admin-api/infra/file/4/get/46f8fa1a37db3f3960d8910ff2fe3962ab3b2db87cf2f8ccb4dc8145b8bdf237.jpeg', '1', '2023-11-15 23:34:30', '1', '2023-11-15 23:47:39', b'0', 1);

-- ----------------------------
-- Table structure for easyboot_demo02_category
-- ----------------------------
DROP TABLE IF EXISTS `easyboot_demo02_category`;
CREATE TABLE `easyboot_demo02_category`  (
  `id` bigint NOT NULL AUTO_INCREMENT COMMENT '编号',
  `name` varchar(100) CHARACTER SET utf8mb4 COLLATE utf8mb4_unicode_ci NOT NULL DEFAULT '' COMMENT '名字',
  `parent_id` bigint NOT NULL COMMENT '父级编号',
  `creator` varchar(64) CHARACTER SET utf8mb4 COLLATE utf8mb4_unicode_ci NULL DEFAULT '' COMMENT '创建者',
  `create_time` datetime NOT NULL DEFAULT CURRENT_TIMESTAMP COMMENT '创建时间',
  `updater` varchar(64) CHARACTER SET utf8mb4 COLLATE utf8mb4_unicode_ci NULL DEFAULT '' COMMENT '更新者',
  `update_time` datetime NOT NULL DEFAULT CURRENT_TIMESTAMP ON UPDATE CURRENT_TIMESTAMP COMMENT '更新时间',
  `deleted` bit(1) NOT NULL DEFAULT b'0' COMMENT '是否删除',
  `tenant_id` bigint NOT NULL DEFAULT 0 COMMENT '租户编号',
  PRIMARY KEY (`id`) USING BTREE
) ENGINE = InnoDB AUTO_INCREMENT = 7 CHARACTER SET = utf8mb4 COLLATE = utf8mb4_unicode_ci COMMENT = '示例分类表' ROW_FORMAT = Dynamic;

-- ----------------------------
-- Records of easyboot_demo02_category
-- ----------------------------
INSERT INTO `easyboot_demo02_category` VALUES (1, '土豆', 0, '1', '2023-11-15 23:34:30', '1', '2023-11-16 20:24:23', b'0', 1);
INSERT INTO `easyboot_demo02_category` VALUES (2, '番茄', 0, '1', '2023-11-16 20:24:00', '1', '2023-11-16 20:24:15', b'0', 1);
INSERT INTO `easyboot_demo02_category` VALUES (3, '怪怪', 0, '1', '2023-11-16 20:24:32', '1', '2023-11-16 20:24:32', b'0', 1);
INSERT INTO `easyboot_demo02_category` VALUES (4, '小番茄', 2, '1', '2023-11-16 20:24:39', '1', '2023-11-16 20:24:39', b'0', 1);
INSERT INTO `easyboot_demo02_category` VALUES (5, '大番茄', 2, '1', '2023-11-16 20:24:46', '1', '2023-11-16 20:24:46', b'0', 1);
INSERT INTO `easyboot_demo02_category` VALUES (6, '11', 3, '1', '2023-11-24 19:29:34', '1', '2023-11-24 19:29:34', b'0', 1);

-- ----------------------------
-- Table structure for easyboot_demo03_course
-- ----------------------------
DROP TABLE IF EXISTS `easyboot_demo03_course`;
CREATE TABLE `easyboot_demo03_course`  (
  `id` bigint NOT NULL AUTO_INCREMENT COMMENT '编号',
  `student_id` bigint NOT NULL COMMENT '学生编号',
  `name` varchar(100) CHARACTER SET utf8mb4 COLLATE utf8mb4_unicode_ci NOT NULL DEFAULT '' COMMENT '名字',
  `score` tinyint NOT NULL COMMENT '分数',
  `creator` varchar(64) CHARACTER SET utf8mb4 COLLATE utf8mb4_unicode_ci NULL DEFAULT '' COMMENT '创建者',
  `create_time` datetime NOT NULL DEFAULT CURRENT_TIMESTAMP COMMENT '创建时间',
  `updater` varchar(64) CHARACTER SET utf8mb4 COLLATE utf8mb4_unicode_ci NULL DEFAULT '' COMMENT '更新者',
  `update_time` datetime NOT NULL DEFAULT CURRENT_TIMESTAMP ON UPDATE CURRENT_TIMESTAMP COMMENT '更新时间',
  `deleted` bit(1) NOT NULL DEFAULT b'0' COMMENT '是否删除',
  `tenant_id` bigint NOT NULL DEFAULT 0 COMMENT '租户编号',
  PRIMARY KEY (`id`) USING BTREE
) ENGINE = InnoDB AUTO_INCREMENT = 22 CHARACTER SET = utf8mb4 COLLATE = utf8mb4_unicode_ci COMMENT = '学生课程表' ROW_FORMAT = Dynamic;

-- ----------------------------
-- Records of easyboot_demo03_course
-- ----------------------------
INSERT INTO `easyboot_demo03_course` VALUES (2, 2, '语文', 66, '1', '2023-11-16 23:21:49', '1', '2024-09-17 10:55:30', b'1', 1);
INSERT INTO `easyboot_demo03_course` VALUES (3, 2, '数学', 22, '1', '2023-11-16 23:21:49', '1', '2024-09-17 10:55:30', b'1', 1);
INSERT INTO `easyboot_demo03_course` VALUES (6, 5, '体育', 23, '1', '2023-11-16 23:22:46', '1', '2023-11-16 15:44:40', b'1', 1);
INSERT INTO `easyboot_demo03_course` VALUES (7, 5, '计算机', 11, '1', '2023-11-16 23:22:46', '1', '2023-11-16 15:44:40', b'1', 1);
INSERT INTO `easyboot_demo03_course` VALUES (8, 5, '体育', 23, '1', '2023-11-16 23:22:46', '1', '2023-11-16 15:47:09', b'1', 1);
INSERT INTO `easyboot_demo03_course` VALUES (9, 5, '计算机', 11, '1', '2023-11-16 23:22:46', '1', '2023-11-16 15:47:09', b'1', 1);
INSERT INTO `easyboot_demo03_course` VALUES (10, 5, '体育', 23, '1', '2023-11-16 23:22:46', '1', '2024-09-17 10:55:28', b'1', 1);
INSERT INTO `easyboot_demo03_course` VALUES (11, 5, '计算机', 11, '1', '2023-11-16 23:22:46', '1', '2024-09-17 10:55:28', b'1', 1);
INSERT INTO `easyboot_demo03_course` VALUES (12, 2, '电脑', 33, '1', '2023-11-17 00:20:42', '1', '2023-11-16 16:20:45', b'1', 1);
INSERT INTO `easyboot_demo03_course` VALUES (13, 9, '滑雪', 12, '1', '2023-11-17 13:13:20', '1', '2024-09-17 10:55:26', b'1', 1);
INSERT INTO `easyboot_demo03_course` VALUES (14, 9, '滑雪', 12, '1', '2023-11-17 13:13:20', '1', '2024-09-17 10:55:49', b'1', 1);
INSERT INTO `easyboot_demo03_course` VALUES (15, 5, '体育', 23, '1', '2023-11-16 23:22:46', '1', '2024-09-17 18:55:29', b'0', 1);
INSERT INTO `easyboot_demo03_course` VALUES (16, 5, '计算机', 11, '1', '2023-11-16 23:22:46', '1', '2024-09-17 18:55:29', b'0', 1);
INSERT INTO `easyboot_demo03_course` VALUES (17, 2, '语文', 66, '1', '2023-11-16 23:21:49', '1', '2024-09-17 18:55:31', b'0', 1);
INSERT INTO `easyboot_demo03_course` VALUES (18, 2, '数学', 22, '1', '2023-11-16 23:21:49', '1', '2024-09-17 18:55:31', b'0', 1);
INSERT INTO `easyboot_demo03_course` VALUES (19, 9, '滑雪', 12, '1', '2023-11-17 13:13:20', '1', '2025-04-19 02:49:03', b'1', 1);
INSERT INTO `easyboot_demo03_course` VALUES (20, 9, '滑雪', 12, '1', '2023-11-17 13:13:20', '1', '2025-04-19 10:49:04', b'0', 1);

-- ----------------------------
-- Table structure for easyboot_demo03_grade
-- ----------------------------
DROP TABLE IF EXISTS `easyboot_demo03_grade`;
CREATE TABLE `easyboot_demo03_grade`  (
  `id` bigint NOT NULL AUTO_INCREMENT COMMENT '编号',
  `student_id` bigint NOT NULL COMMENT '学生编号',
  `name` varchar(100) CHARACTER SET utf8mb4 COLLATE utf8mb4_unicode_ci NOT NULL DEFAULT '' COMMENT '名字',
  `teacher` varchar(255) CHARACTER SET utf8mb4 COLLATE utf8mb4_unicode_ci NOT NULL COMMENT '班主任',
  `creator` varchar(64) CHARACTER SET utf8mb4 COLLATE utf8mb4_unicode_ci NULL DEFAULT '' COMMENT '创建者',
  `create_time` datetime NOT NULL DEFAULT CURRENT_TIMESTAMP COMMENT '创建时间',
  `updater` varchar(64) CHARACTER SET utf8mb4 COLLATE utf8mb4_unicode_ci NULL DEFAULT '' COMMENT '更新者',
  `update_time` datetime NOT NULL DEFAULT CURRENT_TIMESTAMP ON UPDATE CURRENT_TIMESTAMP COMMENT '更新时间',
  `deleted` bit(1) NOT NULL DEFAULT b'0' COMMENT '是否删除',
  `tenant_id` bigint NOT NULL DEFAULT 0 COMMENT '租户编号',
  PRIMARY KEY (`id`) USING BTREE
) ENGINE = InnoDB AUTO_INCREMENT = 10 CHARACTER SET = utf8mb4 COLLATE = utf8mb4_unicode_ci COMMENT = '学生班级表' ROW_FORMAT = Dynamic;

-- ----------------------------
-- Records of easyboot_demo03_grade
-- ----------------------------
INSERT INTO `easyboot_demo03_grade` VALUES (7, 2, '三年 2 班', '周杰伦', '1', '2023-11-16 23:21:49', '1', '2024-09-17 18:55:31', b'0', 1);
INSERT INTO `easyboot_demo03_grade` VALUES (8, 5, '华为', '遥遥领先', '1', '2023-11-16 23:22:46', '1', '2024-09-17 18:55:29', b'0', 1);
INSERT INTO `easyboot_demo03_grade` VALUES (9, 9, '小图', '小娃111', '1', '2023-11-17 13:10:23', '1', '2025-04-19 10:49:04', b'0', 1);

-- ----------------------------
-- Table structure for easyboot_demo03_student
-- ----------------------------
DROP TABLE IF EXISTS `easyboot_demo03_student`;
CREATE TABLE `easyboot_demo03_student`  (
  `id` bigint NOT NULL AUTO_INCREMENT COMMENT '编号',
  `name` varchar(100) CHARACTER SET utf8mb4 COLLATE utf8mb4_unicode_ci NOT NULL DEFAULT '' COMMENT '名字',
  `sex` tinyint NOT NULL COMMENT '性别',
  `birthday` datetime NOT NULL COMMENT '出生日期',
  `description` varchar(255) CHARACTER SET utf8mb4 COLLATE utf8mb4_unicode_ci NOT NULL COMMENT '简介',
  `creator` varchar(64) CHARACTER SET utf8mb4 COLLATE utf8mb4_unicode_ci NULL DEFAULT '' COMMENT '创建者',
  `create_time` datetime NOT NULL DEFAULT CURRENT_TIMESTAMP COMMENT '创建时间',
  `updater` varchar(64) CHARACTER SET utf8mb4 COLLATE utf8mb4_unicode_ci NULL DEFAULT '' COMMENT '更新者',
  `update_time` datetime NOT NULL DEFAULT CURRENT_TIMESTAMP ON UPDATE CURRENT_TIMESTAMP COMMENT '更新时间',
  `deleted` bit(1) NOT NULL DEFAULT b'0' COMMENT '是否删除',
  `tenant_id` bigint NOT NULL DEFAULT 0 COMMENT '租户编号',
  PRIMARY KEY (`id`) USING BTREE
) ENGINE = InnoDB AUTO_INCREMENT = 10 CHARACTER SET = utf8mb4 COLLATE = utf8mb4_unicode_ci COMMENT = '学生表' ROW_FORMAT = Dynamic;

-- ----------------------------
-- Records of easyboot_demo03_student
-- ----------------------------
INSERT INTO `easyboot_demo03_student` VALUES (2, '小白', 1, '2023-11-16 00:00:00', '<p>厉害</p>', '1', '2023-11-16 23:21:49', '1', '2024-09-17 18:55:31', b'0', 1);
INSERT INTO `easyboot_demo03_student` VALUES (5, '大黑', 2, '2023-11-13 00:00:00', '<p>你在教我做事?</p>', '1', '2023-11-16 23:22:46', '1', '2024-09-17 18:55:29', b'0', 1);
INSERT INTO `easyboot_demo03_student` VALUES (9, '小花', 1, '2023-11-07 00:00:00', '<p>哈哈哈</p>', '1', '2023-11-17 00:04:47', '1', '2025-04-19 10:49:04', b'0', 1);

-- ----------------------------
-- Table structure for infra_api_access_log
-- ----------------------------
DROP TABLE IF EXISTS `infra_api_access_log`;
CREATE TABLE `infra_api_access_log`  (
  `id` bigint NOT NULL AUTO_INCREMENT COMMENT '日志主键',
  `trace_id` varchar(64) CHARACTER SET utf8mb4 COLLATE utf8mb4_unicode_ci NOT NULL DEFAULT '' COMMENT '链路追踪编号',
  `user_id` bigint NOT NULL DEFAULT 0 COMMENT '用户编号',
  `user_type` tinyint NOT NULL DEFAULT 0 COMMENT '用户类型',
  `application_name` varchar(50) CHARACTER SET utf8mb4 COLLATE utf8mb4_unicode_ci NOT NULL COMMENT '应用名',
  `request_method` varchar(16) CHARACTER SET utf8mb4 COLLATE utf8mb4_unicode_ci NOT NULL DEFAULT '' COMMENT '请求方法名',
  `request_url` varchar(255) CHARACTER SET utf8mb4 COLLATE utf8mb4_unicode_ci NOT NULL DEFAULT '' COMMENT '请求地址',
  `request_params` text CHARACTER SET utf8mb4 COLLATE utf8mb4_unicode_ci NULL COMMENT '请求参数',
  `response_body` text CHARACTER SET utf8mb4 COLLATE utf8mb4_unicode_ci NULL COMMENT '响应结果',
  `user_ip` varchar(50) CHARACTER SET utf8mb4 COLLATE utf8mb4_unicode_ci NOT NULL COMMENT '用户 IP',
  `user_agent` varchar(512) CHARACTER SET utf8mb4 COLLATE utf8mb4_unicode_ci NOT NULL COMMENT '浏览器 UA',
  `operate_module` varchar(50) CHARACTER SET utf8mb4 COLLATE utf8mb4_unicode_ci NULL DEFAULT NULL COMMENT '操作模块',
  `operate_name` varchar(50) CHARACTER SET utf8mb4 COLLATE utf8mb4_unicode_ci NULL DEFAULT NULL COMMENT '操作名',
  `operate_type` tinyint NULL DEFAULT 0 COMMENT '操作分类',
  `begin_time` datetime NOT NULL COMMENT '开始请求时间',
  `end_time` datetime NOT NULL COMMENT '结束请求时间',
  `duration` int NOT NULL COMMENT '执行时长',
  `result_code` int NOT NULL DEFAULT 0 COMMENT '结果码',
  `result_msg` varchar(512) CHARACTER SET utf8mb4 COLLATE utf8mb4_unicode_ci NULL DEFAULT '' COMMENT '结果提示',
  `creator` varchar(64) CHARACTER SET utf8mb4 COLLATE utf8mb4_unicode_ci NULL DEFAULT '' COMMENT '创建者',
  `create_time` datetime NOT NULL DEFAULT CURRENT_TIMESTAMP COMMENT '创建时间',
  `updater` varchar(64) CHARACTER SET utf8mb4 COLLATE utf8mb4_unicode_ci NULL DEFAULT '' COMMENT '更新者',
  `update_time` datetime NOT NULL DEFAULT CURRENT_TIMESTAMP ON UPDATE CURRENT_TIMESTAMP COMMENT '更新时间',
  `deleted` bit(1) NOT NULL DEFAULT b'0' COMMENT '是否删除',
  `tenant_id` bigint NOT NULL DEFAULT 0 COMMENT '租户编号',
  PRIMARY KEY (`id`) USING BTREE,
  INDEX `idx_create_time`(`create_time`) USING BTREE
) ENGINE = InnoDB AUTO_INCREMENT = 35953 CHARACTER SET = utf8mb4 COLLATE = utf8mb4_unicode_ci COMMENT = 'API 访问日志表' ROW_FORMAT = Dynamic;

-- ----------------------------
-- Records of infra_api_access_log
-- ----------------------------

-- ----------------------------
-- Table structure for infra_api_error_log
-- ----------------------------
DROP TABLE IF EXISTS `infra_api_error_log`;
CREATE TABLE `infra_api_error_log`  (
  `id` bigint NOT NULL AUTO_INCREMENT COMMENT '编号',
  `trace_id` varchar(64) CHARACTER SET utf8mb4 COLLATE utf8mb4_unicode_ci NOT NULL COMMENT '链路追踪编号',
  `user_id` bigint NOT NULL DEFAULT 0 COMMENT '用户编号',
  `user_type` tinyint NOT NULL DEFAULT 0 COMMENT '用户类型',
  `application_name` varchar(50) CHARACTER SET utf8mb4 COLLATE utf8mb4_unicode_ci NOT NULL COMMENT '应用名',
  `request_method` varchar(16) CHARACTER SET utf8mb4 COLLATE utf8mb4_unicode_ci NOT NULL COMMENT '请求方法名',
  `request_url` varchar(255) CHARACTER SET utf8mb4 COLLATE utf8mb4_unicode_ci NOT NULL COMMENT '请求地址',
  `request_params` varchar(8000) CHARACTER SET utf8mb4 COLLATE utf8mb4_unicode_ci NOT NULL COMMENT '请求参数',
  `user_ip` varchar(50) CHARACTER SET utf8mb4 COLLATE utf8mb4_unicode_ci NOT NULL COMMENT '用户 IP',
  `user_agent` varchar(512) CHARACTER SET utf8mb4 COLLATE utf8mb4_unicode_ci NOT NULL COMMENT '浏览器 UA',
  `exception_time` datetime NOT NULL COMMENT '异常发生时间',
  `exception_name` varchar(128) CHARACTER SET utf8mb4 COLLATE utf8mb4_unicode_ci NOT NULL DEFAULT '' COMMENT '异常名',
  `exception_message` text CHARACTER SET utf8mb4 COLLATE utf8mb4_unicode_ci NOT NULL COMMENT '异常导致的消息',
  `exception_root_cause_message` text CHARACTER SET utf8mb4 COLLATE utf8mb4_unicode_ci NOT NULL COMMENT '异常导致的根消息',
  `exception_stack_trace` text CHARACTER SET utf8mb4 COLLATE utf8mb4_unicode_ci NOT NULL COMMENT '异常的栈轨迹',
  `exception_class_name` varchar(512) CHARACTER SET utf8mb4 COLLATE utf8mb4_unicode_ci NOT NULL COMMENT '异常发生的类全名',
  `exception_file_name` varchar(512) CHARACTER SET utf8mb4 COLLATE utf8mb4_unicode_ci NOT NULL COMMENT '异常发生的类文件',
  `exception_method_name` varchar(512) CHARACTER SET utf8mb4 COLLATE utf8mb4_unicode_ci NOT NULL COMMENT '异常发生的方法名',
  `exception_line_number` int NOT NULL COMMENT '异常发生的方法所在行',
  `process_status` tinyint NOT NULL COMMENT '处理状态',
  `process_time` datetime NULL DEFAULT NULL COMMENT '处理时间',
  `process_user_id` int NULL DEFAULT 0 COMMENT '处理用户编号',
  `creator` varchar(64) CHARACTER SET utf8mb4 COLLATE utf8mb4_unicode_ci NULL DEFAULT '' COMMENT '创建者',
  `create_time` datetime NOT NULL DEFAULT CURRENT_TIMESTAMP COMMENT '创建时间',
  `updater` varchar(64) CHARACTER SET utf8mb4 COLLATE utf8mb4_unicode_ci NULL DEFAULT '' COMMENT '更新者',
  `update_time` datetime NOT NULL DEFAULT CURRENT_TIMESTAMP ON UPDATE CURRENT_TIMESTAMP COMMENT '更新时间',
  `deleted` bit(1) NOT NULL DEFAULT b'0' COMMENT '是否删除',
  `tenant_id` bigint NOT NULL DEFAULT 0 COMMENT '租户编号',
  PRIMARY KEY (`id`) USING BTREE
) ENGINE = InnoDB AUTO_INCREMENT = 22175 CHARACTER SET = utf8mb4 COLLATE = utf8mb4_unicode_ci COMMENT = '系统异常日志' ROW_FORMAT = Dynamic;

-- ----------------------------
-- Records of infra_api_error_log
-- ----------------------------
INSERT INTO `infra_api_error_log` VALUES (22175, '', 0, 0, 'easyboot-server', 'GET', '/v3/api-docs/all', '{\"query\":{},\"body\":null}', '127.0.0.1', 'Mozilla/5.0 (Windows NT 10.0; Win64; x64) AppleWebKit/537.36 (KHTML, like Gecko) Chrome/139.0.0.0 Safari/537.36', '2025-08-23 00:52:37', 'jakarta.servlet.ServletException', 'ServletException: Handler dispatch failed: java.lang.NoSuchMethodError: \'java.util.List org.springdoc.core.properties.SpringDocConfigProperties.getGroupConfigs()\'', 'NoSuchMethodError: \'java.util.List org.springdoc.core.properties.SpringDocConfigProperties.getGroupConfigs()\'', 'jakarta.servlet.ServletException: Handler dispatch failed: java.lang.NoSuchMethodError: \'java.util.List org.springdoc.core.properties.SpringDocConfigProperties.getGroupConfigs()\'\r\n	at org.springframework.web.servlet.DispatcherServlet.doDispatch(DispatcherServlet.java:1104)\r\n	at org.springframework.web.servlet.DispatcherServlet.doService(DispatcherServlet.java:979)\r\n	at org.springframework.web.servlet.FrameworkServlet.processRequest(FrameworkServlet.java:1014)\r\n	at org.springframework.web.servlet.FrameworkServlet.doGet(FrameworkServlet.java:903)\r\n	at jakarta.servlet.http.HttpServlet.service(HttpServlet.java:564)\r\n	at org.springframework.web.servlet.FrameworkServlet.service(FrameworkServlet.java:885)\r\n	at jakarta.servlet.http.HttpServlet.service(HttpServlet.java:658)\r\n	at org.apache.catalina.core.ApplicationFilterChain.internalDoFilter(ApplicationFilterChain.java:195)\r\n	at org.apache.catalina.core.ApplicationFilterChain.doFilter(ApplicationFilterChain.java:140)\r\n	at org.apache.tomcat.websocket.server.WsFilter.doFilter(WsFilter.java:51)\r\n	at org.apache.catalina.core.ApplicationFilterChain.internalDoFilter(ApplicationFilterChain.java:164)\r\n	at org.apache.catalina.core.ApplicationFilterChain.doFilter(ApplicationFilterChain.java:140)\r\n	at org.springframework.web.filter.OncePerRequestFilter.doFilter(OncePerRequestFilter.java:110)\r\n	at org.apache.catalina.core.ApplicationFilterChain.internalDoFilter(ApplicationFilterChain.java:164)\r\n	at org.apache.catalina.core.ApplicationFilterChain.doFilter(ApplicationFilterChain.java:140)\r\n	at com.alibaba.druid.support.jakarta.WebStatFilter.doFilter(WebStatFilter.java:113)\r\n	at org.apache.catalina.core.ApplicationFilterChain.internalDoFilter(ApplicationFilterChain.java:164)\r\n	at org.apache.catalina.core.ApplicationFilterChain.doFilter(ApplicationFilterChain.java:140)\r\n	at org.springframework.web.filter.CompositeFilter$VirtualFilterChain.doFilter(CompositeFilter.java:108)\r\n	at org.springframework.web.filter.CompositeFilter$VirtualFilterChain.doFilter(CompositeFilter.java:108)\r\n	at org.springframework.security.web.FilterChainProxy.lambda$doFilterInternal$3(FilterChainProxy.java:231)\r\n	at org.springframework.security.web.FilterChainProxy$VirtualFilterChain.doFilter(FilterChainProxy.java:365)\r\n	at org.springframework.security.web.access.intercept.AuthorizationFilter.doFilter(AuthorizationFilter.java:101)\r\n	at org.springframework.security.web.FilterChainProxy$VirtualFilterChain.doFilter(FilterChainProxy.java:374)\r\n	at org.springframework.security.web.access.ExceptionTranslationFilter.doFilter(ExceptionTranslationFilter.java:125)\r\n	at org.springframework.security.web.access.ExceptionTranslationFilter.doFilter(ExceptionTranslationFilter.java:119)\r\n	at org.springframework.security.web.FilterChainProxy$VirtualFilterChain.doFilter(FilterChainProxy.java:374)\r\n	at org.springframework.security.web.session.SessionManagementFilter.doFilter(SessionManagementFilter.java:131)\r\n	at org.springframework.security.web.session.SessionManagem', 'org.springframework.web.servlet.DispatcherServlet', 'DispatcherServlet.java', 'doDispatch', 1104, 0, NULL, 0, NULL, '2025-08-23 00:52:37', NULL, '2025-08-23 00:52:37', b'0', 0);
INSERT INTO `infra_api_error_log` VALUES (22176, '', 0, 2, 'easyboot-server', 'POST', '/admin-api/system/captcha/get', '{\"query\":{},\"body\":\"{\\\"captchaType\\\":\\\"blockPuzzle\\\"}\"}', '127.0.0.1', 'Mozilla/5.0 (Windows NT 10.0; Win64; x64) AppleWebKit/537.36 (KHTML, like Gecko) Chrome/139.0.0.0 Safari/537.36', '2025-08-23 12:38:42', 'org.springframework.web.context.request.async.AsyncRequestNotUsableException', 'AsyncRequestNotUsableException: ServletOutputStream failed to write: java.io.IOException: 你的主机中的软件中止了一个已建立的连接。', 'IOException: 你的主机中的软件中止了一个已建立的连接。', 'org.springframework.web.context.request.async.AsyncRequestNotUsableException: ServletOutputStream failed to write: java.io.IOException: 你的主机中的软件中止了一个已建立的连接。\r\n	at org.springframework.web.context.request.async.StandardServletAsyncWebRequest$LifecycleHttpServletResponse.handleIOException(StandardServletAsyncWebRequest.java:346)\r\n	at org.springframework.web.context.request.async.StandardServletAsyncWebRequest$LifecycleServletOutputStream.write(StandardServletAsyncWebRequest.java:404)\r\n	at org.springframework.util.StreamUtils$NonClosingOutputStream.write(StreamUtils.java:284)\r\n	at com.fasterxml.jackson.core.json.UTF8JsonGenerator._flushBuffer(UTF8JsonGenerator.java:2261)\r\n	at com.fasterxml.jackson.core.json.UTF8JsonGenerator._writeStringSegments(UTF8JsonGenerator.java:1348)\r\n	at com.fasterxml.jackson.core.json.UTF8JsonGenerator.writeString(UTF8JsonGenerator.java:522)\r\n	at com.fasterxml.jackson.databind.ser.std.StringSerializer.serialize(StringSerializer.java:40)\r\n	at com.fasterxml.jackson.databind.ser.BeanPropertyWriter.serializeAsField(BeanPropertyWriter.java:732)\r\n	at com.fasterxml.jackson.databind.ser.std.BeanSerializerBase.serializeFields(BeanSerializerBase.java:760)\r\n	at com.fasterxml.jackson.databind.ser.BeanSerializer.serialize(BeanSerializer.java:183)\r\n	at com.fasterxml.jackson.databind.ser.BeanPropertyWriter.serializeAsField(BeanPropertyWriter.java:732)\r\n	at com.fasterxml.jackson.databind.ser.std.BeanSerializerBase.serializeFields(BeanSerializerBase.java:760)\r\n	at com.fasterxml.jackson.databind.ser.BeanSerializer.serialize(BeanSerializer.java:183)\r\n	at com.fasterxml.jackson.databind.ser.DefaultSerializerProvider._serialize(DefaultSerializerProvider.java:503)\r\n	at com.fasterxml.jackson.databind.ser.DefaultSerializerProvider.serializeValue(DefaultSerializerProvider.java:342)\r\n	at com.fasterxml.jackson.databind.ObjectWriter$Prefetch.serialize(ObjectWriter.java:1587)\r\n	at com.fasterxml.jackson.databind.ObjectWriter.writeValue(ObjectWriter.java:1061)\r\n	at org.springframework.http.converter.json.AbstractJackson2HttpMessageConverter.writeInternal(AbstractJackson2HttpMessageConverter.java:485)\r\n	at org.springframework.http.converter.AbstractGenericHttpMessageConverter.write(AbstractGenericHttpMessageConverter.java:126)\r\n	at org.springframework.web.servlet.mvc.method.annotation.AbstractMessageConverterMethodProcessor.writeWithMessageConverters(AbstractMessageConverterMethodProcessor.java:345)\r\n	at org.springframework.web.servlet.mvc.method.annotation.RequestResponseBodyMethodProcessor.handleReturnValue(RequestResponseBodyMethodProcessor.java:208)\r\n	at org.springframework.web.method.support.HandlerMethodReturnValueHandlerComposite.handleReturnValue(HandlerMethodReturnValueHandlerComposite.java:78)\r\n	at org.springframework.web.servlet.mvc.method.annotation.ServletInvocableHandlerMethod.invokeAndHandle(ServletInvocableHandlerMethod.java:136)\r\n	at org.springframework.web.servlet.mvc.method.annotation.RequestMappingHandlerAdapter.invokeHandlerMethod(Reques', 'org.springframework.web.context.request.async.StandardServletAsyncWebRequest$LifecycleHttpServletResponse', 'StandardServletAsyncWebRequest.java', 'handleIOException', 346, 0, NULL, 0, NULL, '2025-08-23 12:38:42', NULL, '2025-08-23 12:38:42', b'0', 0);

-- ----------------------------
-- Table structure for infra_codegen_column
-- ----------------------------
DROP TABLE IF EXISTS `infra_codegen_column`;
CREATE TABLE `infra_codegen_column`  (
  `id` bigint NOT NULL AUTO_INCREMENT COMMENT '编号',
  `table_id` bigint NOT NULL COMMENT '表编号',
  `column_name` varchar(200) CHARACTER SET utf8mb4 COLLATE utf8mb4_unicode_ci NOT NULL COMMENT '字段名',
  `data_type` varchar(100) CHARACTER SET utf8mb4 COLLATE utf8mb4_unicode_ci NOT NULL COMMENT '字段类型',
  `column_comment` varchar(500) CHARACTER SET utf8mb4 COLLATE utf8mb4_unicode_ci NOT NULL COMMENT '字段描述',
  `nullable` bit(1) NOT NULL COMMENT '是否允许为空',
  `primary_key` bit(1) NOT NULL COMMENT '是否主键',
  `ordinal_position` int NOT NULL COMMENT '排序',
  `java_type` varchar(32) CHARACTER SET utf8mb4 COLLATE utf8mb4_unicode_ci NOT NULL COMMENT 'Java 属性类型',
  `java_field` varchar(64) CHARACTER SET utf8mb4 COLLATE utf8mb4_unicode_ci NOT NULL COMMENT 'Java 属性名',
  `dict_type` varchar(200) CHARACTER SET utf8mb4 COLLATE utf8mb4_unicode_ci NULL DEFAULT '' COMMENT '字典类型',
  `example` varchar(64) CHARACTER SET utf8mb4 COLLATE utf8mb4_unicode_ci NULL DEFAULT NULL COMMENT '数据示例',
  `create_operation` bit(1) NOT NULL COMMENT '是否为 Create 创建操作的字段',
  `update_operation` bit(1) NOT NULL COMMENT '是否为 Update 更新操作的字段',
  `list_operation` bit(1) NOT NULL COMMENT '是否为 List 查询操作的字段',
  `list_operation_condition` varchar(32) CHARACTER SET utf8mb4 COLLATE utf8mb4_unicode_ci NOT NULL DEFAULT '=' COMMENT 'List 查询操作的条件类型',
  `list_operation_result` bit(1) NOT NULL COMMENT '是否为 List 查询操作的返回字段',
  `html_type` varchar(32) CHARACTER SET utf8mb4 COLLATE utf8mb4_unicode_ci NOT NULL COMMENT '显示类型',
  `creator` varchar(64) CHARACTER SET utf8mb4 COLLATE utf8mb4_unicode_ci NULL DEFAULT '' COMMENT '创建者',
  `create_time` datetime NOT NULL DEFAULT CURRENT_TIMESTAMP COMMENT '创建时间',
  `updater` varchar(64) CHARACTER SET utf8mb4 COLLATE utf8mb4_unicode_ci NULL DEFAULT '' COMMENT '更新者',
  `update_time` datetime NOT NULL DEFAULT CURRENT_TIMESTAMP ON UPDATE CURRENT_TIMESTAMP COMMENT '更新时间',
  `deleted` bit(1) NOT NULL DEFAULT b'0' COMMENT '是否删除',
  PRIMARY KEY (`id`) USING BTREE
) ENGINE = InnoDB AUTO_INCREMENT = 2538 CHARACTER SET = utf8mb4 COLLATE = utf8mb4_unicode_ci COMMENT = '代码生成表字段定义' ROW_FORMAT = Dynamic;

-- ----------------------------
-- Records of infra_codegen_column
-- ----------------------------

-- ----------------------------
-- Table structure for infra_codegen_table
-- ----------------------------
DROP TABLE IF EXISTS `infra_codegen_table`;
CREATE TABLE `infra_codegen_table`  (
  `id` bigint NOT NULL AUTO_INCREMENT COMMENT '编号',
  `data_source_config_id` bigint NOT NULL COMMENT '数据源配置的编号',
  `scene` tinyint NOT NULL DEFAULT 1 COMMENT '生成场景',
  `table_name` varchar(200) CHARACTER SET utf8mb4 COLLATE utf8mb4_unicode_ci NOT NULL DEFAULT '' COMMENT '表名称',
  `table_comment` varchar(500) CHARACTER SET utf8mb4 COLLATE utf8mb4_unicode_ci NOT NULL DEFAULT '' COMMENT '表描述',
  `remark` varchar(500) CHARACTER SET utf8mb4 COLLATE utf8mb4_unicode_ci NULL DEFAULT NULL COMMENT '备注',
  `module_name` varchar(30) CHARACTER SET utf8mb4 COLLATE utf8mb4_unicode_ci NOT NULL COMMENT '模块名',
  `business_name` varchar(30) CHARACTER SET utf8mb4 COLLATE utf8mb4_unicode_ci NOT NULL COMMENT '业务名',
  `class_name` varchar(100) CHARACTER SET utf8mb4 COLLATE utf8mb4_unicode_ci NOT NULL DEFAULT '' COMMENT '类名称',
  `class_comment` varchar(50) CHARACTER SET utf8mb4 COLLATE utf8mb4_unicode_ci NOT NULL COMMENT '类描述',
  `author` varchar(50) CHARACTER SET utf8mb4 COLLATE utf8mb4_unicode_ci NOT NULL COMMENT '作者',
  `template_type` tinyint NOT NULL DEFAULT 1 COMMENT '模板类型',
  `front_type` tinyint NOT NULL COMMENT '前端类型',
  `parent_menu_id` bigint NULL DEFAULT NULL COMMENT '父菜单编号',
  `master_table_id` bigint NULL DEFAULT NULL COMMENT '主表的编号',
  `sub_join_column_id` bigint NULL DEFAULT NULL COMMENT '子表关联主表的字段编号',
  `sub_join_many` bit(1) NULL DEFAULT NULL COMMENT '主表与子表是否一对多',
  `tree_parent_column_id` bigint NULL DEFAULT NULL COMMENT '树表的父字段编号',
  `tree_name_column_id` bigint NULL DEFAULT NULL COMMENT '树表的名字字段编号',
  `creator` varchar(64) CHARACTER SET utf8mb4 COLLATE utf8mb4_unicode_ci NULL DEFAULT '' COMMENT '创建者',
  `create_time` datetime NOT NULL DEFAULT CURRENT_TIMESTAMP COMMENT '创建时间',
  `updater` varchar(64) CHARACTER SET utf8mb4 COLLATE utf8mb4_unicode_ci NULL DEFAULT '' COMMENT '更新者',
  `update_time` datetime NOT NULL DEFAULT CURRENT_TIMESTAMP ON UPDATE CURRENT_TIMESTAMP COMMENT '更新时间',
  `deleted` bit(1) NOT NULL DEFAULT b'0' COMMENT '是否删除',
  PRIMARY KEY (`id`) USING BTREE
) ENGINE = InnoDB AUTO_INCREMENT = 191 CHARACTER SET = utf8mb4 COLLATE = utf8mb4_unicode_ci COMMENT = '代码生成表定义' ROW_FORMAT = Dynamic;

-- ----------------------------
-- Records of infra_codegen_table
-- ----------------------------

-- ----------------------------
-- Table structure for infra_config
-- ----------------------------
DROP TABLE IF EXISTS `infra_config`;
CREATE TABLE `infra_config`  (
  `id` bigint NOT NULL AUTO_INCREMENT COMMENT '参数主键',
  `category` varchar(50) CHARACTER SET utf8mb4 COLLATE utf8mb4_unicode_ci NOT NULL COMMENT '参数分组',
  `type` tinyint NOT NULL COMMENT '参数类型',
  `name` varchar(100) CHARACTER SET utf8mb4 COLLATE utf8mb4_unicode_ci NOT NULL DEFAULT '' COMMENT '参数名称',
  `config_key` varchar(100) CHARACTER SET utf8mb4 COLLATE utf8mb4_unicode_ci NOT NULL DEFAULT '' COMMENT '参数键名',
  `value` varchar(500) CHARACTER SET utf8mb4 COLLATE utf8mb4_unicode_ci NOT NULL DEFAULT '' COMMENT '参数键值',
  `visible` bit(1) NOT NULL COMMENT '是否可见',
  `remark` varchar(500) CHARACTER SET utf8mb4 COLLATE utf8mb4_unicode_ci NULL DEFAULT NULL COMMENT '备注',
  `creator` varchar(64) CHARACTER SET utf8mb4 COLLATE utf8mb4_unicode_ci NULL DEFAULT '' COMMENT '创建者',
  `create_time` datetime NOT NULL DEFAULT CURRENT_TIMESTAMP COMMENT '创建时间',
  `updater` varchar(64) CHARACTER SET utf8mb4 COLLATE utf8mb4_unicode_ci NULL DEFAULT '' COMMENT '更新者',
  `update_time` datetime NOT NULL DEFAULT CURRENT_TIMESTAMP ON UPDATE CURRENT_TIMESTAMP COMMENT '更新时间',
  `deleted` bit(1) NOT NULL DEFAULT b'0' COMMENT '是否删除',
  PRIMARY KEY (`id`) USING BTREE
) ENGINE = InnoDB AUTO_INCREMENT = 14 CHARACTER SET = utf8mb4 COLLATE = utf8mb4_unicode_ci COMMENT = '参数配置表' ROW_FORMAT = Dynamic;

-- ----------------------------
-- Records of infra_config
-- ----------------------------
INSERT INTO `infra_config` VALUES (2, 'biz', 1, '用户管理-账号初始密码', 'system.user.init-password', '123456', b'0', '初始化密码 123456', 'admin', '2021-01-05 17:03:48', '1', '2024-07-20 17:22:47', b'0');
INSERT INTO `infra_config` VALUES (7, 'url', 2, 'MySQL 监控的地址', 'url.druid', '', b'1', '', '1', '2023-04-07 13:41:16', '1', '2023-04-07 14:33:38', b'0');
INSERT INTO `infra_config` VALUES (8, 'url', 2, 'SkyWalking 监控的地址', 'url.skywalking', '', b'1', '', '1', '2023-04-07 13:41:16', '1', '2023-04-07 14:57:03', b'0');
INSERT INTO `infra_config` VALUES (9, 'url', 2, 'Spring Boot Admin 监控的地址', 'url.spring-boot-admin', '', b'1', '', '1', '2023-04-07 13:41:16', '1', '2023-04-07 14:52:07', b'0');
INSERT INTO `infra_config` VALUES (10, 'url', 2, 'Swagger 接口文档的地址', 'url.swagger', '', b'1', '', '1', '2023-04-07 13:41:16', '1', '2023-04-07 14:59:00', b'0');
INSERT INTO `infra_config` VALUES (11, 'ui', 2, '腾讯地图 key', 'tencent.lbs.key', 'TVDBZ-TDILD-4ON4B-PFDZA-RNLKH-VVF6E', b'1', '腾讯地图 key', '1', '2023-06-03 19:16:27', '1', '2023-06-03 19:16:27', b'0');
INSERT INTO `infra_config` VALUES (12, 'test2', 2, 'test3', 'test4', 'test5', b'1', 'test6', '1', '2023-12-03 09:55:16', '1', '2025-04-06 21:00:09', b'0');
INSERT INTO `infra_config` VALUES (13, '用户管理-账号初始密码', 2, '用户管理-注册开关', 'system.user.register-enabled', 'true', b'0', '', '1', '2025-04-26 17:23:41', '1', '2025-04-26 17:23:41', b'0');

-- ----------------------------
-- Table structure for infra_data_source_config
-- ----------------------------
DROP TABLE IF EXISTS `infra_data_source_config`;
CREATE TABLE `infra_data_source_config`  (
  `id` bigint NOT NULL AUTO_INCREMENT COMMENT '主键编号',
  `name` varchar(100) CHARACTER SET utf8mb4 COLLATE utf8mb4_unicode_ci NOT NULL DEFAULT '' COMMENT '参数名称',
  `url` varchar(1024) CHARACTER SET utf8mb4 COLLATE utf8mb4_unicode_ci NOT NULL COMMENT '数据源连接',
  `username` varchar(255) CHARACTER SET utf8mb4 COLLATE utf8mb4_unicode_ci NOT NULL COMMENT '用户名',
  `password` varchar(255) CHARACTER SET utf8mb4 COLLATE utf8mb4_unicode_ci NOT NULL DEFAULT '' COMMENT '密码',
  `creator` varchar(64) CHARACTER SET utf8mb4 COLLATE utf8mb4_unicode_ci NULL DEFAULT '' COMMENT '创建者',
  `create_time` datetime NOT NULL DEFAULT CURRENT_TIMESTAMP COMMENT '创建时间',
  `updater` varchar(64) CHARACTER SET utf8mb4 COLLATE utf8mb4_unicode_ci NULL DEFAULT '' COMMENT '更新者',
  `update_time` datetime NOT NULL DEFAULT CURRENT_TIMESTAMP ON UPDATE CURRENT_TIMESTAMP COMMENT '更新时间',
  `deleted` bit(1) NOT NULL DEFAULT b'0' COMMENT '是否删除',
  PRIMARY KEY (`id`) USING BTREE
) ENGINE = InnoDB AUTO_INCREMENT = 15 CHARACTER SET = utf8mb4 COLLATE = utf8mb4_unicode_ci COMMENT = '数据源配置表' ROW_FORMAT = Dynamic;

-- ----------------------------
-- Records of infra_data_source_config
-- ----------------------------

-- ----------------------------
-- Table structure for infra_file
-- ----------------------------
DROP TABLE IF EXISTS `infra_file`;
CREATE TABLE `infra_file`  (
  `id` bigint NOT NULL AUTO_INCREMENT COMMENT '文件编号',
  `config_id` bigint NULL DEFAULT NULL COMMENT '配置编号',
  `name` varchar(256) CHARACTER SET utf8mb4 COLLATE utf8mb4_unicode_ci NULL DEFAULT NULL COMMENT '文件名',
  `path` varchar(512) CHARACTER SET utf8mb4 COLLATE utf8mb4_unicode_ci NOT NULL COMMENT '文件路径',
  `url` varchar(1024) CHARACTER SET utf8mb4 COLLATE utf8mb4_unicode_ci NOT NULL COMMENT '文件 URL',
  `type` varchar(128) CHARACTER SET utf8mb4 COLLATE utf8mb4_unicode_ci NULL DEFAULT NULL COMMENT '文件类型',
  `size` int NOT NULL COMMENT '文件大小',
  `creator` varchar(64) CHARACTER SET utf8mb4 COLLATE utf8mb4_unicode_ci NULL DEFAULT '' COMMENT '创建者',
  `create_time` datetime NOT NULL DEFAULT CURRENT_TIMESTAMP COMMENT '创建时间',
  `updater` varchar(64) CHARACTER SET utf8mb4 COLLATE utf8mb4_unicode_ci NULL DEFAULT '' COMMENT '更新者',
  `update_time` datetime NOT NULL DEFAULT CURRENT_TIMESTAMP ON UPDATE CURRENT_TIMESTAMP COMMENT '更新时间',
  `deleted` bit(1) NOT NULL DEFAULT b'0' COMMENT '是否删除',
  PRIMARY KEY (`id`) USING BTREE
) ENGINE = InnoDB AUTO_INCREMENT = 1898 CHARACTER SET = utf8mb4 COLLATE = utf8mb4_unicode_ci COMMENT = '文件表' ROW_FORMAT = Dynamic;

-- ----------------------------
-- Records of infra_file
-- ----------------------------
INSERT INTO `infra_file` VALUES (1898, 22, '屏幕截图 2025-06-09 095045.png', '20250823/屏幕截图 2025-06-09 095045_1755924106672.png', 'http://test.easyboot.iocoder.cn/20250823/屏幕截图 2025-06-09 095045_1755924106672.png', 'image/png', 132, '1', '2025-08-23 12:41:48', '1', '2025-08-23 12:41:48', b'0');

-- ----------------------------
-- Table structure for infra_file_config
-- ----------------------------
DROP TABLE IF EXISTS `infra_file_config`;
CREATE TABLE `infra_file_config`  (
  `id` bigint NOT NULL AUTO_INCREMENT COMMENT '编号',
  `name` varchar(63) CHARACTER SET utf8mb4 COLLATE utf8mb4_unicode_ci NOT NULL COMMENT '配置名',
  `storage` tinyint NOT NULL COMMENT '存储器',
  `remark` varchar(255) CHARACTER SET utf8mb4 COLLATE utf8mb4_unicode_ci NULL DEFAULT NULL COMMENT '备注',
  `master` bit(1) NOT NULL COMMENT '是否为主配置',
  `config` varchar(4096) CHARACTER SET utf8mb4 COLLATE utf8mb4_unicode_ci NOT NULL COMMENT '存储配置',
  `creator` varchar(64) CHARACTER SET utf8mb4 COLLATE utf8mb4_unicode_ci NULL DEFAULT '' COMMENT '创建者',
  `create_time` datetime NOT NULL DEFAULT CURRENT_TIMESTAMP COMMENT '创建时间',
  `updater` varchar(64) CHARACTER SET utf8mb4 COLLATE utf8mb4_unicode_ci NULL DEFAULT '' COMMENT '更新者',
  `update_time` datetime NOT NULL DEFAULT CURRENT_TIMESTAMP ON UPDATE CURRENT_TIMESTAMP COMMENT '更新时间',
  `deleted` bit(1) NOT NULL DEFAULT b'0' COMMENT '是否删除',
  PRIMARY KEY (`id`) USING BTREE
) ENGINE = InnoDB AUTO_INCREMENT = 31 CHARACTER SET = utf8mb4 COLLATE = utf8mb4_unicode_ci COMMENT = '文件配置表' ROW_FORMAT = Dynamic;

-- ----------------------------
-- Records of infra_file_config
-- ----------------------------
INSERT INTO `infra_file_config` VALUES (4, '数据库（示例）', 1, '我是数据库', b'0', '{\"@class\":\"com.weiwan.box.module.infra.framework.file.core.client.db.DBFileClientConfig\",\"domain\":\"http://127.0.0.1:48080\"}', '1', '2022-03-15 23:56:24', '1', '2025-05-02 18:30:28', b'0');
INSERT INTO `infra_file_config` VALUES (22, '七牛存储器（示例）', 20, '请换成你自己的密钥！！！', b'1', '{\"@class\":\"com.weiwan.box.module.infra.framework.file.core.client.s3.S3FileClientConfig\",\"endpoint\":\"s3.cn-south-1.qiniucs.com\",\"domain\":\"http://test.easyboot.iocoder.cn\",\"bucket\":\"ruoyi-vue-pro\",\"accessKey\":\"3TvrJ70gl2Gt6IBe7_IZT1F6i_k0iMuRtyEv4EyS\",\"accessSecret\":\"wd0tbVBYlp0S-ihA8Qg2hPLncoP83wyrIq24OZuY\",\"enablePathStyleAccess\":false}', '1', '2024-01-13 22:11:12', '1', '2025-05-02 18:30:28', b'0');
INSERT INTO `infra_file_config` VALUES (24, '腾讯云存储（示例）', 20, '请换成你的密钥！！！', b'0', '{\"@class\":\"com.weiwan.box.module.infra.framework.file.core.client.s3.S3FileClientConfig\",\"endpoint\":\"https://cos.ap-shanghai.myqcloud.com\",\"domain\":\"http://tengxun-oss.iocoder.cn\",\"bucket\":\"aoteman-1255880240\",\"accessKey\":\"AKIDAF6WSh1uiIjwqtrOsGSN3WryqTM6cTMt\",\"accessSecret\":\"X\"}', '1', '2024-11-09 16:03:22', '1', '2025-05-02 18:30:28', b'0');
INSERT INTO `infra_file_config` VALUES (25, '阿里云存储（示例）', 20, '', b'0', '{\"@class\":\"com.weiwan.box.module.infra.framework.file.core.client.s3.S3FileClientConfig\",\"endpoint\":\"oss-cn-beijing.aliyuncs.com\",\"domain\":\"http://ali-oss.iocoder.cn\",\"bucket\":\"yunai-aoteman\",\"accessKey\":\"LTAI5tEQLgnDyjh3WpNcdMKA\",\"accessSecret\":\"X\",\"enablePathStyleAccess\":false}', '1', '2024-11-09 16:47:08', '1', '2025-05-02 18:30:28', b'0');
INSERT INTO `infra_file_config` VALUES (26, '火山云存储（示例）', 20, '', b'0', '{\"@class\":\"com.weiwan.box.module.infra.framework.file.core.client.s3.S3FileClientConfig\",\"endpoint\":\"tos-s3-cn-beijing.volces.com\",\"domain\":null,\"bucket\":\"yunai\",\"accessKey\":\"AKLTZjc3Zjc4MzZmMjU3NDk0ZTgxYmIyMmFkNTIwMDI1ZGE\",\"accessSecret\":\"X==\",\"enablePathStyleAccess\":false}', '1', '2024-11-09 16:56:42', '1', '2025-05-02 18:30:28', b'0');
INSERT INTO `infra_file_config` VALUES (27, '华为云存储（示例）', 20, '', b'0', '{\"@class\":\"com.weiwan.box.module.infra.framework.file.core.client.s3.S3FileClientConfig\",\"endpoint\":\"obs.cn-east-3.myhuaweicloud.com\",\"domain\":\"\",\"bucket\":\"easyboot\",\"accessKey\":\"PVDONDEIOTW88LF8DC4U\",\"accessSecret\":\"X\",\"enablePathStyleAccess\":false}', '1', '2024-11-09 17:18:41', '1', '2025-05-02 18:30:28', b'0');
INSERT INTO `infra_file_config` VALUES (28, 'MinIO 存储（示例）', 20, '', b'0', '{\"@class\":\"com.weiwan.box.module.infra.framework.file.core.client.s3.S3FileClientConfig\",\"endpoint\":\"http://127.0.0.1:9000\",\"domain\":\"http://127.0.0.1:9000/easyboot\",\"bucket\":\"easyboot\",\"accessKey\":\"admin\",\"accessSecret\":\"password\",\"enablePathStyleAccess\":false}', '1', '2024-11-09 17:43:10', '1', '2025-05-02 18:30:28', b'0');
INSERT INTO `infra_file_config` VALUES (29, '本地存储（示例）', 10, '仅适合 mac 或 windows', b'0', '{\"@class\":\"com.weiwan.box.module.infra.framework.file.core.client.local.LocalFileClientConfig\",\"basePath\":\"/Users/yunai/tmp/file\",\"domain\":\"http://127.0.0.1:48080\"}', '1', '2025-05-02 11:25:45', '1', '2025-05-02 18:30:28', b'0');
INSERT INTO `infra_file_config` VALUES (30, 'SFTP 存储（示例）', 12, '', b'0', '{\"@class\":\"com.weiwan.box.module.infra.framework.file.core.client.sftp.SftpFileClientConfig\",\"basePath\":\"/upload\",\"domain\":\"http://127.0.0.1:48080\",\"host\":\"127.0.0.1\",\"port\":2222,\"username\":\"foo\",\"password\":\"pass\"}', '1', '2025-05-02 16:34:10', '1', '2025-05-02 18:30:28', b'0');

-- ----------------------------
-- Table structure for infra_file_content
-- ----------------------------
DROP TABLE IF EXISTS `infra_file_content`;
CREATE TABLE `infra_file_content`  (
  `id` bigint NOT NULL AUTO_INCREMENT COMMENT '编号',
  `config_id` bigint NOT NULL COMMENT '配置编号',
  `path` varchar(512) CHARACTER SET utf8mb4 COLLATE utf8mb4_unicode_ci NOT NULL COMMENT '文件路径',
  `content` mediumblob NOT NULL COMMENT '文件内容',
  `creator` varchar(64) CHARACTER SET utf8mb4 COLLATE utf8mb4_unicode_ci NULL DEFAULT '' COMMENT '创建者',
  `create_time` datetime NOT NULL DEFAULT CURRENT_TIMESTAMP COMMENT '创建时间',
  `updater` varchar(64) CHARACTER SET utf8mb4 COLLATE utf8mb4_unicode_ci NULL DEFAULT '' COMMENT '更新者',
  `update_time` datetime NOT NULL DEFAULT CURRENT_TIMESTAMP ON UPDATE CURRENT_TIMESTAMP COMMENT '更新时间',
  `deleted` bit(1) NOT NULL DEFAULT b'0' COMMENT '是否删除',
  PRIMARY KEY (`id`) USING BTREE
) ENGINE = InnoDB AUTO_INCREMENT = 286 CHARACTER SET = utf8mb4 COLLATE = utf8mb4_unicode_ci COMMENT = '文件表' ROW_FORMAT = Dynamic;

-- ----------------------------
-- Records of infra_file_content
-- ----------------------------

-- ----------------------------
-- Table structure for infra_job
-- ----------------------------
DROP TABLE IF EXISTS `infra_job`;
CREATE TABLE `infra_job`  (
  `id` bigint NOT NULL AUTO_INCREMENT COMMENT '任务编号',
  `name` varchar(32) CHARACTER SET utf8mb4 COLLATE utf8mb4_unicode_ci NOT NULL COMMENT '任务名称',
  `status` tinyint NOT NULL COMMENT '任务状态',
  `handler_name` varchar(64) CHARACTER SET utf8mb4 COLLATE utf8mb4_unicode_ci NOT NULL COMMENT '处理器的名字',
  `handler_param` varchar(255) CHARACTER SET utf8mb4 COLLATE utf8mb4_unicode_ci NULL DEFAULT NULL COMMENT '处理器的参数',
  `cron_expression` varchar(32) CHARACTER SET utf8mb4 COLLATE utf8mb4_unicode_ci NOT NULL COMMENT 'CRON 表达式',
  `retry_count` int NOT NULL DEFAULT 0 COMMENT '重试次数',
  `retry_interval` int NOT NULL DEFAULT 0 COMMENT '重试间隔',
  `monitor_timeout` int NOT NULL DEFAULT 0 COMMENT '监控超时时间',
  `creator` varchar(64) CHARACTER SET utf8mb4 COLLATE utf8mb4_unicode_ci NULL DEFAULT '' COMMENT '创建者',
  `create_time` datetime NOT NULL DEFAULT CURRENT_TIMESTAMP COMMENT '创建时间',
  `updater` varchar(64) CHARACTER SET utf8mb4 COLLATE utf8mb4_unicode_ci NULL DEFAULT '' COMMENT '更新者',
  `update_time` datetime NOT NULL DEFAULT CURRENT_TIMESTAMP ON UPDATE CURRENT_TIMESTAMP COMMENT '更新时间',
  `deleted` bit(1) NOT NULL DEFAULT b'0' COMMENT '是否删除',
  PRIMARY KEY (`id`) USING BTREE
) ENGINE = InnoDB AUTO_INCREMENT = 36 CHARACTER SET = utf8mb4 COLLATE = utf8mb4_unicode_ci COMMENT = '定时任务表' ROW_FORMAT = Dynamic;

-- ----------------------------
-- Records of infra_job
-- ----------------------------
INSERT INTO `infra_job` VALUES (5, '支付通知 Job', 2, 'payNotifyJob', NULL, '* * * * * ?', 0, 0, 0, '1', '2021-10-27 08:34:42', '1', '2024-09-12 13:32:48', b'0');
INSERT INTO `infra_job` VALUES (17, '支付订单同步 Job', 2, 'payOrderSyncJob', NULL, '0 0/1 * * * ?', 0, 0, 0, '1', '2023-07-22 14:36:26', '1', '2023-07-22 15:39:08', b'0');
INSERT INTO `infra_job` VALUES (18, '支付订单过期 Job', 2, 'payOrderExpireJob', NULL, '0 0/1 * * * ?', 0, 0, 0, '1', '2023-07-22 15:36:23', '1', '2023-07-22 15:39:54', b'0');
INSERT INTO `infra_job` VALUES (19, '退款订单的同步 Job', 2, 'payRefundSyncJob', NULL, '0 0/1 * * * ?', 0, 0, 0, '1', '2023-07-23 21:03:44', '1', '2023-07-23 21:09:00', b'0');
INSERT INTO `infra_job` VALUES (21, '交易订单的自动过期 Job', 2, 'tradeOrderAutoCancelJob', '', '0 * * * * ?', 3, 0, 0, '1', '2023-09-25 23:43:26', '1', '2023-09-26 19:23:30', b'0');
INSERT INTO `infra_job` VALUES (22, '交易订单的自动收货 Job', 2, 'tradeOrderAutoReceiveJob', '', '0 * * * * ?', 3, 0, 0, '1', '2023-09-26 19:23:53', '1', '2023-09-26 23:38:08', b'0');
INSERT INTO `infra_job` VALUES (23, '交易订单的自动评论 Job', 2, 'tradeOrderAutoCommentJob', '', '0 * * * * ?', 3, 0, 0, '1', '2023-09-26 23:38:29', '1', '2023-09-27 11:03:10', b'0');
INSERT INTO `infra_job` VALUES (24, '佣金解冻 Job', 2, 'brokerageRecordUnfreezeJob', '', '0 * * * * ?', 3, 0, 0, '1', '2023-09-28 22:01:46', '1', '2023-09-28 22:01:56', b'0');
INSERT INTO `infra_job` VALUES (25, '访问日志清理 Job', 2, 'accessLogCleanJob', '', '0 0 0 * * ?', 3, 0, 0, '1', '2023-10-03 10:59:41', '1', '2023-10-03 11:01:10', b'0');
INSERT INTO `infra_job` VALUES (26, '错误日志清理 Job', 2, 'errorLogCleanJob', '', '0 0 0 * * ?', 3, 0, 0, '1', '2023-10-03 11:00:43', '1', '2023-10-03 11:01:12', b'0');
INSERT INTO `infra_job` VALUES (27, '任务日志清理 Job', 2, 'jobLogCleanJob', '', '0 0 0 * * ?', 3, 0, 0, '1', '2023-10-03 11:01:33', '1', '2024-09-12 13:40:34', b'0');
INSERT INTO `infra_job` VALUES (33, 'demoJob', 2, 'demoJob', '', '0 * * * * ?', 1, 1, 0, '1', '2024-10-27 19:38:46', '1', '2025-05-10 18:13:54', b'0');
INSERT INTO `infra_job` VALUES (35, '转账订单的同步 Job', 2, 'payTransferSyncJob', '', '0 * * * * ?', 0, 0, 0, '1', '2025-05-10 17:35:54', '1', '2025-05-10 18:13:52', b'0');

-- ----------------------------
-- Table structure for infra_job_log
-- ----------------------------
DROP TABLE IF EXISTS `infra_job_log`;
CREATE TABLE `infra_job_log`  (
  `id` bigint NOT NULL AUTO_INCREMENT COMMENT '日志编号',
  `job_id` bigint NOT NULL COMMENT '任务编号',
  `handler_name` varchar(64) CHARACTER SET utf8mb4 COLLATE utf8mb4_unicode_ci NOT NULL COMMENT '处理器的名字',
  `handler_param` varchar(255) CHARACTER SET utf8mb4 COLLATE utf8mb4_unicode_ci NULL DEFAULT NULL COMMENT '处理器的参数',
  `execute_index` tinyint NOT NULL DEFAULT 1 COMMENT '第几次执行',
  `begin_time` datetime NOT NULL COMMENT '开始执行时间',
  `end_time` datetime NULL DEFAULT NULL COMMENT '结束执行时间',
  `duration` int NULL DEFAULT NULL COMMENT '执行时长',
  `status` tinyint NOT NULL COMMENT '任务状态',
  `result` varchar(4000) CHARACTER SET utf8mb4 COLLATE utf8mb4_unicode_ci NULL DEFAULT '' COMMENT '结果数据',
  `creator` varchar(64) CHARACTER SET utf8mb4 COLLATE utf8mb4_unicode_ci NULL DEFAULT '' COMMENT '创建者',
  `create_time` datetime NOT NULL DEFAULT CURRENT_TIMESTAMP COMMENT '创建时间',
  `updater` varchar(64) CHARACTER SET utf8mb4 COLLATE utf8mb4_unicode_ci NULL DEFAULT '' COMMENT '更新者',
  `update_time` datetime NOT NULL DEFAULT CURRENT_TIMESTAMP ON UPDATE CURRENT_TIMESTAMP COMMENT '更新时间',
  `deleted` bit(1) NOT NULL DEFAULT b'0' COMMENT '是否删除',
  PRIMARY KEY (`id`) USING BTREE
) ENGINE = InnoDB AUTO_INCREMENT = 972 CHARACTER SET = utf8mb4 COLLATE = utf8mb4_unicode_ci COMMENT = '定时任务日志表' ROW_FORMAT = Dynamic;

-- ----------------------------
-- Records of infra_job_log
-- ----------------------------

-- ----------------------------
-- Table structure for qrtz_blob_triggers
-- ----------------------------
DROP TABLE IF EXISTS `qrtz_blob_triggers`;
CREATE TABLE `qrtz_blob_triggers`  (
  `SCHED_NAME` varchar(120) CHARACTER SET utf8mb4 COLLATE utf8mb4_unicode_ci NOT NULL,
  `TRIGGER_NAME` varchar(190) CHARACTER SET utf8mb4 COLLATE utf8mb4_unicode_ci NOT NULL,
  `TRIGGER_GROUP` varchar(190) CHARACTER SET utf8mb4 COLLATE utf8mb4_unicode_ci NOT NULL,
  `BLOB_DATA` blob NULL,
  PRIMARY KEY (`SCHED_NAME`, `TRIGGER_NAME`, `TRIGGER_GROUP`) USING BTREE,
  INDEX `SCHED_NAME`(`SCHED_NAME`, `TRIGGER_NAME`, `TRIGGER_GROUP`) USING BTREE,
  CONSTRAINT `qrtz_blob_triggers_ibfk_1` FOREIGN KEY (`SCHED_NAME`, `TRIGGER_NAME`, `TRIGGER_GROUP`) REFERENCES `qrtz_triggers` (`SCHED_NAME`, `TRIGGER_NAME`, `TRIGGER_GROUP`) ON DELETE RESTRICT ON UPDATE RESTRICT
) ENGINE = InnoDB CHARACTER SET = utf8mb4 COLLATE = utf8mb4_unicode_ci ROW_FORMAT = Dynamic;

-- ----------------------------
-- Records of qrtz_blob_triggers
-- ----------------------------

-- ----------------------------
-- Table structure for qrtz_calendars
-- ----------------------------
DROP TABLE IF EXISTS `qrtz_calendars`;
CREATE TABLE `qrtz_calendars`  (
  `SCHED_NAME` varchar(120) CHARACTER SET utf8mb4 COLLATE utf8mb4_unicode_ci NOT NULL,
  `CALENDAR_NAME` varchar(190) CHARACTER SET utf8mb4 COLLATE utf8mb4_unicode_ci NOT NULL,
  `CALENDAR` blob NOT NULL,
  PRIMARY KEY (`SCHED_NAME`, `CALENDAR_NAME`) USING BTREE
) ENGINE = InnoDB CHARACTER SET = utf8mb4 COLLATE = utf8mb4_unicode_ci ROW_FORMAT = Dynamic;

-- ----------------------------
-- Records of qrtz_calendars
-- ----------------------------

-- ----------------------------
-- Table structure for qrtz_cron_triggers
-- ----------------------------
DROP TABLE IF EXISTS `qrtz_cron_triggers`;
CREATE TABLE `qrtz_cron_triggers`  (
  `SCHED_NAME` varchar(120) CHARACTER SET utf8mb4 COLLATE utf8mb4_unicode_ci NOT NULL,
  `TRIGGER_NAME` varchar(190) CHARACTER SET utf8mb4 COLLATE utf8mb4_unicode_ci NOT NULL,
  `TRIGGER_GROUP` varchar(190) CHARACTER SET utf8mb4 COLLATE utf8mb4_unicode_ci NOT NULL,
  `CRON_EXPRESSION` varchar(120) CHARACTER SET utf8mb4 COLLATE utf8mb4_unicode_ci NOT NULL,
  `TIME_ZONE_ID` varchar(80) CHARACTER SET utf8mb4 COLLATE utf8mb4_unicode_ci NULL DEFAULT NULL,
  PRIMARY KEY (`SCHED_NAME`, `TRIGGER_NAME`, `TRIGGER_GROUP`) USING BTREE,
  CONSTRAINT `qrtz_cron_triggers_ibfk_1` FOREIGN KEY (`SCHED_NAME`, `TRIGGER_NAME`, `TRIGGER_GROUP`) REFERENCES `qrtz_triggers` (`SCHED_NAME`, `TRIGGER_NAME`, `TRIGGER_GROUP`) ON DELETE RESTRICT ON UPDATE RESTRICT
) ENGINE = InnoDB CHARACTER SET = utf8mb4 COLLATE = utf8mb4_unicode_ci ROW_FORMAT = Dynamic;

-- ----------------------------
-- Records of qrtz_cron_triggers
-- ----------------------------
INSERT INTO `qrtz_cron_triggers` VALUES ('schedulerName', 'accessLogCleanJob', 'DEFAULT', '0 0 0 * * ?', 'Asia/Shanghai');
INSERT INTO `qrtz_cron_triggers` VALUES ('schedulerName', 'brokerageRecordUnfreezeJob', 'DEFAULT', '0 * * * * ?', 'Asia/Shanghai');
INSERT INTO `qrtz_cron_triggers` VALUES ('schedulerName', 'errorLogCleanJob', 'DEFAULT', '0 0 0 * * ?', 'Asia/Shanghai');
INSERT INTO `qrtz_cron_triggers` VALUES ('schedulerName', 'jobLogCleanJob', 'DEFAULT', '0 0 0 * * ?', 'Asia/Shanghai');
INSERT INTO `qrtz_cron_triggers` VALUES ('schedulerName', 'payNotifyJob', 'DEFAULT', '* * * * * ?', 'Asia/Shanghai');
INSERT INTO `qrtz_cron_triggers` VALUES ('schedulerName', 'payOrderExpireJob', 'DEFAULT', '0 0/1 * * * ?', 'Asia/Shanghai');
INSERT INTO `qrtz_cron_triggers` VALUES ('schedulerName', 'payOrderSyncJob', 'DEFAULT', '0 0/1 * * * ?', 'Asia/Shanghai');
INSERT INTO `qrtz_cron_triggers` VALUES ('schedulerName', 'payRefundSyncJob', 'DEFAULT', '0 0/1 * * * ?', 'Asia/Shanghai');
INSERT INTO `qrtz_cron_triggers` VALUES ('schedulerName', 'tradeOrderAutoCancelJob', 'DEFAULT', '0 * * * * ?', 'Asia/Shanghai');
INSERT INTO `qrtz_cron_triggers` VALUES ('schedulerName', 'tradeOrderAutoCommentJob', 'DEFAULT', '0 * * * * ?', 'Asia/Shanghai');
INSERT INTO `qrtz_cron_triggers` VALUES ('schedulerName', 'tradeOrderAutoReceiveJob', 'DEFAULT', '0 * * * * ?', 'Asia/Shanghai');

-- ----------------------------
-- Table structure for qrtz_fired_triggers
-- ----------------------------
DROP TABLE IF EXISTS `qrtz_fired_triggers`;
CREATE TABLE `qrtz_fired_triggers`  (
  `SCHED_NAME` varchar(120) CHARACTER SET utf8mb4 COLLATE utf8mb4_unicode_ci NOT NULL,
  `ENTRY_ID` varchar(95) CHARACTER SET utf8mb4 COLLATE utf8mb4_unicode_ci NOT NULL,
  `TRIGGER_NAME` varchar(190) CHARACTER SET utf8mb4 COLLATE utf8mb4_unicode_ci NOT NULL,
  `TRIGGER_GROUP` varchar(190) CHARACTER SET utf8mb4 COLLATE utf8mb4_unicode_ci NOT NULL,
  `INSTANCE_NAME` varchar(190) CHARACTER SET utf8mb4 COLLATE utf8mb4_unicode_ci NOT NULL,
  `FIRED_TIME` bigint NOT NULL,
  `SCHED_TIME` bigint NOT NULL,
  `PRIORITY` int NOT NULL,
  `STATE` varchar(16) CHARACTER SET utf8mb4 COLLATE utf8mb4_unicode_ci NOT NULL,
  `JOB_NAME` varchar(190) CHARACTER SET utf8mb4 COLLATE utf8mb4_unicode_ci NULL DEFAULT NULL,
  `JOB_GROUP` varchar(190) CHARACTER SET utf8mb4 COLLATE utf8mb4_unicode_ci NULL DEFAULT NULL,
  `IS_NONCONCURRENT` varchar(1) CHARACTER SET utf8mb4 COLLATE utf8mb4_unicode_ci NULL DEFAULT NULL,
  `REQUESTS_RECOVERY` varchar(1) CHARACTER SET utf8mb4 COLLATE utf8mb4_unicode_ci NULL DEFAULT NULL,
  PRIMARY KEY (`SCHED_NAME`, `ENTRY_ID`) USING BTREE,
  INDEX `IDX_QRTZ_FT_TRIG_INST_NAME`(`SCHED_NAME`, `INSTANCE_NAME`) USING BTREE,
  INDEX `IDX_QRTZ_FT_INST_JOB_REQ_RCVRY`(`SCHED_NAME`, `INSTANCE_NAME`, `REQUESTS_RECOVERY`) USING BTREE,
  INDEX `IDX_QRTZ_FT_J_G`(`SCHED_NAME`, `JOB_NAME`, `JOB_GROUP`) USING BTREE,
  INDEX `IDX_QRTZ_FT_JG`(`SCHED_NAME`, `JOB_GROUP`) USING BTREE,
  INDEX `IDX_QRTZ_FT_T_G`(`SCHED_NAME`, `TRIGGER_NAME`, `TRIGGER_GROUP`) USING BTREE,
  INDEX `IDX_QRTZ_FT_TG`(`SCHED_NAME`, `TRIGGER_GROUP`) USING BTREE
) ENGINE = InnoDB CHARACTER SET = utf8mb4 COLLATE = utf8mb4_unicode_ci ROW_FORMAT = Dynamic;

-- ----------------------------
-- Records of qrtz_fired_triggers
-- ----------------------------

-- ----------------------------
-- Table structure for qrtz_job_details
-- ----------------------------
DROP TABLE IF EXISTS `qrtz_job_details`;
CREATE TABLE `qrtz_job_details`  (
  `SCHED_NAME` varchar(120) CHARACTER SET utf8mb4 COLLATE utf8mb4_unicode_ci NOT NULL,
  `JOB_NAME` varchar(190) CHARACTER SET utf8mb4 COLLATE utf8mb4_unicode_ci NOT NULL,
  `JOB_GROUP` varchar(190) CHARACTER SET utf8mb4 COLLATE utf8mb4_unicode_ci NOT NULL,
  `DESCRIPTION` varchar(250) CHARACTER SET utf8mb4 COLLATE utf8mb4_unicode_ci NULL DEFAULT NULL,
  `JOB_CLASS_NAME` varchar(250) CHARACTER SET utf8mb4 COLLATE utf8mb4_unicode_ci NOT NULL,
  `IS_DURABLE` varchar(1) CHARACTER SET utf8mb4 COLLATE utf8mb4_unicode_ci NOT NULL,
  `IS_NONCONCURRENT` varchar(1) CHARACTER SET utf8mb4 COLLATE utf8mb4_unicode_ci NOT NULL,
  `IS_UPDATE_DATA` varchar(1) CHARACTER SET utf8mb4 COLLATE utf8mb4_unicode_ci NOT NULL,
  `REQUESTS_RECOVERY` varchar(1) CHARACTER SET utf8mb4 COLLATE utf8mb4_unicode_ci NOT NULL,
  `JOB_DATA` blob NULL,
  PRIMARY KEY (`SCHED_NAME`, `JOB_NAME`, `JOB_GROUP`) USING BTREE,
  INDEX `IDX_QRTZ_J_REQ_RECOVERY`(`SCHED_NAME`, `REQUESTS_RECOVERY`) USING BTREE,
  INDEX `IDX_QRTZ_J_GRP`(`SCHED_NAME`, `JOB_GROUP`) USING BTREE
) ENGINE = InnoDB CHARACTER SET = utf8mb4 COLLATE = utf8mb4_unicode_ci ROW_FORMAT = Dynamic;

-- ----------------------------
-- Records of qrtz_job_details
-- ----------------------------
INSERT INTO `qrtz_job_details` VALUES ('schedulerName', 'accessLogCleanJob', 'DEFAULT', NULL, 'com.weiwan.box.framework.quartz.core.handler.JobHandlerInvoker', '0', '1', '1', '0', 0xACED0005737200156F72672E71756172747A2E4A6F62446174614D61709FB083E8BFA9B0CB020000787200266F72672E71756172747A2E7574696C732E537472696E674B65794469727479466C61674D61708208E8C3FBC55D280200015A0013616C6C6F77735472616E7369656E74446174617872001D6F72672E71756172747A2E7574696C732E4469727479466C61674D617013E62EAD28760ACE0200025A000564697274794C00036D617074000F4C6A6176612F7574696C2F4D61703B787001737200116A6176612E7574696C2E486173684D61700507DAC1C31660D103000246000A6C6F6164466163746F724900097468726573686F6C6478703F4000000000000C770800000010000000027400064A4F425F49447372000E6A6176612E6C616E672E4C6F6E673B8BE490CC8F23DF0200014A000576616C7565787200106A6176612E6C616E672E4E756D62657286AC951D0B94E08B020000787000000000000000197400104A4F425F48414E444C45525F4E414D457400116163636573734C6F67436C65616E4A6F627800);
INSERT INTO `qrtz_job_details` VALUES ('schedulerName', 'brokerageRecordUnfreezeJob', 'DEFAULT', NULL, 'com.weiwan.box.framework.quartz.core.handler.JobHandlerInvoker', '0', '1', '1', '0', 0xACED0005737200156F72672E71756172747A2E4A6F62446174614D61709FB083E8BFA9B0CB020000787200266F72672E71756172747A2E7574696C732E537472696E674B65794469727479466C61674D61708208E8C3FBC55D280200015A0013616C6C6F77735472616E7369656E74446174617872001D6F72672E71756172747A2E7574696C732E4469727479466C61674D617013E62EAD28760ACE0200025A000564697274794C00036D617074000F4C6A6176612F7574696C2F4D61703B787001737200116A6176612E7574696C2E486173684D61700507DAC1C31660D103000246000A6C6F6164466163746F724900097468726573686F6C6478703F4000000000000C770800000010000000027400064A4F425F49447372000E6A6176612E6C616E672E4C6F6E673B8BE490CC8F23DF0200014A000576616C7565787200106A6176612E6C616E672E4E756D62657286AC951D0B94E08B020000787000000000000000187400104A4F425F48414E444C45525F4E414D4574001A62726F6B65726167655265636F7264556E667265657A654A6F627800);
INSERT INTO `qrtz_job_details` VALUES ('schedulerName', 'errorLogCleanJob', 'DEFAULT', NULL, 'com.weiwan.box.framework.quartz.core.handler.JobHandlerInvoker', '0', '1', '1', '0', 0xACED0005737200156F72672E71756172747A2E4A6F62446174614D61709FB083E8BFA9B0CB020000787200266F72672E71756172747A2E7574696C732E537472696E674B65794469727479466C61674D61708208E8C3FBC55D280200015A0013616C6C6F77735472616E7369656E74446174617872001D6F72672E71756172747A2E7574696C732E4469727479466C61674D617013E62EAD28760ACE0200025A000564697274794C00036D617074000F4C6A6176612F7574696C2F4D61703B787001737200116A6176612E7574696C2E486173684D61700507DAC1C31660D103000246000A6C6F6164466163746F724900097468726573686F6C6478703F4000000000000C770800000010000000027400064A4F425F49447372000E6A6176612E6C616E672E4C6F6E673B8BE490CC8F23DF0200014A000576616C7565787200106A6176612E6C616E672E4E756D62657286AC951D0B94E08B0200007870000000000000001A7400104A4F425F48414E444C45525F4E414D457400106572726F724C6F67436C65616E4A6F627800);
INSERT INTO `qrtz_job_details` VALUES ('schedulerName', 'jobLogCleanJob', 'DEFAULT', NULL, 'com.weiwan.box.framework.quartz.core.handler.JobHandlerInvoker', '0', '1', '1', '0', 0xACED0005737200156F72672E71756172747A2E4A6F62446174614D61709FB083E8BFA9B0CB020000787200266F72672E71756172747A2E7574696C732E537472696E674B65794469727479466C61674D61708208E8C3FBC55D280200015A0013616C6C6F77735472616E7369656E74446174617872001D6F72672E71756172747A2E7574696C732E4469727479466C61674D617013E62EAD28760ACE0200025A000564697274794C00036D617074000F4C6A6176612F7574696C2F4D61703B787001737200116A6176612E7574696C2E486173684D61700507DAC1C31660D103000246000A6C6F6164466163746F724900097468726573686F6C6478703F4000000000000C770800000010000000027400064A4F425F49447372000E6A6176612E6C616E672E4C6F6E673B8BE490CC8F23DF0200014A000576616C7565787200106A6176612E6C616E672E4E756D62657286AC951D0B94E08B0200007870000000000000001B7400104A4F425F48414E444C45525F4E414D4574000E6A6F624C6F67436C65616E4A6F627800);
INSERT INTO `qrtz_job_details` VALUES ('schedulerName', 'payNotifyJob', 'DEFAULT', NULL, 'com.weiwan.box.framework.quartz.core.handler.JobHandlerInvoker', '0', '1', '1', '0', 0xACED0005737200156F72672E71756172747A2E4A6F62446174614D61709FB083E8BFA9B0CB020000787200266F72672E71756172747A2E7574696C732E537472696E674B65794469727479466C61674D61708208E8C3FBC55D280200015A0013616C6C6F77735472616E7369656E74446174617872001D6F72672E71756172747A2E7574696C732E4469727479466C61674D617013E62EAD28760ACE0200025A000564697274794C00036D617074000F4C6A6176612F7574696C2F4D61703B787001737200116A6176612E7574696C2E486173684D61700507DAC1C31660D103000246000A6C6F6164466163746F724900097468726573686F6C6478703F4000000000000C770800000010000000027400064A4F425F49447372000E6A6176612E6C616E672E4C6F6E673B8BE490CC8F23DF0200014A000576616C7565787200106A6176612E6C616E672E4E756D62657286AC951D0B94E08B020000787000000000000000057400104A4F425F48414E444C45525F4E414D4574000C7061794E6F746966794A6F627800);
INSERT INTO `qrtz_job_details` VALUES ('schedulerName', 'payOrderExpireJob', 'DEFAULT', NULL, 'com.weiwan.box.framework.quartz.core.handler.JobHandlerInvoker', '0', '1', '1', '0', 0xACED0005737200156F72672E71756172747A2E4A6F62446174614D61709FB083E8BFA9B0CB020000787200266F72672E71756172747A2E7574696C732E537472696E674B65794469727479466C61674D61708208E8C3FBC55D280200015A0013616C6C6F77735472616E7369656E74446174617872001D6F72672E71756172747A2E7574696C732E4469727479466C61674D617013E62EAD28760ACE0200025A000564697274794C00036D617074000F4C6A6176612F7574696C2F4D61703B787001737200116A6176612E7574696C2E486173684D61700507DAC1C31660D103000246000A6C6F6164466163746F724900097468726573686F6C6478703F4000000000000C770800000010000000027400064A4F425F49447372000E6A6176612E6C616E672E4C6F6E673B8BE490CC8F23DF0200014A000576616C7565787200106A6176612E6C616E672E4E756D62657286AC951D0B94E08B020000787000000000000000127400104A4F425F48414E444C45525F4E414D457400117061794F726465724578706972654A6F627800);
INSERT INTO `qrtz_job_details` VALUES ('schedulerName', 'payOrderSyncJob', 'DEFAULT', NULL, 'com.weiwan.box.framework.quartz.core.handler.JobHandlerInvoker', '0', '1', '1', '0', 0xACED0005737200156F72672E71756172747A2E4A6F62446174614D61709FB083E8BFA9B0CB020000787200266F72672E71756172747A2E7574696C732E537472696E674B65794469727479466C61674D61708208E8C3FBC55D280200015A0013616C6C6F77735472616E7369656E74446174617872001D6F72672E71756172747A2E7574696C732E4469727479466C61674D617013E62EAD28760ACE0200025A000564697274794C00036D617074000F4C6A6176612F7574696C2F4D61703B787001737200116A6176612E7574696C2E486173684D61700507DAC1C31660D103000246000A6C6F6164466163746F724900097468726573686F6C6478703F4000000000000C770800000010000000027400064A4F425F49447372000E6A6176612E6C616E672E4C6F6E673B8BE490CC8F23DF0200014A000576616C7565787200106A6176612E6C616E672E4E756D62657286AC951D0B94E08B020000787000000000000000117400104A4F425F48414E444C45525F4E414D4574000F7061794F7264657253796E634A6F627800);
INSERT INTO `qrtz_job_details` VALUES ('schedulerName', 'payRefundSyncJob', 'DEFAULT', NULL, 'com.weiwan.box.framework.quartz.core.handler.JobHandlerInvoker', '0', '1', '1', '0', 0xACED0005737200156F72672E71756172747A2E4A6F62446174614D61709FB083E8BFA9B0CB020000787200266F72672E71756172747A2E7574696C732E537472696E674B65794469727479466C61674D61708208E8C3FBC55D280200015A0013616C6C6F77735472616E7369656E74446174617872001D6F72672E71756172747A2E7574696C732E4469727479466C61674D617013E62EAD28760ACE0200025A000564697274794C00036D617074000F4C6A6176612F7574696C2F4D61703B787001737200116A6176612E7574696C2E486173684D61700507DAC1C31660D103000246000A6C6F6164466163746F724900097468726573686F6C6478703F4000000000000C770800000010000000027400064A4F425F49447372000E6A6176612E6C616E672E4C6F6E673B8BE490CC8F23DF0200014A000576616C7565787200106A6176612E6C616E672E4E756D62657286AC951D0B94E08B020000787000000000000000137400104A4F425F48414E444C45525F4E414D45740010706179526566756E6453796E634A6F627800);
INSERT INTO `qrtz_job_details` VALUES ('schedulerName', 'tradeOrderAutoCancelJob', 'DEFAULT', NULL, 'com.weiwan.box.framework.quartz.core.handler.JobHandlerInvoker', '0', '1', '1', '0', 0xACED0005737200156F72672E71756172747A2E4A6F62446174614D61709FB083E8BFA9B0CB020000787200266F72672E71756172747A2E7574696C732E537472696E674B65794469727479466C61674D61708208E8C3FBC55D280200015A0013616C6C6F77735472616E7369656E74446174617872001D6F72672E71756172747A2E7574696C732E4469727479466C61674D617013E62EAD28760ACE0200025A000564697274794C00036D617074000F4C6A6176612F7574696C2F4D61703B787001737200116A6176612E7574696C2E486173684D61700507DAC1C31660D103000246000A6C6F6164466163746F724900097468726573686F6C6478703F4000000000000C770800000010000000027400064A4F425F49447372000E6A6176612E6C616E672E4C6F6E673B8BE490CC8F23DF0200014A000576616C7565787200106A6176612E6C616E672E4E756D62657286AC951D0B94E08B020000787000000000000000157400104A4F425F48414E444C45525F4E414D4574001774726164654F726465724175746F43616E63656C4A6F627800);
INSERT INTO `qrtz_job_details` VALUES ('schedulerName', 'tradeOrderAutoCommentJob', 'DEFAULT', NULL, 'com.weiwan.box.framework.quartz.core.handler.JobHandlerInvoker', '0', '1', '1', '0', 0xACED0005737200156F72672E71756172747A2E4A6F62446174614D61709FB083E8BFA9B0CB020000787200266F72672E71756172747A2E7574696C732E537472696E674B65794469727479466C61674D61708208E8C3FBC55D280200015A0013616C6C6F77735472616E7369656E74446174617872001D6F72672E71756172747A2E7574696C732E4469727479466C61674D617013E62EAD28760ACE0200025A000564697274794C00036D617074000F4C6A6176612F7574696C2F4D61703B787001737200116A6176612E7574696C2E486173684D61700507DAC1C31660D103000246000A6C6F6164466163746F724900097468726573686F6C6478703F4000000000000C770800000010000000027400064A4F425F49447372000E6A6176612E6C616E672E4C6F6E673B8BE490CC8F23DF0200014A000576616C7565787200106A6176612E6C616E672E4E756D62657286AC951D0B94E08B020000787000000000000000177400104A4F425F48414E444C45525F4E414D4574001874726164654F726465724175746F436F6D6D656E744A6F627800);
INSERT INTO `qrtz_job_details` VALUES ('schedulerName', 'tradeOrderAutoReceiveJob', 'DEFAULT', NULL, 'com.weiwan.box.framework.quartz.core.handler.JobHandlerInvoker', '0', '1', '1', '0', 0xACED0005737200156F72672E71756172747A2E4A6F62446174614D61709FB083E8BFA9B0CB020000787200266F72672E71756172747A2E7574696C732E537472696E674B65794469727479466C61674D61708208E8C3FBC55D280200015A0013616C6C6F77735472616E7369656E74446174617872001D6F72672E71756172747A2E7574696C732E4469727479466C61674D617013E62EAD28760ACE0200025A000564697274794C00036D617074000F4C6A6176612F7574696C2F4D61703B787001737200116A6176612E7574696C2E486173684D61700507DAC1C31660D103000246000A6C6F6164466163746F724900097468726573686F6C6478703F4000000000000C770800000010000000027400064A4F425F49447372000E6A6176612E6C616E672E4C6F6E673B8BE490CC8F23DF0200014A000576616C7565787200106A6176612E6C616E672E4E756D62657286AC951D0B94E08B020000787000000000000000167400104A4F425F48414E444C45525F4E414D4574001874726164654F726465724175746F526563656976654A6F627800);

-- ----------------------------
-- Table structure for qrtz_locks
-- ----------------------------
DROP TABLE IF EXISTS `qrtz_locks`;
CREATE TABLE `qrtz_locks`  (
  `SCHED_NAME` varchar(120) CHARACTER SET utf8mb4 COLLATE utf8mb4_unicode_ci NOT NULL,
  `LOCK_NAME` varchar(40) CHARACTER SET utf8mb4 COLLATE utf8mb4_unicode_ci NOT NULL,
  PRIMARY KEY (`SCHED_NAME`, `LOCK_NAME`) USING BTREE
) ENGINE = InnoDB CHARACTER SET = utf8mb4 COLLATE = utf8mb4_unicode_ci ROW_FORMAT = Dynamic;

-- ----------------------------
-- Records of qrtz_locks
-- ----------------------------
INSERT INTO `qrtz_locks` VALUES ('schedulerName', 'STATE_ACCESS');
INSERT INTO `qrtz_locks` VALUES ('schedulerName', 'TRIGGER_ACCESS');

-- ----------------------------
-- Table structure for qrtz_paused_trigger_grps
-- ----------------------------
DROP TABLE IF EXISTS `qrtz_paused_trigger_grps`;
CREATE TABLE `qrtz_paused_trigger_grps`  (
  `SCHED_NAME` varchar(120) CHARACTER SET utf8mb4 COLLATE utf8mb4_unicode_ci NOT NULL,
  `TRIGGER_GROUP` varchar(190) CHARACTER SET utf8mb4 COLLATE utf8mb4_unicode_ci NOT NULL,
  PRIMARY KEY (`SCHED_NAME`, `TRIGGER_GROUP`) USING BTREE
) ENGINE = InnoDB CHARACTER SET = utf8mb4 COLLATE = utf8mb4_unicode_ci ROW_FORMAT = Dynamic;

-- ----------------------------
-- Records of qrtz_paused_trigger_grps
-- ----------------------------

-- ----------------------------
-- Table structure for qrtz_scheduler_state
-- ----------------------------
DROP TABLE IF EXISTS `qrtz_scheduler_state`;
CREATE TABLE `qrtz_scheduler_state`  (
  `SCHED_NAME` varchar(120) CHARACTER SET utf8mb4 COLLATE utf8mb4_unicode_ci NOT NULL,
  `INSTANCE_NAME` varchar(190) CHARACTER SET utf8mb4 COLLATE utf8mb4_unicode_ci NOT NULL,
  `LAST_CHECKIN_TIME` bigint NOT NULL,
  `CHECKIN_INTERVAL` bigint NOT NULL,
  PRIMARY KEY (`SCHED_NAME`, `INSTANCE_NAME`) USING BTREE
) ENGINE = InnoDB CHARACTER SET = utf8mb4 COLLATE = utf8mb4_unicode_ci ROW_FORMAT = Dynamic;

-- ----------------------------
-- Records of qrtz_scheduler_state
-- ----------------------------
INSERT INTO `qrtz_scheduler_state` VALUES ('schedulerName', 'MacBook-Pro.local1713489703551', 1713742509534, 15000);

-- ----------------------------
-- Table structure for qrtz_simple_triggers
-- ----------------------------
DROP TABLE IF EXISTS `qrtz_simple_triggers`;
CREATE TABLE `qrtz_simple_triggers`  (
  `SCHED_NAME` varchar(120) CHARACTER SET utf8mb4 COLLATE utf8mb4_unicode_ci NOT NULL,
  `TRIGGER_NAME` varchar(190) CHARACTER SET utf8mb4 COLLATE utf8mb4_unicode_ci NOT NULL,
  `TRIGGER_GROUP` varchar(190) CHARACTER SET utf8mb4 COLLATE utf8mb4_unicode_ci NOT NULL,
  `REPEAT_COUNT` bigint NOT NULL,
  `REPEAT_INTERVAL` bigint NOT NULL,
  `TIMES_TRIGGERED` bigint NOT NULL,
  PRIMARY KEY (`SCHED_NAME`, `TRIGGER_NAME`, `TRIGGER_GROUP`) USING BTREE,
  CONSTRAINT `qrtz_simple_triggers_ibfk_1` FOREIGN KEY (`SCHED_NAME`, `TRIGGER_NAME`, `TRIGGER_GROUP`) REFERENCES `qrtz_triggers` (`SCHED_NAME`, `TRIGGER_NAME`, `TRIGGER_GROUP`) ON DELETE RESTRICT ON UPDATE RESTRICT
) ENGINE = InnoDB CHARACTER SET = utf8mb4 COLLATE = utf8mb4_unicode_ci ROW_FORMAT = Dynamic;

-- ----------------------------
-- Records of qrtz_simple_triggers
-- ----------------------------

-- ----------------------------
-- Table structure for qrtz_simprop_triggers
-- ----------------------------
DROP TABLE IF EXISTS `qrtz_simprop_triggers`;
CREATE TABLE `qrtz_simprop_triggers`  (
  `SCHED_NAME` varchar(120) CHARACTER SET utf8mb4 COLLATE utf8mb4_unicode_ci NOT NULL,
  `TRIGGER_NAME` varchar(190) CHARACTER SET utf8mb4 COLLATE utf8mb4_unicode_ci NOT NULL,
  `TRIGGER_GROUP` varchar(190) CHARACTER SET utf8mb4 COLLATE utf8mb4_unicode_ci NOT NULL,
  `STR_PROP_1` varchar(512) CHARACTER SET utf8mb4 COLLATE utf8mb4_unicode_ci NULL DEFAULT NULL,
  `STR_PROP_2` varchar(512) CHARACTER SET utf8mb4 COLLATE utf8mb4_unicode_ci NULL DEFAULT NULL,
  `STR_PROP_3` varchar(512) CHARACTER SET utf8mb4 COLLATE utf8mb4_unicode_ci NULL DEFAULT NULL,
  `INT_PROP_1` int NULL DEFAULT NULL,
  `INT_PROP_2` int NULL DEFAULT NULL,
  `LONG_PROP_1` bigint NULL DEFAULT NULL,
  `LONG_PROP_2` bigint NULL DEFAULT NULL,
  `DEC_PROP_1` decimal(13, 4) NULL DEFAULT NULL,
  `DEC_PROP_2` decimal(13, 4) NULL DEFAULT NULL,
  `BOOL_PROP_1` varchar(1) CHARACTER SET utf8mb4 COLLATE utf8mb4_unicode_ci NULL DEFAULT NULL,
  `BOOL_PROP_2` varchar(1) CHARACTER SET utf8mb4 COLLATE utf8mb4_unicode_ci NULL DEFAULT NULL,
  PRIMARY KEY (`SCHED_NAME`, `TRIGGER_NAME`, `TRIGGER_GROUP`) USING BTREE,
  CONSTRAINT `qrtz_simprop_triggers_ibfk_1` FOREIGN KEY (`SCHED_NAME`, `TRIGGER_NAME`, `TRIGGER_GROUP`) REFERENCES `qrtz_triggers` (`SCHED_NAME`, `TRIGGER_NAME`, `TRIGGER_GROUP`) ON DELETE RESTRICT ON UPDATE RESTRICT
) ENGINE = InnoDB CHARACTER SET = utf8mb4 COLLATE = utf8mb4_unicode_ci ROW_FORMAT = Dynamic;

-- ----------------------------
-- Records of qrtz_simprop_triggers
-- ----------------------------

-- ----------------------------
-- Table structure for qrtz_triggers
-- ----------------------------
DROP TABLE IF EXISTS `qrtz_triggers`;
CREATE TABLE `qrtz_triggers`  (
  `SCHED_NAME` varchar(120) CHARACTER SET utf8mb4 COLLATE utf8mb4_unicode_ci NOT NULL,
  `TRIGGER_NAME` varchar(190) CHARACTER SET utf8mb4 COLLATE utf8mb4_unicode_ci NOT NULL,
  `TRIGGER_GROUP` varchar(190) CHARACTER SET utf8mb4 COLLATE utf8mb4_unicode_ci NOT NULL,
  `JOB_NAME` varchar(190) CHARACTER SET utf8mb4 COLLATE utf8mb4_unicode_ci NOT NULL,
  `JOB_GROUP` varchar(190) CHARACTER SET utf8mb4 COLLATE utf8mb4_unicode_ci NOT NULL,
  `DESCRIPTION` varchar(250) CHARACTER SET utf8mb4 COLLATE utf8mb4_unicode_ci NULL DEFAULT NULL,
  `NEXT_FIRE_TIME` bigint NULL DEFAULT NULL,
  `PREV_FIRE_TIME` bigint NULL DEFAULT NULL,
  `PRIORITY` int NULL DEFAULT NULL,
  `TRIGGER_STATE` varchar(16) CHARACTER SET utf8mb4 COLLATE utf8mb4_unicode_ci NOT NULL,
  `TRIGGER_TYPE` varchar(8) CHARACTER SET utf8mb4 COLLATE utf8mb4_unicode_ci NOT NULL,
  `START_TIME` bigint NOT NULL,
  `END_TIME` bigint NULL DEFAULT NULL,
  `CALENDAR_NAME` varchar(190) CHARACTER SET utf8mb4 COLLATE utf8mb4_unicode_ci NULL DEFAULT NULL,
  `MISFIRE_INSTR` smallint NULL DEFAULT NULL,
  `JOB_DATA` blob NULL,
  PRIMARY KEY (`SCHED_NAME`, `TRIGGER_NAME`, `TRIGGER_GROUP`) USING BTREE,
  INDEX `IDX_QRTZ_T_J`(`SCHED_NAME`, `JOB_NAME`, `JOB_GROUP`) USING BTREE,
  INDEX `IDX_QRTZ_T_JG`(`SCHED_NAME`, `JOB_GROUP`) USING BTREE,
  INDEX `IDX_QRTZ_T_C`(`SCHED_NAME`, `CALENDAR_NAME`) USING BTREE,
  INDEX `IDX_QRTZ_T_G`(`SCHED_NAME`, `TRIGGER_GROUP`) USING BTREE,
  INDEX `IDX_QRTZ_T_STATE`(`SCHED_NAME`, `TRIGGER_STATE`) USING BTREE,
  INDEX `IDX_QRTZ_T_N_STATE`(`SCHED_NAME`, `TRIGGER_NAME`, `TRIGGER_GROUP`, `TRIGGER_STATE`) USING BTREE,
  INDEX `IDX_QRTZ_T_N_G_STATE`(`SCHED_NAME`, `TRIGGER_GROUP`, `TRIGGER_STATE`) USING BTREE,
  INDEX `IDX_QRTZ_T_NEXT_FIRE_TIME`(`SCHED_NAME`, `NEXT_FIRE_TIME`) USING BTREE,
  INDEX `IDX_QRTZ_T_NFT_ST`(`SCHED_NAME`, `TRIGGER_STATE`, `NEXT_FIRE_TIME`) USING BTREE,
  INDEX `IDX_QRTZ_T_NFT_MISFIRE`(`SCHED_NAME`, `MISFIRE_INSTR`, `NEXT_FIRE_TIME`) USING BTREE,
  INDEX `IDX_QRTZ_T_NFT_ST_MISFIRE`(`SCHED_NAME`, `MISFIRE_INSTR`, `NEXT_FIRE_TIME`, `TRIGGER_STATE`) USING BTREE,
  INDEX `IDX_QRTZ_T_NFT_ST_MISFIRE_GRP`(`SCHED_NAME`, `MISFIRE_INSTR`, `NEXT_FIRE_TIME`, `TRIGGER_GROUP`, `TRIGGER_STATE`) USING BTREE,
  CONSTRAINT `qrtz_triggers_ibfk_1` FOREIGN KEY (`SCHED_NAME`, `JOB_NAME`, `JOB_GROUP`) REFERENCES `qrtz_job_details` (`SCHED_NAME`, `JOB_NAME`, `JOB_GROUP`) ON DELETE RESTRICT ON UPDATE RESTRICT
) ENGINE = InnoDB CHARACTER SET = utf8mb4 COLLATE = utf8mb4_unicode_ci ROW_FORMAT = Dynamic;

-- ----------------------------
-- Records of qrtz_triggers
-- ----------------------------
INSERT INTO `qrtz_triggers` VALUES ('schedulerName', 'accessLogCleanJob', 'DEFAULT', 'accessLogCleanJob', 'DEFAULT', NULL, 1696348800000, -1, 5, 'PAUSED', 'CRON', 1696301981000, 0, NULL, 0, 0xACED0005737200156F72672E71756172747A2E4A6F62446174614D61709FB083E8BFA9B0CB020000787200266F72672E71756172747A2E7574696C732E537472696E674B65794469727479466C61674D61708208E8C3FBC55D280200015A0013616C6C6F77735472616E7369656E74446174617872001D6F72672E71756172747A2E7574696C732E4469727479466C61674D617013E62EAD28760ACE0200025A000564697274794C00036D617074000F4C6A6176612F7574696C2F4D61703B787001737200116A6176612E7574696C2E486173684D61700507DAC1C31660D103000246000A6C6F6164466163746F724900097468726573686F6C6478703F4000000000000C770800000010000000037400114A4F425F48414E444C45525F504152414D7400007400124A4F425F52455452595F494E54455256414C737200116A6176612E6C616E672E496E746567657212E2A0A4F781873802000149000576616C7565787200106A6176612E6C616E672E4E756D62657286AC951D0B94E08B02000078700000000074000F4A4F425F52455452595F434F554E547371007E000A000000037800);
INSERT INTO `qrtz_triggers` VALUES ('schedulerName', 'brokerageRecordUnfreezeJob', 'DEFAULT', 'brokerageRecordUnfreezeJob', 'DEFAULT', NULL, 1695909720000, -1, 5, 'PAUSED', 'CRON', 1695909706000, 0, NULL, 0, 0xACED0005737200156F72672E71756172747A2E4A6F62446174614D61709FB083E8BFA9B0CB020000787200266F72672E71756172747A2E7574696C732E537472696E674B65794469727479466C61674D61708208E8C3FBC55D280200015A0013616C6C6F77735472616E7369656E74446174617872001D6F72672E71756172747A2E7574696C732E4469727479466C61674D617013E62EAD28760ACE0200025A000564697274794C00036D617074000F4C6A6176612F7574696C2F4D61703B787001737200116A6176612E7574696C2E486173684D61700507DAC1C31660D103000246000A6C6F6164466163746F724900097468726573686F6C6478703F4000000000000C770800000010000000037400114A4F425F48414E444C45525F504152414D7400007400124A4F425F52455452595F494E54455256414C737200116A6176612E6C616E672E496E746567657212E2A0A4F781873802000149000576616C7565787200106A6176612E6C616E672E4E756D62657286AC951D0B94E08B02000078700000000074000F4A4F425F52455452595F434F554E547371007E000A000000037800);
INSERT INTO `qrtz_triggers` VALUES ('schedulerName', 'errorLogCleanJob', 'DEFAULT', 'errorLogCleanJob', 'DEFAULT', NULL, 1696348800000, -1, 5, 'PAUSED', 'CRON', 1696302043000, 0, NULL, 0, 0xACED0005737200156F72672E71756172747A2E4A6F62446174614D61709FB083E8BFA9B0CB020000787200266F72672E71756172747A2E7574696C732E537472696E674B65794469727479466C61674D61708208E8C3FBC55D280200015A0013616C6C6F77735472616E7369656E74446174617872001D6F72672E71756172747A2E7574696C732E4469727479466C61674D617013E62EAD28760ACE0200025A000564697274794C00036D617074000F4C6A6176612F7574696C2F4D61703B787001737200116A6176612E7574696C2E486173684D61700507DAC1C31660D103000246000A6C6F6164466163746F724900097468726573686F6C6478703F4000000000000C770800000010000000037400114A4F425F48414E444C45525F504152414D7400007400124A4F425F52455452595F494E54455256414C737200116A6176612E6C616E672E496E746567657212E2A0A4F781873802000149000576616C7565787200106A6176612E6C616E672E4E756D62657286AC951D0B94E08B02000078700000000074000F4A4F425F52455452595F434F554E547371007E000A000000037800);
INSERT INTO `qrtz_triggers` VALUES ('schedulerName', 'jobLogCleanJob', 'DEFAULT', 'jobLogCleanJob', 'DEFAULT', NULL, 1696348800000, -1, 5, 'PAUSED', 'CRON', 1696302092000, 0, NULL, 0, 0xACED0005737200156F72672E71756172747A2E4A6F62446174614D61709FB083E8BFA9B0CB020000787200266F72672E71756172747A2E7574696C732E537472696E674B65794469727479466C61674D61708208E8C3FBC55D280200015A0013616C6C6F77735472616E7369656E74446174617872001D6F72672E71756172747A2E7574696C732E4469727479466C61674D617013E62EAD28760ACE0200025A000564697274794C00036D617074000F4C6A6176612F7574696C2F4D61703B787001737200116A6176612E7574696C2E486173684D61700507DAC1C31660D103000246000A6C6F6164466163746F724900097468726573686F6C6478703F4000000000000C770800000010000000037400114A4F425F48414E444C45525F504152414D7400007400124A4F425F52455452595F494E54455256414C737200116A6176612E6C616E672E496E746567657212E2A0A4F781873802000149000576616C7565787200106A6176612E6C616E672E4E756D62657286AC951D0B94E08B02000078700000000074000F4A4F425F52455452595F434F554E547371007E000A000000037800);
INSERT INTO `qrtz_triggers` VALUES ('schedulerName', 'payNotifyJob', 'DEFAULT', 'payNotifyJob', 'DEFAULT', NULL, 1688907102000, 1688907101000, 5, 'PAUSED', 'CRON', 1635294882000, 0, NULL, 0, 0xACED0005737200156F72672E71756172747A2E4A6F62446174614D61709FB083E8BFA9B0CB020000787200266F72672E71756172747A2E7574696C732E537472696E674B65794469727479466C61674D61708208E8C3FBC55D280200015A0013616C6C6F77735472616E7369656E74446174617872001D6F72672E71756172747A2E7574696C732E4469727479466C61674D617013E62EAD28760ACE0200025A000564697274794C00036D617074000F4C6A6176612F7574696C2F4D61703B787001737200116A6176612E7574696C2E486173684D61700507DAC1C31660D103000246000A6C6F6164466163746F724900097468726573686F6C6478703F4000000000000C770800000010000000037400114A4F425F48414E444C45525F504152414D707400124A4F425F52455452595F494E54455256414C737200116A6176612E6C616E672E496E746567657212E2A0A4F781873802000149000576616C7565787200106A6176612E6C616E672E4E756D62657286AC951D0B94E08B02000078700000000074000F4A4F425F52455452595F434F554E5471007E000B7800);
INSERT INTO `qrtz_triggers` VALUES ('schedulerName', 'payOrderExpireJob', 'DEFAULT', 'payOrderExpireJob', 'DEFAULT', NULL, 1690011600000, -1, 5, 'PAUSED', 'CRON', 1690011553000, 0, NULL, 0, 0xACED0005737200156F72672E71756172747A2E4A6F62446174614D61709FB083E8BFA9B0CB020000787200266F72672E71756172747A2E7574696C732E537472696E674B65794469727479466C61674D61708208E8C3FBC55D280200015A0013616C6C6F77735472616E7369656E74446174617872001D6F72672E71756172747A2E7574696C732E4469727479466C61674D617013E62EAD28760ACE0200025A000564697274794C00036D617074000F4C6A6176612F7574696C2F4D61703B787001737200116A6176612E7574696C2E486173684D61700507DAC1C31660D103000246000A6C6F6164466163746F724900097468726573686F6C6478703F4000000000000C770800000010000000037400114A4F425F48414E444C45525F504152414D707400124A4F425F52455452595F494E54455256414C737200116A6176612E6C616E672E496E746567657212E2A0A4F781873802000149000576616C7565787200106A6176612E6C616E672E4E756D62657286AC951D0B94E08B02000078700000000074000F4A4F425F52455452595F434F554E5471007E000B7800);
INSERT INTO `qrtz_triggers` VALUES ('schedulerName', 'payOrderSyncJob', 'DEFAULT', 'payOrderSyncJob', 'DEFAULT', NULL, 1690011600000, 1690011540000, 5, 'PAUSED', 'CRON', 1690007785000, 0, NULL, 0, 0xACED0005737200156F72672E71756172747A2E4A6F62446174614D61709FB083E8BFA9B0CB020000787200266F72672E71756172747A2E7574696C732E537472696E674B65794469727479466C61674D61708208E8C3FBC55D280200015A0013616C6C6F77735472616E7369656E74446174617872001D6F72672E71756172747A2E7574696C732E4469727479466C61674D617013E62EAD28760ACE0200025A000564697274794C00036D617074000F4C6A6176612F7574696C2F4D61703B787001737200116A6176612E7574696C2E486173684D61700507DAC1C31660D103000246000A6C6F6164466163746F724900097468726573686F6C6478703F4000000000000C770800000010000000037400114A4F425F48414E444C45525F504152414D707400124A4F425F52455452595F494E54455256414C737200116A6176612E6C616E672E496E746567657212E2A0A4F781873802000149000576616C7565787200106A6176612E6C616E672E4E756D62657286AC951D0B94E08B02000078700000000074000F4A4F425F52455452595F434F554E5471007E000B7800);
INSERT INTO `qrtz_triggers` VALUES ('schedulerName', 'payRefundSyncJob', 'DEFAULT', 'payRefundSyncJob', 'DEFAULT', NULL, 1690117560000, 1690117500000, 5, 'PAUSED', 'CRON', 1690117424000, 0, NULL, 0, 0xACED0005737200156F72672E71756172747A2E4A6F62446174614D61709FB083E8BFA9B0CB020000787200266F72672E71756172747A2E7574696C732E537472696E674B65794469727479466C61674D61708208E8C3FBC55D280200015A0013616C6C6F77735472616E7369656E74446174617872001D6F72672E71756172747A2E7574696C732E4469727479466C61674D617013E62EAD28760ACE0200025A000564697274794C00036D617074000F4C6A6176612F7574696C2F4D61703B787001737200116A6176612E7574696C2E486173684D61700507DAC1C31660D103000246000A6C6F6164466163746F724900097468726573686F6C6478703F4000000000000C770800000010000000037400114A4F425F48414E444C45525F504152414D707400124A4F425F52455452595F494E54455256414C737200116A6176612E6C616E672E496E746567657212E2A0A4F781873802000149000576616C7565787200106A6176612E6C616E672E4E756D62657286AC951D0B94E08B02000078700000000074000F4A4F425F52455452595F434F554E5471007E000B7800);
INSERT INTO `qrtz_triggers` VALUES ('schedulerName', 'tradeOrderAutoCancelJob', 'DEFAULT', 'tradeOrderAutoCancelJob', 'DEFAULT', NULL, 1695727440000, 1695727380000, 5, 'PAUSED', 'CRON', 1695656605000, 0, NULL, 0, 0xACED0005737200156F72672E71756172747A2E4A6F62446174614D61709FB083E8BFA9B0CB020000787200266F72672E71756172747A2E7574696C732E537472696E674B65794469727479466C61674D61708208E8C3FBC55D280200015A0013616C6C6F77735472616E7369656E74446174617872001D6F72672E71756172747A2E7574696C732E4469727479466C61674D617013E62EAD28760ACE0200025A000564697274794C00036D617074000F4C6A6176612F7574696C2F4D61703B787001737200116A6176612E7574696C2E486173684D61700507DAC1C31660D103000246000A6C6F6164466163746F724900097468726573686F6C6478703F4000000000000C770800000010000000037400114A4F425F48414E444C45525F504152414D7400007400124A4F425F52455452595F494E54455256414C737200116A6176612E6C616E672E496E746567657212E2A0A4F781873802000149000576616C7565787200106A6176612E6C616E672E4E756D62657286AC951D0B94E08B02000078700000000074000F4A4F425F52455452595F434F554E547371007E000A000000037800);
INSERT INTO `qrtz_triggers` VALUES ('schedulerName', 'tradeOrderAutoCommentJob', 'DEFAULT', 'tradeOrderAutoCommentJob', 'DEFAULT', NULL, 1695783840000, 1695783780000, 5, 'PAUSED', 'CRON', 1695742709000, 0, NULL, 0, 0xACED0005737200156F72672E71756172747A2E4A6F62446174614D61709FB083E8BFA9B0CB020000787200266F72672E71756172747A2E7574696C732E537472696E674B65794469727479466C61674D61708208E8C3FBC55D280200015A0013616C6C6F77735472616E7369656E74446174617872001D6F72672E71756172747A2E7574696C732E4469727479466C61674D617013E62EAD28760ACE0200025A000564697274794C00036D617074000F4C6A6176612F7574696C2F4D61703B787001737200116A6176612E7574696C2E486173684D61700507DAC1C31660D103000246000A6C6F6164466163746F724900097468726573686F6C6478703F4000000000000C770800000010000000037400114A4F425F48414E444C45525F504152414D7400007400124A4F425F52455452595F494E54455256414C737200116A6176612E6C616E672E496E746567657212E2A0A4F781873802000149000576616C7565787200106A6176612E6C616E672E4E756D62657286AC951D0B94E08B02000078700000000074000F4A4F425F52455452595F434F554E547371007E000A000000037800);
INSERT INTO `qrtz_triggers` VALUES ('schedulerName', 'tradeOrderAutoReceiveJob', 'DEFAULT', 'tradeOrderAutoReceiveJob', 'DEFAULT', NULL, 1695742740000, 1695742680000, 5, 'PAUSED', 'CRON', 1695727433000, 0, NULL, 0, 0xACED0005737200156F72672E71756172747A2E4A6F62446174614D61709FB083E8BFA9B0CB020000787200266F72672E71756172747A2E7574696C732E537472696E674B65794469727479466C61674D61708208E8C3FBC55D280200015A0013616C6C6F77735472616E7369656E74446174617872001D6F72672E71756172747A2E7574696C732E4469727479466C61674D617013E62EAD28760ACE0200025A000564697274794C00036D617074000F4C6A6176612F7574696C2F4D61703B787001737200116A6176612E7574696C2E486173684D61700507DAC1C31660D103000246000A6C6F6164466163746F724900097468726573686F6C6478703F4000000000000C770800000010000000037400114A4F425F48414E444C45525F504152414D7400007400124A4F425F52455452595F494E54455256414C737200116A6176612E6C616E672E496E746567657212E2A0A4F781873802000149000576616C7565787200106A6176612E6C616E672E4E756D62657286AC951D0B94E08B02000078700000000074000F4A4F425F52455452595F434F554E547371007E000A000000037800);

-- ----------------------------
-- Table structure for system_dept
-- ----------------------------
DROP TABLE IF EXISTS `system_dept`;
CREATE TABLE `system_dept`  (
  `id` bigint NOT NULL AUTO_INCREMENT COMMENT '部门id',
  `name` varchar(30) CHARACTER SET utf8mb4 COLLATE utf8mb4_unicode_ci NOT NULL DEFAULT '' COMMENT '部门名称',
  `parent_id` bigint NOT NULL DEFAULT 0 COMMENT '父部门id',
  `sort` int NOT NULL DEFAULT 0 COMMENT '显示顺序',
  `leader_user_id` bigint NULL DEFAULT NULL COMMENT '负责人',
  `phone` varchar(11) CHARACTER SET utf8mb4 COLLATE utf8mb4_unicode_ci NULL DEFAULT NULL COMMENT '联系电话',
  `email` varchar(50) CHARACTER SET utf8mb4 COLLATE utf8mb4_unicode_ci NULL DEFAULT NULL COMMENT '邮箱',
  `status` tinyint NOT NULL COMMENT '部门状态（0正常 1停用）',
  `creator` varchar(64) CHARACTER SET utf8mb4 COLLATE utf8mb4_unicode_ci NULL DEFAULT '' COMMENT '创建者',
  `create_time` datetime NOT NULL DEFAULT CURRENT_TIMESTAMP COMMENT '创建时间',
  `updater` varchar(64) CHARACTER SET utf8mb4 COLLATE utf8mb4_unicode_ci NULL DEFAULT '' COMMENT '更新者',
  `update_time` datetime NOT NULL DEFAULT CURRENT_TIMESTAMP ON UPDATE CURRENT_TIMESTAMP COMMENT '更新时间',
  `deleted` bit(1) NOT NULL DEFAULT b'0' COMMENT '是否删除',
  `tenant_id` bigint NOT NULL DEFAULT 0 COMMENT '租户编号',
  PRIMARY KEY (`id`) USING BTREE
) ENGINE = InnoDB AUTO_INCREMENT = 116 CHARACTER SET = utf8mb4 COLLATE = utf8mb4_unicode_ci COMMENT = '部门表' ROW_FORMAT = Dynamic;

-- ----------------------------
-- Records of system_dept
-- ----------------------------

-- ----------------------------
-- Table structure for system_dict_data
-- ----------------------------
DROP TABLE IF EXISTS `system_dict_data`;
CREATE TABLE `system_dict_data`  (
  `id` bigint NOT NULL AUTO_INCREMENT COMMENT '字典编码',
  `sort` int NOT NULL DEFAULT 0 COMMENT '字典排序',
  `label` varchar(100) CHARACTER SET utf8mb4 COLLATE utf8mb4_unicode_ci NOT NULL DEFAULT '' COMMENT '字典标签',
  `value` varchar(100) CHARACTER SET utf8mb4 COLLATE utf8mb4_unicode_ci NOT NULL DEFAULT '' COMMENT '字典键值',
  `dict_type` varchar(100) CHARACTER SET utf8mb4 COLLATE utf8mb4_unicode_ci NOT NULL DEFAULT '' COMMENT '字典类型',
  `status` tinyint NOT NULL DEFAULT 0 COMMENT '状态（0正常 1停用）',
  `color_type` varchar(100) CHARACTER SET utf8mb4 COLLATE utf8mb4_unicode_ci NULL DEFAULT '' COMMENT '颜色类型',
  `css_class` varchar(100) CHARACTER SET utf8mb4 COLLATE utf8mb4_unicode_ci NULL DEFAULT '' COMMENT 'css 样式',
  `remark` varchar(500) CHARACTER SET utf8mb4 COLLATE utf8mb4_unicode_ci NULL DEFAULT NULL COMMENT '备注',
  `creator` varchar(64) CHARACTER SET utf8mb4 COLLATE utf8mb4_unicode_ci NULL DEFAULT '' COMMENT '创建者',
  `create_time` datetime NOT NULL DEFAULT CURRENT_TIMESTAMP COMMENT '创建时间',
  `updater` varchar(64) CHARACTER SET utf8mb4 COLLATE utf8mb4_unicode_ci NULL DEFAULT '' COMMENT '更新者',
  `update_time` datetime NOT NULL DEFAULT CURRENT_TIMESTAMP ON UPDATE CURRENT_TIMESTAMP COMMENT '更新时间',
  `deleted` bit(1) NOT NULL DEFAULT b'0' COMMENT '是否删除',
  PRIMARY KEY (`id`) USING BTREE
) ENGINE = InnoDB AUTO_INCREMENT = 3003 CHARACTER SET = utf8mb4 COLLATE = utf8mb4_unicode_ci COMMENT = '字典数据表' ROW_FORMAT = Dynamic;

-- ----------------------------
-- Records of system_dict_data
-- ----------------------------
INSERT INTO `system_dict_data` VALUES (1, 1, '男', '1', 'system_user_sex', 0, 'default', 'A', '性别男', 'admin', '2021-01-05 17:03:48', '1', '2022-03-29 00:14:39', b'0');
INSERT INTO `system_dict_data` VALUES (2, 2, '女', '2', 'system_user_sex', 0, 'success', '', '性别女', 'admin', '2021-01-05 17:03:48', '1', '2023-11-15 23:30:37', b'0');
INSERT INTO `system_dict_data` VALUES (8, 1, '正常', '1', 'infra_job_status', 0, 'success', '', '正常状态', 'admin', '2021-01-05 17:03:48', '1', '2022-02-16 19:33:38', b'0');
INSERT INTO `system_dict_data` VALUES (9, 2, '暂停', '2', 'infra_job_status', 0, 'danger', '', '停用状态', 'admin', '2021-01-05 17:03:48', '1', '2022-02-16 19:33:45', b'0');
INSERT INTO `system_dict_data` VALUES (12, 1, '系统内置', '1', 'infra_config_type', 0, 'danger', '', '参数类型 - 系统内置', 'admin', '2021-01-05 17:03:48', '1', '2022-02-16 19:06:02', b'0');
INSERT INTO `system_dict_data` VALUES (13, 2, '自定义', '2', 'infra_config_type', 0, 'primary', '', '参数类型 - 自定义', 'admin', '2021-01-05 17:03:48', '1', '2022-02-16 19:06:07', b'0');
INSERT INTO `system_dict_data` VALUES (14, 1, '通知', '1', 'system_notice_type', 0, 'success', '', '通知', 'admin', '2021-01-05 17:03:48', '1', '2022-02-16 13:05:57', b'0');
INSERT INTO `system_dict_data` VALUES (15, 2, '公告', '2', 'system_notice_type', 0, 'info', '', '公告', 'admin', '2021-01-05 17:03:48', '1', '2022-02-16 13:06:01', b'0');
INSERT INTO `system_dict_data` VALUES (16, 0, '其它', '0', 'infra_operate_type', 0, 'default', '', '其它操作', 'admin', '2021-01-05 17:03:48', '1', '2024-03-14 12:44:19', b'0');
INSERT INTO `system_dict_data` VALUES (17, 1, '查询', '1', 'infra_operate_type', 0, 'info', '', '查询操作', 'admin', '2021-01-05 17:03:48', '1', '2024-03-14 12:44:20', b'0');
INSERT INTO `system_dict_data` VALUES (18, 2, '新增', '2', 'infra_operate_type', 0, 'primary', '', '新增操作', 'admin', '2021-01-05 17:03:48', '1', '2024-03-14 12:44:21', b'0');
INSERT INTO `system_dict_data` VALUES (19, 3, '修改', '3', 'infra_operate_type', 0, 'warning', '', '修改操作', 'admin', '2021-01-05 17:03:48', '1', '2024-03-14 12:44:22', b'0');
INSERT INTO `system_dict_data` VALUES (20, 4, '删除', '4', 'infra_operate_type', 0, 'danger', '', '删除操作', 'admin', '2021-01-05 17:03:48', '1', '2024-03-14 12:44:23', b'0');
INSERT INTO `system_dict_data` VALUES (22, 5, '导出', '5', 'infra_operate_type', 0, 'default', '', '导出操作', 'admin', '2021-01-05 17:03:48', '1', '2024-03-14 12:44:24', b'0');
INSERT INTO `system_dict_data` VALUES (23, 6, '导入', '6', 'infra_operate_type', 0, 'default', '', '导入操作', 'admin', '2021-01-05 17:03:48', '1', '2024-03-14 12:44:25', b'0');
INSERT INTO `system_dict_data` VALUES (27, 1, '开启', '0', 'common_status', 0, 'primary', '', '开启状态', 'admin', '2021-01-05 17:03:48', '1', '2022-02-16 08:00:39', b'0');
INSERT INTO `system_dict_data` VALUES (28, 2, '关闭', '1', 'common_status', 0, 'info', '', '关闭状态', 'admin', '2021-01-05 17:03:48', '1', '2022-02-16 08:00:44', b'0');
INSERT INTO `system_dict_data` VALUES (29, 1, '目录', '1', 'system_menu_type', 0, '', '', '目录', 'admin', '2021-01-05 17:03:48', '', '2022-02-01 16:43:45', b'0');
INSERT INTO `system_dict_data` VALUES (30, 2, '菜单', '2', 'system_menu_type', 0, '', '', '菜单', 'admin', '2021-01-05 17:03:48', '', '2022-02-01 16:43:41', b'0');
INSERT INTO `system_dict_data` VALUES (31, 3, '按钮', '3', 'system_menu_type', 0, '', '', '按钮', 'admin', '2021-01-05 17:03:48', '', '2022-02-01 16:43:39', b'0');
INSERT INTO `system_dict_data` VALUES (32, 1, '内置', '1', 'system_role_type', 0, 'danger', '', '内置角色', 'admin', '2021-01-05 17:03:48', '1', '2022-02-16 13:02:08', b'0');
INSERT INTO `system_dict_data` VALUES (33, 2, '自定义', '2', 'system_role_type', 0, 'primary', '', '自定义角色', 'admin', '2021-01-05 17:03:48', '1', '2022-02-16 13:02:12', b'0');
INSERT INTO `system_dict_data` VALUES (34, 1, '全部数据权限', '1', 'system_data_scope', 0, '', '', '全部数据权限', 'admin', '2021-01-05 17:03:48', '', '2022-02-01 16:47:17', b'0');
INSERT INTO `system_dict_data` VALUES (35, 2, '指定部门数据权限', '2', 'system_data_scope', 0, '', '', '指定部门数据权限', 'admin', '2021-01-05 17:03:48', '', '2022-02-01 16:47:18', b'0');
INSERT INTO `system_dict_data` VALUES (36, 3, '本部门数据权限', '3', 'system_data_scope', 0, '', '', '本部门数据权限', 'admin', '2021-01-05 17:03:48', '', '2022-02-01 16:47:16', b'0');
INSERT INTO `system_dict_data` VALUES (37, 4, '本部门及以下数据权限', '4', 'system_data_scope', 0, '', '', '本部门及以下数据权限', 'admin', '2021-01-05 17:03:48', '', '2022-02-01 16:47:21', b'0');
INSERT INTO `system_dict_data` VALUES (38, 5, '仅本人数据权限', '5', 'system_data_scope', 0, '', '', '仅本人数据权限', 'admin', '2021-01-05 17:03:48', '', '2022-02-01 16:47:23', b'0');
INSERT INTO `system_dict_data` VALUES (39, 0, '成功', '0', 'system_login_result', 0, 'success', '', '登陆结果 - 成功', '', '2021-01-18 06:17:36', '1', '2022-02-16 13:23:49', b'0');
INSERT INTO `system_dict_data` VALUES (40, 10, '账号或密码不正确', '10', 'system_login_result', 0, 'primary', '', '登陆结果 - 账号或密码不正确', '', '2021-01-18 06:17:54', '1', '2022-02-16 13:24:27', b'0');
INSERT INTO `system_dict_data` VALUES (41, 20, '用户被禁用', '20', 'system_login_result', 0, 'warning', '', '登陆结果 - 用户被禁用', '', '2021-01-18 06:17:54', '1', '2022-02-16 13:23:57', b'0');
INSERT INTO `system_dict_data` VALUES (42, 30, '验证码不存在', '30', 'system_login_result', 0, 'info', '', '登陆结果 - 验证码不存在', '', '2021-01-18 06:17:54', '1', '2022-02-16 13:24:07', b'0');
INSERT INTO `system_dict_data` VALUES (43, 31, '验证码不正确', '31', 'system_login_result', 0, 'info', '', '登陆结果 - 验证码不正确', '', '2021-01-18 06:17:54', '1', '2022-02-16 13:24:11', b'0');
INSERT INTO `system_dict_data` VALUES (44, 100, '未知异常', '100', 'system_login_result', 0, 'danger', '', '登陆结果 - 未知异常', '', '2021-01-18 06:17:54', '1', '2022-02-16 13:24:23', b'0');
INSERT INTO `system_dict_data` VALUES (45, 1, '是', 'true', 'infra_boolean_string', 0, 'danger', '', 'Boolean 是否类型 - 是', '', '2021-01-19 03:20:55', '1', '2022-03-15 23:01:45', b'0');
INSERT INTO `system_dict_data` VALUES (46, 1, '否', 'false', 'infra_boolean_string', 0, 'info', '', 'Boolean 是否类型 - 否', '', '2021-01-19 03:20:55', '1', '2022-03-15 23:09:45', b'0');
INSERT INTO `system_dict_data` VALUES (50, 1, '单表（增删改查）', '1', 'infra_codegen_template_type', 0, '', '', NULL, '', '2021-02-05 07:09:06', '', '2022-03-10 16:33:15', b'0');
INSERT INTO `system_dict_data` VALUES (51, 2, '树表（增删改查）', '2', 'infra_codegen_template_type', 0, '', '', NULL, '', '2021-02-05 07:14:46', '', '2022-03-10 16:33:19', b'0');
INSERT INTO `system_dict_data` VALUES (53, 0, '初始化中', '0', 'infra_job_status', 0, 'primary', '', NULL, '', '2021-02-07 07:46:49', '1', '2022-02-16 19:33:29', b'0');
INSERT INTO `system_dict_data` VALUES (57, 0, '运行中', '0', 'infra_job_log_status', 0, 'primary', '', 'RUNNING', '', '2021-02-08 10:04:24', '1', '2022-02-16 19:07:48', b'0');
INSERT INTO `system_dict_data` VALUES (58, 1, '成功', '1', 'infra_job_log_status', 0, 'success', '', NULL, '', '2021-02-08 10:06:57', '1', '2022-02-16 19:07:52', b'0');
INSERT INTO `system_dict_data` VALUES (59, 2, '失败', '2', 'infra_job_log_status', 0, 'warning', '', '失败', '', '2021-02-08 10:07:38', '1', '2022-02-16 19:07:56', b'0');
INSERT INTO `system_dict_data` VALUES (60, 1, '会员', '1', 'user_type', 0, 'primary', '', NULL, '', '2021-02-26 00:16:27', '1', '2022-02-16 10:22:19', b'0');
INSERT INTO `system_dict_data` VALUES (61, 2, '管理员', '2', 'user_type', 0, 'success', '', NULL, '', '2021-02-26 00:16:34', '1', '2025-04-06 18:37:43', b'0');
INSERT INTO `system_dict_data` VALUES (62, 0, '未处理', '0', 'infra_api_error_log_process_status', 0, 'primary', '', NULL, '', '2021-02-26 07:07:19', '1', '2022-02-16 20:14:17', b'0');
INSERT INTO `system_dict_data` VALUES (63, 1, '已处理', '1', 'infra_api_error_log_process_status', 0, 'success', '', NULL, '', '2021-02-26 07:07:26', '1', '2022-02-16 20:14:08', b'0');
INSERT INTO `system_dict_data` VALUES (64, 2, '已忽略', '2', 'infra_api_error_log_process_status', 0, 'danger', '', NULL, '', '2021-02-26 07:07:34', '1', '2022-02-16 20:14:14', b'0');
INSERT INTO `system_dict_data` VALUES (66, 1, '阿里云', 'ALIYUN', 'system_sms_channel_code', 0, 'primary', '', NULL, '1', '2021-04-05 01:05:26', '1', '2024-07-22 22:23:25', b'0');
INSERT INTO `system_dict_data` VALUES (67, 1, '验证码', '1', 'system_sms_template_type', 0, 'warning', '', NULL, '1', '2021-04-05 21:50:57', '1', '2022-02-16 12:48:30', b'0');
INSERT INTO `system_dict_data` VALUES (68, 2, '通知', '2', 'system_sms_template_type', 0, 'primary', '', NULL, '1', '2021-04-05 21:51:08', '1', '2022-02-16 12:48:27', b'0');
INSERT INTO `system_dict_data` VALUES (69, 0, '营销', '3', 'system_sms_template_type', 0, 'danger', '', NULL, '1', '2021-04-05 21:51:15', '1', '2022-02-16 12:48:22', b'0');
INSERT INTO `system_dict_data` VALUES (70, 0, '初始化', '0', 'system_sms_send_status', 0, 'primary', '', NULL, '1', '2021-04-11 20:18:33', '1', '2022-02-16 10:26:07', b'0');
INSERT INTO `system_dict_data` VALUES (71, 1, '发送成功', '10', 'system_sms_send_status', 0, 'success', '', NULL, '1', '2021-04-11 20:18:43', '1', '2022-02-16 10:25:56', b'0');
INSERT INTO `system_dict_data` VALUES (72, 2, '发送失败', '20', 'system_sms_send_status', 0, 'danger', '', NULL, '1', '2021-04-11 20:18:49', '1', '2022-02-16 10:26:03', b'0');
INSERT INTO `system_dict_data` VALUES (73, 3, '不发送', '30', 'system_sms_send_status', 0, 'info', '', NULL, '1', '2021-04-11 20:19:44', '1', '2022-02-16 10:26:10', b'0');
INSERT INTO `system_dict_data` VALUES (74, 0, '等待结果', '0', 'system_sms_receive_status', 0, 'primary', '', NULL, '1', '2021-04-11 20:27:43', '1', '2022-02-16 10:28:24', b'0');
INSERT INTO `system_dict_data` VALUES (75, 1, '接收成功', '10', 'system_sms_receive_status', 0, 'success', '', NULL, '1', '2021-04-11 20:29:25', '1', '2022-02-16 10:28:28', b'0');
INSERT INTO `system_dict_data` VALUES (76, 2, '接收失败', '20', 'system_sms_receive_status', 0, 'danger', '', NULL, '1', '2021-04-11 20:29:31', '1', '2022-02-16 10:28:32', b'0');
INSERT INTO `system_dict_data` VALUES (77, 0, '调试(钉钉)', 'DEBUG_DING_TALK', 'system_sms_channel_code', 0, 'info', '', NULL, '1', '2021-04-13 00:20:37', '1', '2022-02-16 10:10:00', b'0');
INSERT INTO `system_dict_data` VALUES (80, 100, '账号登录', '100', 'system_login_type', 0, 'primary', '', '账号登录', '1', '2021-10-06 00:52:02', '1', '2022-02-16 13:11:34', b'0');
INSERT INTO `system_dict_data` VALUES (81, 101, '社交登录', '101', 'system_login_type', 0, 'info', '', '社交登录', '1', '2021-10-06 00:52:17', '1', '2022-02-16 13:11:40', b'0');
INSERT INTO `system_dict_data` VALUES (83, 200, '主动登出', '200', 'system_login_type', 0, 'primary', '', '主动登出', '1', '2021-10-06 00:52:58', '1', '2022-02-16 13:11:49', b'0');
INSERT INTO `system_dict_data` VALUES (85, 202, '强制登出', '202', 'system_login_type', 0, 'danger', '', '强制退出', '1', '2021-10-06 00:53:41', '1', '2022-02-16 13:11:57', b'0');
INSERT INTO `system_dict_data` VALUES (86, 0, '病假', '1', 'bpm_oa_leave_type', 0, 'primary', '', NULL, '1', '2021-09-21 22:35:28', '1', '2022-02-16 10:00:41', b'0');
INSERT INTO `system_dict_data` VALUES (87, 1, '事假', '2', 'bpm_oa_leave_type', 0, 'info', '', NULL, '1', '2021-09-21 22:36:11', '1', '2022-02-16 10:00:49', b'0');
INSERT INTO `system_dict_data` VALUES (88, 2, '婚假', '3', 'bpm_oa_leave_type', 0, 'warning', '', NULL, '1', '2021-09-21 22:36:38', '1', '2022-02-16 10:00:53', b'0');
INSERT INTO `system_dict_data` VALUES (112, 0, '微信 Wap 网站支付', 'wx_wap', 'pay_channel_code', 0, 'success', '', '微信 Wap 网站支付', '1', '2023-07-19 20:08:06', '1', '2023-07-19 20:09:08', b'0');
INSERT INTO `system_dict_data` VALUES (113, 1, '微信公众号支付', 'wx_pub', 'pay_channel_code', 0, 'success', '', '微信公众号支付', '1', '2021-12-03 10:40:24', '1', '2023-07-19 20:08:47', b'0');
INSERT INTO `system_dict_data` VALUES (114, 2, '微信小程序支付', 'wx_lite', 'pay_channel_code', 0, 'success', '', '微信小程序支付', '1', '2021-12-03 10:41:06', '1', '2023-07-19 20:08:50', b'0');
INSERT INTO `system_dict_data` VALUES (115, 3, '微信 App 支付', 'wx_app', 'pay_channel_code', 0, 'success', '', '微信 App 支付', '1', '2021-12-03 10:41:20', '1', '2023-07-19 20:08:56', b'0');
INSERT INTO `system_dict_data` VALUES (116, 10, '支付宝 PC 网站支付', 'alipay_pc', 'pay_channel_code', 0, 'primary', '', '支付宝 PC 网站支付', '1', '2021-12-03 10:42:09', '1', '2023-07-19 20:09:12', b'0');
INSERT INTO `system_dict_data` VALUES (117, 11, '支付宝 Wap 网站支付', 'alipay_wap', 'pay_channel_code', 0, 'primary', '', '支付宝 Wap 网站支付', '1', '2021-12-03 10:42:26', '1', '2023-07-19 20:09:16', b'0');
INSERT INTO `system_dict_data` VALUES (118, 12, '支付宝 App 支付', 'alipay_app', 'pay_channel_code', 0, 'primary', '', '支付宝 App 支付', '1', '2021-12-03 10:42:55', '1', '2023-07-19 20:09:20', b'0');
INSERT INTO `system_dict_data` VALUES (119, 14, '支付宝扫码支付', 'alipay_qr', 'pay_channel_code', 0, 'primary', '', '支付宝扫码支付', '1', '2021-12-03 10:43:10', '1', '2023-07-19 20:09:28', b'0');
INSERT INTO `system_dict_data` VALUES (120, 10, '通知成功', '10', 'pay_notify_status', 0, 'success', '', '通知成功', '1', '2021-12-03 11:02:41', '1', '2023-07-19 10:08:19', b'0');
INSERT INTO `system_dict_data` VALUES (121, 20, '通知失败', '20', 'pay_notify_status', 0, 'danger', '', '通知失败', '1', '2021-12-03 11:02:59', '1', '2023-07-19 10:08:21', b'0');
INSERT INTO `system_dict_data` VALUES (122, 0, '等待通知', '0', 'pay_notify_status', 0, 'info', '', '未通知', '1', '2021-12-03 11:03:10', '1', '2023-07-19 10:08:24', b'0');
INSERT INTO `system_dict_data` VALUES (123, 10, '支付成功', '10', 'pay_order_status', 0, 'success', '', '支付成功', '1', '2021-12-03 11:18:29', '1', '2023-07-19 18:04:28', b'0');
INSERT INTO `system_dict_data` VALUES (124, 30, '支付关闭', '30', 'pay_order_status', 0, 'info', '', '支付关闭', '1', '2021-12-03 11:18:42', '1', '2023-07-19 18:05:07', b'0');
INSERT INTO `system_dict_data` VALUES (125, 0, '等待支付', '0', 'pay_order_status', 0, 'info', '', '未支付', '1', '2021-12-03 11:18:18', '1', '2023-07-19 18:04:15', b'0');
INSERT INTO `system_dict_data` VALUES (600, 5, '首页', '1', 'promotion_banner_position', 0, 'warning', '', '', '1', '2023-10-11 07:45:24', '1', '2023-10-11 07:45:38', b'0');
INSERT INTO `system_dict_data` VALUES (601, 4, '秒杀活动页', '2', 'promotion_banner_position', 0, 'warning', '', '', '1', '2023-10-11 07:45:24', '1', '2023-10-11 07:45:38', b'0');
INSERT INTO `system_dict_data` VALUES (602, 3, '砍价活动页', '3', 'promotion_banner_position', 0, 'warning', '', '', '1', '2023-10-11 07:45:24', '1', '2023-10-11 07:45:38', b'0');
INSERT INTO `system_dict_data` VALUES (603, 2, '限时折扣页', '4', 'promotion_banner_position', 0, 'warning', '', '', '1', '2023-10-11 07:45:24', '1', '2023-10-11 07:45:38', b'0');
INSERT INTO `system_dict_data` VALUES (604, 1, '满减送页', '5', 'promotion_banner_position', 0, 'warning', '', '', '1', '2023-10-11 07:45:24', '1', '2023-10-11 07:45:38', b'0');
INSERT INTO `system_dict_data` VALUES (1118, 0, '等待退款', '0', 'pay_refund_status', 0, 'info', '', '等待退款', '1', '2021-12-10 16:44:59', '1', '2023-07-19 10:14:39', b'0');
INSERT INTO `system_dict_data` VALUES (1119, 20, '退款失败', '20', 'pay_refund_status', 0, 'danger', '', '退款失败', '1', '2021-12-10 16:45:10', '1', '2023-07-19 10:15:10', b'0');
INSERT INTO `system_dict_data` VALUES (1124, 10, '退款成功', '10', 'pay_refund_status', 0, 'success', '', '退款成功', '1', '2021-12-10 16:46:26', '1', '2023-07-19 10:15:00', b'0');
INSERT INTO `system_dict_data` VALUES (1127, 1, '审批中', '1', 'bpm_process_instance_status', 0, 'default', '', '流程实例的状态 - 进行中', '1', '2022-01-07 23:47:22', '1', '2024-03-16 16:11:45', b'0');
INSERT INTO `system_dict_data` VALUES (1128, 2, '审批通过', '2', 'bpm_process_instance_status', 0, 'success', '', '流程实例的状态 - 已完成', '1', '2022-01-07 23:47:49', '1', '2024-03-16 16:11:54', b'0');
INSERT INTO `system_dict_data` VALUES (1129, 1, '审批中', '1', 'bpm_task_status', 0, 'primary', '', '流程实例的结果 - 处理中', '1', '2022-01-07 23:48:32', '1', '2024-03-08 22:41:37', b'0');
INSERT INTO `system_dict_data` VALUES (1130, 2, '审批通过', '2', 'bpm_task_status', 0, 'success', '', '流程实例的结果 - 通过', '1', '2022-01-07 23:48:45', '1', '2024-03-08 22:41:38', b'0');
INSERT INTO `system_dict_data` VALUES (1131, 3, '审批不通过', '3', 'bpm_task_status', 0, 'danger', '', '流程实例的结果 - 不通过', '1', '2022-01-07 23:48:55', '1', '2024-03-08 22:41:38', b'0');
INSERT INTO `system_dict_data` VALUES (1132, 4, '已取消', '4', 'bpm_task_status', 0, 'info', '', '流程实例的结果 - 撤销', '1', '2022-01-07 23:49:06', '1', '2024-03-08 22:41:39', b'0');
INSERT INTO `system_dict_data` VALUES (1133, 10, '流程表单', '10', 'bpm_model_form_type', 0, '', '', '流程的表单类型 - 流程表单', '103', '2022-01-11 23:51:30', '103', '2022-01-11 23:51:30', b'0');
INSERT INTO `system_dict_data` VALUES (1134, 20, '业务表单', '20', 'bpm_model_form_type', 0, '', '', '流程的表单类型 - 业务表单', '103', '2022-01-11 23:51:47', '103', '2022-01-11 23:51:47', b'0');
INSERT INTO `system_dict_data` VALUES (1135, 10, '角色', '10', 'bpm_task_candidate_strategy', 0, 'info', '', '任务分配规则的类型 - 角色', '103', '2022-01-12 23:21:22', '1', '2024-03-06 02:53:16', b'0');
INSERT INTO `system_dict_data` VALUES (1136, 20, '部门的成员', '20', 'bpm_task_candidate_strategy', 0, 'primary', '', '任务分配规则的类型 - 部门的成员', '103', '2022-01-12 23:21:47', '1', '2024-03-06 02:53:17', b'0');
INSERT INTO `system_dict_data` VALUES (1137, 21, '部门的负责人', '21', 'bpm_task_candidate_strategy', 0, 'primary', '', '任务分配规则的类型 - 部门的负责人', '103', '2022-01-12 23:33:36', '1', '2024-03-06 02:53:18', b'0');
INSERT INTO `system_dict_data` VALUES (1138, 30, '用户', '30', 'bpm_task_candidate_strategy', 0, 'info', '', '任务分配规则的类型 - 用户', '103', '2022-01-12 23:34:02', '1', '2024-03-06 02:53:19', b'0');
INSERT INTO `system_dict_data` VALUES (1139, 40, '用户组', '40', 'bpm_task_candidate_strategy', 0, 'warning', '', '任务分配规则的类型 - 用户组', '103', '2022-01-12 23:34:21', '1', '2024-03-06 02:53:20', b'0');
INSERT INTO `system_dict_data` VALUES (1140, 60, '流程表达式', '60', 'bpm_task_candidate_strategy', 0, 'danger', '', '任务分配规则的类型 - 流程表达式', '103', '2022-01-12 23:34:43', '1', '2024-03-06 02:53:20', b'0');
INSERT INTO `system_dict_data` VALUES (1141, 22, '岗位', '22', 'bpm_task_candidate_strategy', 0, 'success', '', '任务分配规则的类型 - 岗位', '103', '2022-01-14 18:41:55', '1', '2024-03-06 02:53:21', b'0');
INSERT INTO `system_dict_data` VALUES (1145, 1, '管理后台', '1', 'infra_codegen_scene', 0, '', '', '代码生成的场景枚举 - 管理后台', '1', '2022-02-02 13:15:06', '1', '2022-03-10 16:32:59', b'0');
INSERT INTO `system_dict_data` VALUES (1146, 2, '用户 APP', '2', 'infra_codegen_scene', 0, '', '', '代码生成的场景枚举 - 用户 APP', '1', '2022-02-02 13:15:19', '1', '2022-03-10 16:33:03', b'0');
INSERT INTO `system_dict_data` VALUES (1150, 1, '数据库', '1', 'infra_file_storage', 0, 'default', '', NULL, '1', '2022-03-15 00:25:28', '1', '2022-03-15 00:25:28', b'0');
INSERT INTO `system_dict_data` VALUES (1151, 10, '本地磁盘', '10', 'infra_file_storage', 0, 'default', '', NULL, '1', '2022-03-15 00:25:41', '1', '2022-03-15 00:25:56', b'0');
INSERT INTO `system_dict_data` VALUES (1152, 11, 'FTP 服务器', '11', 'infra_file_storage', 0, 'default', '', NULL, '1', '2022-03-15 00:26:06', '1', '2022-03-15 00:26:10', b'0');
INSERT INTO `system_dict_data` VALUES (1153, 12, 'SFTP 服务器', '12', 'infra_file_storage', 0, 'default', '', NULL, '1', '2022-03-15 00:26:22', '1', '2022-03-15 00:26:22', b'0');
INSERT INTO `system_dict_data` VALUES (1154, 20, 'S3 对象存储', '20', 'infra_file_storage', 0, 'default', '', NULL, '1', '2022-03-15 00:26:31', '1', '2022-03-15 00:26:45', b'0');
INSERT INTO `system_dict_data` VALUES (1155, 103, '短信登录', '103', 'system_login_type', 0, 'default', '', NULL, '1', '2022-05-09 23:57:58', '1', '2022-05-09 23:58:09', b'0');
INSERT INTO `system_dict_data` VALUES (1156, 1, 'password', 'password', 'system_oauth2_grant_type', 0, 'default', '', '密码模式', '1', '2022-05-12 00:22:05', '1', '2022-05-11 16:26:01', b'0');
INSERT INTO `system_dict_data` VALUES (1157, 2, 'authorization_code', 'authorization_code', 'system_oauth2_grant_type', 0, 'primary', '', '授权码模式', '1', '2022-05-12 00:22:59', '1', '2022-05-11 16:26:02', b'0');
INSERT INTO `system_dict_data` VALUES (1158, 3, 'implicit', 'implicit', 'system_oauth2_grant_type', 0, 'success', '', '简化模式', '1', '2022-05-12 00:23:40', '1', '2022-05-11 16:26:05', b'0');
INSERT INTO `system_dict_data` VALUES (1159, 4, 'client_credentials', 'client_credentials', 'system_oauth2_grant_type', 0, 'default', '', '客户端模式', '1', '2022-05-12 00:23:51', '1', '2022-05-11 16:26:08', b'0');
INSERT INTO `system_dict_data` VALUES (1160, 5, 'refresh_token', 'refresh_token', 'system_oauth2_grant_type', 0, 'info', '', '刷新模式', '1', '2022-05-12 00:24:02', '1', '2022-05-11 16:26:11', b'0');
INSERT INTO `system_dict_data` VALUES (1162, 1, '销售中', '1', 'product_spu_status', 0, 'success', '', '商品 SPU 状态 - 销售中', '1', '2022-10-24 21:19:47', '1', '2022-10-24 21:20:38', b'0');
INSERT INTO `system_dict_data` VALUES (1163, 0, '仓库中', '0', 'product_spu_status', 0, 'info', '', '商品 SPU 状态 - 仓库中', '1', '2022-10-24 21:20:54', '1', '2022-10-24 21:21:22', b'0');
INSERT INTO `system_dict_data` VALUES (1164, 0, '回收站', '-1', 'product_spu_status', 0, 'default', '', '商品 SPU 状态 - 回收站', '1', '2022-10-24 21:21:11', '1', '2022-10-24 21:21:11', b'0');
INSERT INTO `system_dict_data` VALUES (1165, 1, '满减', '1', 'promotion_discount_type', 0, 'success', '', '优惠类型 - 满减', '1', '2022-11-01 12:46:41', '1', '2022-11-01 12:50:11', b'0');
INSERT INTO `system_dict_data` VALUES (1166, 2, '折扣', '2', 'promotion_discount_type', 0, 'primary', '', '优惠类型 - 折扣', '1', '2022-11-01 12:46:51', '1', '2022-11-01 12:50:08', b'0');
INSERT INTO `system_dict_data` VALUES (1167, 1, '固定日期', '1', 'promotion_coupon_template_validity_type', 0, 'default', '', '优惠劵模板的有限期类型 - 固定日期', '1', '2022-11-02 00:07:34', '1', '2022-11-04 00:07:49', b'0');
INSERT INTO `system_dict_data` VALUES (1168, 2, '领取之后', '2', 'promotion_coupon_template_validity_type', 0, 'default', '', '优惠劵模板的有限期类型 - 领取之后', '1', '2022-11-02 00:07:54', '1', '2022-11-04 00:07:52', b'0');
INSERT INTO `system_dict_data` VALUES (1169, 1, '通用劵', '1', 'promotion_product_scope', 0, 'default', '', '营销的商品范围 - 全部商品参与', '1', '2022-11-02 00:28:22', '1', '2023-09-28 00:27:42', b'0');
INSERT INTO `system_dict_data` VALUES (1170, 2, '商品劵', '2', 'promotion_product_scope', 0, 'default', '', '营销的商品范围 - 指定商品参与', '1', '2022-11-02 00:28:34', '1', '2023-09-28 00:27:44', b'0');
INSERT INTO `system_dict_data` VALUES (1171, 1, '未使用', '1', 'promotion_coupon_status', 0, 'primary', '', '优惠劵的状态 - 已领取', '1', '2022-11-04 00:15:08', '1', '2023-10-03 12:54:38', b'0');
INSERT INTO `system_dict_data` VALUES (1172, 2, '已使用', '2', 'promotion_coupon_status', 0, 'success', '', '优惠劵的状态 - 已使用', '1', '2022-11-04 00:15:21', '1', '2022-11-04 19:16:08', b'0');
INSERT INTO `system_dict_data` VALUES (1173, 3, '已过期', '3', 'promotion_coupon_status', 0, 'info', '', '优惠劵的状态 - 已过期', '1', '2022-11-04 00:15:43', '1', '2022-11-04 19:16:12', b'0');
INSERT INTO `system_dict_data` VALUES (1174, 1, '直接领取', '1', 'promotion_coupon_take_type', 0, 'primary', '', '优惠劵的领取方式 - 直接领取', '1', '2022-11-04 19:13:00', '1', '2022-11-04 19:13:25', b'0');
INSERT INTO `system_dict_data` VALUES (1175, 2, '指定发放', '2', 'promotion_coupon_take_type', 0, 'success', '', '优惠劵的领取方式 - 指定发放', '1', '2022-11-04 19:13:13', '1', '2022-11-04 19:14:48', b'0');
INSERT INTO `system_dict_data` VALUES (1176, 10, '未开始', '10', 'promotion_activity_status', 0, 'primary', '', '促销活动的状态枚举 - 未开始', '1', '2022-11-04 22:54:49', '1', '2022-11-04 22:55:53', b'0');
INSERT INTO `system_dict_data` VALUES (1177, 20, '进行中', '20', 'promotion_activity_status', 0, 'success', '', '促销活动的状态枚举 - 进行中', '1', '2022-11-04 22:55:06', '1', '2022-11-04 22:55:20', b'0');
INSERT INTO `system_dict_data` VALUES (1178, 30, '已结束', '30', 'promotion_activity_status', 0, 'info', '', '促销活动的状态枚举 - 已结束', '1', '2022-11-04 22:55:41', '1', '2022-11-04 22:55:41', b'0');
INSERT INTO `system_dict_data` VALUES (1179, 40, '已关闭', '40', 'promotion_activity_status', 0, 'warning', '', '促销活动的状态枚举 - 已关闭', '1', '2022-11-04 22:56:10', '1', '2022-11-04 22:56:18', b'0');
INSERT INTO `system_dict_data` VALUES (1180, 10, '满 N 元', '10', 'promotion_condition_type', 0, 'primary', '', '营销的条件类型 - 满 N 元', '1', '2022-11-04 22:59:45', '1', '2022-11-04 22:59:45', b'0');
INSERT INTO `system_dict_data` VALUES (1181, 20, '满 N 件', '20', 'promotion_condition_type', 0, 'success', '', '营销的条件类型 - 满 N 件', '1', '2022-11-04 23:00:02', '1', '2022-11-04 23:00:02', b'0');
INSERT INTO `system_dict_data` VALUES (1182, 10, '申请售后', '10', 'trade_after_sale_status', 0, 'primary', '', '交易售后状态 - 申请售后', '1', '2022-11-19 20:53:33', '1', '2022-11-19 20:54:42', b'0');
INSERT INTO `system_dict_data` VALUES (1183, 20, '商品待退货', '20', 'trade_after_sale_status', 0, 'primary', '', '交易售后状态 - 商品待退货', '1', '2022-11-19 20:54:36', '1', '2022-11-19 20:58:58', b'0');
INSERT INTO `system_dict_data` VALUES (1184, 30, '商家待收货', '30', 'trade_after_sale_status', 0, 'primary', '', '交易售后状态 - 商家待收货', '1', '2022-11-19 20:56:56', '1', '2022-11-19 20:59:20', b'0');
INSERT INTO `system_dict_data` VALUES (1185, 40, '等待退款', '40', 'trade_after_sale_status', 0, 'primary', '', '交易售后状态 - 等待退款', '1', '2022-11-19 20:59:54', '1', '2022-11-19 21:00:01', b'0');
INSERT INTO `system_dict_data` VALUES (1186, 50, '退款成功', '50', 'trade_after_sale_status', 0, 'default', '', '交易售后状态 - 退款成功', '1', '2022-11-19 21:00:33', '1', '2022-11-19 21:00:33', b'0');
INSERT INTO `system_dict_data` VALUES (1187, 61, '买家取消', '61', 'trade_after_sale_status', 0, 'info', '', '交易售后状态 - 买家取消', '1', '2022-11-19 21:01:29', '1', '2022-11-19 21:01:29', b'0');
INSERT INTO `system_dict_data` VALUES (1188, 62, '商家拒绝', '62', 'trade_after_sale_status', 0, 'info', '', '交易售后状态 - 商家拒绝', '1', '2022-11-19 21:02:17', '1', '2022-11-19 21:02:17', b'0');
INSERT INTO `system_dict_data` VALUES (1189, 63, '商家拒收货', '63', 'trade_after_sale_status', 0, 'info', '', '交易售后状态 - 商家拒收货', '1', '2022-11-19 21:02:37', '1', '2022-11-19 21:03:07', b'0');
INSERT INTO `system_dict_data` VALUES (1190, 10, '售中退款', '10', 'trade_after_sale_type', 0, 'success', '', '交易售后的类型 - 售中退款', '1', '2022-11-19 21:05:05', '1', '2022-11-19 21:38:23', b'0');
INSERT INTO `system_dict_data` VALUES (1191, 20, '售后退款', '20', 'trade_after_sale_type', 0, 'primary', '', '交易售后的类型 - 售后退款', '1', '2022-11-19 21:05:32', '1', '2022-11-19 21:38:32', b'0');
INSERT INTO `system_dict_data` VALUES (1192, 10, '仅退款', '10', 'trade_after_sale_way', 0, 'primary', '', '交易售后的方式 - 仅退款', '1', '2022-11-19 21:39:19', '1', '2022-11-19 21:39:19', b'0');
INSERT INTO `system_dict_data` VALUES (1193, 20, '退货退款', '20', 'trade_after_sale_way', 0, 'success', '', '交易售后的方式 - 退货退款', '1', '2022-11-19 21:39:38', '1', '2022-11-19 21:39:49', b'0');
INSERT INTO `system_dict_data` VALUES (1194, 10, '微信小程序', '10', 'terminal', 0, 'default', '', '终端 - 微信小程序', '1', '2022-12-10 10:51:11', '1', '2022-12-10 10:51:57', b'0');
INSERT INTO `system_dict_data` VALUES (1195, 20, 'H5 网页', '20', 'terminal', 0, 'default', '', '终端 - H5 网页', '1', '2022-12-10 10:51:30', '1', '2022-12-10 10:51:59', b'0');
INSERT INTO `system_dict_data` VALUES (1196, 11, '微信公众号', '11', 'terminal', 0, 'default', '', '终端 - 微信公众号', '1', '2022-12-10 10:54:16', '1', '2022-12-10 10:52:01', b'0');
INSERT INTO `system_dict_data` VALUES (1197, 31, '苹果 App', '31', 'terminal', 0, 'default', '', '终端 - 苹果 App', '1', '2022-12-10 10:54:42', '1', '2022-12-10 10:52:18', b'0');
INSERT INTO `system_dict_data` VALUES (1198, 32, '安卓 App', '32', 'terminal', 0, 'default', '', '终端 - 安卓 App', '1', '2022-12-10 10:55:02', '1', '2022-12-10 10:59:17', b'0');
INSERT INTO `system_dict_data` VALUES (1199, 0, '普通订单', '0', 'trade_order_type', 0, 'default', '', '交易订单的类型 - 普通订单', '1', '2022-12-10 16:34:14', '1', '2022-12-10 16:34:14', b'0');
INSERT INTO `system_dict_data` VALUES (1200, 1, '秒杀订单', '1', 'trade_order_type', 0, 'default', '', '交易订单的类型 - 秒杀订单', '1', '2022-12-10 16:34:26', '1', '2022-12-10 16:34:26', b'0');
INSERT INTO `system_dict_data` VALUES (1201, 2, '砍价订单', '2', 'trade_order_type', 0, 'default', '', '交易订单的类型 - 拼团订单', '1', '2022-12-10 16:34:36', '1', '2024-09-07 14:18:39', b'0');
INSERT INTO `system_dict_data` VALUES (1202, 3, '拼团订单', '3', 'trade_order_type', 0, 'default', '', '交易订单的类型 - 砍价订单', '1', '2022-12-10 16:34:48', '1', '2024-09-07 14:18:32', b'0');
INSERT INTO `system_dict_data` VALUES (1203, 0, '待支付', '0', 'trade_order_status', 0, 'default', '', '交易订单状态 - 待支付', '1', '2022-12-10 16:49:29', '1', '2022-12-10 16:49:29', b'0');
INSERT INTO `system_dict_data` VALUES (1204, 10, '待发货', '10', 'trade_order_status', 0, 'primary', '', '交易订单状态 - 待发货', '1', '2022-12-10 16:49:53', '1', '2022-12-10 16:51:17', b'0');
INSERT INTO `system_dict_data` VALUES (1205, 20, '已发货', '20', 'trade_order_status', 0, 'primary', '', '交易订单状态 - 已发货', '1', '2022-12-10 16:50:13', '1', '2022-12-10 16:51:31', b'0');
INSERT INTO `system_dict_data` VALUES (1206, 30, '已完成', '30', 'trade_order_status', 0, 'success', '', '交易订单状态 - 已完成', '1', '2022-12-10 16:50:30', '1', '2022-12-10 16:51:06', b'0');
INSERT INTO `system_dict_data` VALUES (1207, 40, '已取消', '40', 'trade_order_status', 0, 'danger', '', '交易订单状态 - 已取消', '1', '2022-12-10 16:50:50', '1', '2022-12-10 16:51:00', b'0');
INSERT INTO `system_dict_data` VALUES (1208, 0, '未售后', '0', 'trade_order_item_after_sale_status', 0, 'info', '', '交易订单项的售后状态 - 未售后', '1', '2022-12-10 20:58:42', '1', '2022-12-10 20:59:29', b'0');
INSERT INTO `system_dict_data` VALUES (1209, 10, '售后中', '10', 'trade_order_item_after_sale_status', 0, 'primary', '', '交易订单项的售后状态 - 售后中', '1', '2022-12-10 20:59:21', '1', '2024-07-21 17:01:24', b'0');
INSERT INTO `system_dict_data` VALUES (1210, 20, '已退款', '20', 'trade_order_item_after_sale_status', 0, 'success', '', '交易订单项的售后状态 - 已退款', '1', '2022-12-10 20:59:46', '1', '2024-07-21 17:01:35', b'0');
INSERT INTO `system_dict_data` VALUES (1211, 1, '完全匹配', '1', 'mp_auto_reply_request_match', 0, 'primary', '', '公众号自动回复的请求关键字匹配模式 - 完全匹配', '1', '2023-01-16 23:30:39', '1', '2023-01-16 23:31:00', b'0');
INSERT INTO `system_dict_data` VALUES (1212, 2, '半匹配', '2', 'mp_auto_reply_request_match', 0, 'success', '', '公众号自动回复的请求关键字匹配模式 - 半匹配', '1', '2023-01-16 23:30:55', '1', '2023-01-16 23:31:10', b'0');
INSERT INTO `system_dict_data` VALUES (1213, 1, '文本', 'text', 'mp_message_type', 0, 'default', '', '公众号的消息类型 - 文本', '1', '2023-01-17 22:17:32', '1', '2023-01-17 22:17:39', b'0');
INSERT INTO `system_dict_data` VALUES (1214, 2, '图片', 'image', 'mp_message_type', 0, 'default', '', '公众号的消息类型 - 图片', '1', '2023-01-17 22:17:32', '1', '2023-01-17 14:19:47', b'0');
INSERT INTO `system_dict_data` VALUES (1215, 3, '语音', 'voice', 'mp_message_type', 0, 'default', '', '公众号的消息类型 - 语音', '1', '2023-01-17 22:17:32', '1', '2023-01-17 14:20:08', b'0');
INSERT INTO `system_dict_data` VALUES (1216, 4, '视频', 'video', 'mp_message_type', 0, 'default', '', '公众号的消息类型 - 视频', '1', '2023-01-17 22:17:32', '1', '2023-01-17 14:21:08', b'0');
INSERT INTO `system_dict_data` VALUES (1217, 5, '小视频', 'shortvideo', 'mp_message_type', 0, 'default', '', '公众号的消息类型 - 小视频', '1', '2023-01-17 22:17:32', '1', '2023-01-17 14:19:59', b'0');
INSERT INTO `system_dict_data` VALUES (1218, 6, '图文', 'news', 'mp_message_type', 0, 'default', '', '公众号的消息类型 - 图文', '1', '2023-01-17 22:17:32', '1', '2023-01-17 14:22:54', b'0');
INSERT INTO `system_dict_data` VALUES (1219, 7, '音乐', 'music', 'mp_message_type', 0, 'default', '', '公众号的消息类型 - 音乐', '1', '2023-01-17 22:17:32', '1', '2023-01-17 14:22:54', b'0');
INSERT INTO `system_dict_data` VALUES (1220, 8, '地理位置', 'location', 'mp_message_type', 0, 'default', '', '公众号的消息类型 - 地理位置', '1', '2023-01-17 22:17:32', '1', '2023-01-17 14:23:51', b'0');
INSERT INTO `system_dict_data` VALUES (1221, 9, '链接', 'link', 'mp_message_type', 0, 'default', '', '公众号的消息类型 - 链接', '1', '2023-01-17 22:17:32', '1', '2023-01-17 14:24:49', b'0');
INSERT INTO `system_dict_data` VALUES (1222, 10, '事件', 'event', 'mp_message_type', 0, 'default', '', '公众号的消息类型 - 事件', '1', '2023-01-17 22:17:32', '1', '2023-01-17 14:24:49', b'0');
INSERT INTO `system_dict_data` VALUES (1223, 0, '初始化', '0', 'system_mail_send_status', 0, 'primary', '', '邮件发送状态 - 初始化\n', '1', '2023-01-26 09:53:49', '1', '2023-01-26 16:36:14', b'0');
INSERT INTO `system_dict_data` VALUES (1224, 10, '发送成功', '10', 'system_mail_send_status', 0, 'success', '', '邮件发送状态 - 发送成功', '1', '2023-01-26 09:54:28', '1', '2023-01-26 16:36:22', b'0');
INSERT INTO `system_dict_data` VALUES (1225, 20, '发送失败', '20', 'system_mail_send_status', 0, 'danger', '', '邮件发送状态 - 发送失败', '1', '2023-01-26 09:54:50', '1', '2023-01-26 16:36:26', b'0');
INSERT INTO `system_dict_data` VALUES (1226, 30, '不发送', '30', 'system_mail_send_status', 0, 'info', '', '邮件发送状态 -  不发送', '1', '2023-01-26 09:55:06', '1', '2023-01-26 16:36:36', b'0');
INSERT INTO `system_dict_data` VALUES (1227, 1, '通知公告', '1', 'system_notify_template_type', 0, 'primary', '', '站内信模版的类型 - 通知公告', '1', '2023-01-28 10:35:59', '1', '2023-01-28 10:35:59', b'0');
INSERT INTO `system_dict_data` VALUES (1228, 2, '系统消息', '2', 'system_notify_template_type', 0, 'success', '', '站内信模版的类型 - 系统消息', '1', '2023-01-28 10:36:20', '1', '2023-01-28 10:36:25', b'0');
INSERT INTO `system_dict_data` VALUES (1230, 13, '支付宝条码支付', 'alipay_bar', 'pay_channel_code', 0, 'primary', '', '支付宝条码支付', '1', '2023-02-18 23:32:24', '1', '2023-07-19 20:09:23', b'0');
INSERT INTO `system_dict_data` VALUES (1231, 10, 'Vue2 Element UI 标准模版', '10', 'infra_codegen_front_type', 0, '', '', '', '1', '2023-04-13 00:03:55', '1', '2023-04-13 00:03:55', b'0');
INSERT INTO `system_dict_data` VALUES (1232, 20, 'Vue3 Element Plus 标准模版', '20', 'infra_codegen_front_type', 0, '', '', '', '1', '2023-04-13 00:04:08', '1', '2023-04-13 00:04:08', b'0');
INSERT INTO `system_dict_data` VALUES (1234, 30, 'Vben2.0 Ant Design Schema 模版', '30', 'infra_codegen_front_type', 0, '', '', '', '1', '2023-04-13 00:04:26', '1', '2025-04-23 21:27:34', b'0');
INSERT INTO `system_dict_data` VALUES (1244, 0, '按件', '1', 'trade_delivery_express_charge_mode', 0, '', '', '', '1', '2023-05-21 22:46:40', '1', '2023-05-21 22:46:40', b'0');
INSERT INTO `system_dict_data` VALUES (1245, 1, '按重量', '2', 'trade_delivery_express_charge_mode', 0, '', '', '', '1', '2023-05-21 22:46:58', '1', '2023-05-21 22:46:58', b'0');
INSERT INTO `system_dict_data` VALUES (1246, 2, '按体积', '3', 'trade_delivery_express_charge_mode', 0, '', '', '', '1', '2023-05-21 22:47:18', '1', '2023-05-21 22:47:18', b'0');
INSERT INTO `system_dict_data` VALUES (1335, 11, '订单积分抵扣', '11', 'member_point_biz_type', 0, '', '', '', '1', '2023-06-10 12:15:27', '1', '2023-10-11 07:41:43', b'0');
INSERT INTO `system_dict_data` VALUES (1336, 1, '签到', '1', 'member_point_biz_type', 0, '', '', '', '1', '2023-06-10 12:15:48', '1', '2023-08-20 11:59:53', b'0');
INSERT INTO `system_dict_data` VALUES (1341, 20, '已退款', '20', 'pay_order_status', 0, 'danger', '', '已退款', '1', '2023-07-19 18:05:37', '1', '2023-07-19 18:05:37', b'0');
INSERT INTO `system_dict_data` VALUES (1342, 21, '请求成功，但是结果失败', '21', 'pay_notify_status', 0, 'warning', '', '请求成功，但是结果失败', '1', '2023-07-19 18:10:47', '1', '2023-07-19 18:11:38', b'0');
INSERT INTO `system_dict_data` VALUES (1343, 22, '请求失败', '22', 'pay_notify_status', 0, 'warning', '', NULL, '1', '2023-07-19 18:11:05', '1', '2023-07-19 18:11:27', b'0');
INSERT INTO `system_dict_data` VALUES (1344, 4, '微信扫码支付', 'wx_native', 'pay_channel_code', 0, 'success', '', '微信扫码支付', '1', '2023-07-19 20:07:47', '1', '2023-07-19 20:09:03', b'0');
INSERT INTO `system_dict_data` VALUES (1345, 5, '微信条码支付', 'wx_bar', 'pay_channel_code', 0, 'success', '', '微信条码支付\n', '1', '2023-07-19 20:08:06', '1', '2023-07-19 20:09:08', b'0');
INSERT INTO `system_dict_data` VALUES (1346, 1, '支付单', '1', 'pay_notify_type', 0, 'primary', '', '支付单', '1', '2023-07-20 12:23:17', '1', '2023-07-20 12:23:17', b'0');
INSERT INTO `system_dict_data` VALUES (1347, 2, '退款单', '2', 'pay_notify_type', 0, 'danger', '', NULL, '1', '2023-07-20 12:23:26', '1', '2023-07-20 12:23:26', b'0');
INSERT INTO `system_dict_data` VALUES (1348, 20, '模拟支付', 'mock', 'pay_channel_code', 0, 'default', '', '模拟支付', '1', '2023-07-29 11:10:51', '1', '2023-07-29 03:14:10', b'0');
INSERT INTO `system_dict_data` VALUES (1349, 12, '订单积分抵扣（整单取消）', '12', 'member_point_biz_type', 0, '', '', '', '1', '2023-08-20 12:00:03', '1', '2023-10-11 07:42:01', b'0');
INSERT INTO `system_dict_data` VALUES (1350, 0, '管理员调整', '0', 'member_experience_biz_type', 0, '', '', NULL, '', '2023-08-22 12:41:01', '', '2023-08-22 12:41:01', b'0');
INSERT INTO `system_dict_data` VALUES (1351, 1, '邀新奖励', '1', 'member_experience_biz_type', 0, '', '', NULL, '', '2023-08-22 12:41:01', '', '2023-08-22 12:41:01', b'0');
INSERT INTO `system_dict_data` VALUES (1352, 11, '下单奖励', '11', 'member_experience_biz_type', 0, 'success', '', NULL, '', '2023-08-22 12:41:01', '1', '2023-10-11 07:45:09', b'0');
INSERT INTO `system_dict_data` VALUES (1353, 12, '下单奖励（整单取消）', '12', 'member_experience_biz_type', 0, 'warning', '', NULL, '', '2023-08-22 12:41:01', '1', '2023-10-11 07:45:01', b'0');
INSERT INTO `system_dict_data` VALUES (1354, 4, '签到奖励', '4', 'member_experience_biz_type', 0, '', '', NULL, '', '2023-08-22 12:41:01', '', '2023-08-22 12:41:01', b'0');
INSERT INTO `system_dict_data` VALUES (1355, 5, '抽奖奖励', '5', 'member_experience_biz_type', 0, '', '', NULL, '', '2023-08-22 12:41:01', '', '2023-08-22 12:41:01', b'0');
INSERT INTO `system_dict_data` VALUES (1356, 1, '快递发货', '1', 'trade_delivery_type', 0, '', '', '', '1', '2023-08-23 00:04:55', '1', '2023-08-23 00:04:55', b'0');
INSERT INTO `system_dict_data` VALUES (1357, 2, '用户自提', '2', 'trade_delivery_type', 0, '', '', '', '1', '2023-08-23 00:05:05', '1', '2023-08-23 00:05:05', b'0');
INSERT INTO `system_dict_data` VALUES (1358, 3, '品类劵', '3', 'promotion_product_scope', 0, 'default', '', '', '1', '2023-09-01 23:43:07', '1', '2023-09-28 00:27:47', b'0');
INSERT INTO `system_dict_data` VALUES (1359, 1, '人人分销', '1', 'brokerage_enabled_condition', 0, '', '', '所有用户都可以分销', '', '2023-09-28 02:46:05', '', '2023-09-28 02:46:05', b'0');
INSERT INTO `system_dict_data` VALUES (1360, 2, '指定分销', '2', 'brokerage_enabled_condition', 0, '', '', '仅可后台手动设置推广员', '', '2023-09-28 02:46:05', '', '2023-09-28 02:46:05', b'0');
INSERT INTO `system_dict_data` VALUES (1361, 1, '首次绑定', '1', 'brokerage_bind_mode', 0, '', '', '只要用户没有推广人，随时都可以绑定推广关系', '', '2023-09-28 02:46:05', '', '2023-09-28 02:46:05', b'0');
INSERT INTO `system_dict_data` VALUES (1362, 2, '注册绑定', '2', 'brokerage_bind_mode', 0, '', '', '仅新用户注册时才能绑定推广关系', '', '2023-09-28 02:46:05', '', '2023-09-28 02:46:05', b'0');
INSERT INTO `system_dict_data` VALUES (1363, 3, '覆盖绑定', '3', 'brokerage_bind_mode', 0, '', '', '如果用户已经有推广人，推广人会被变更', '', '2023-09-28 02:46:05', '', '2023-09-28 02:46:05', b'0');
INSERT INTO `system_dict_data` VALUES (1364, 1, '钱包', '1', 'brokerage_withdraw_type', 0, '', '', NULL, '', '2023-09-28 02:46:05', '', '2023-09-28 02:46:05', b'0');
INSERT INTO `system_dict_data` VALUES (1365, 2, '银行卡', '2', 'brokerage_withdraw_type', 0, '', '', NULL, '', '2023-09-28 02:46:05', '', '2023-09-28 02:46:05', b'0');
INSERT INTO `system_dict_data` VALUES (1366, 3, '微信收款码', '3', 'brokerage_withdraw_type', 0, '', '', '手动打款', '', '2023-09-28 02:46:05', '1', '2025-05-10 08:24:25', b'0');
INSERT INTO `system_dict_data` VALUES (1367, 4, '支付宝收款码', '4', 'brokerage_withdraw_type', 0, '', '', '手动打款', '', '2023-09-28 02:46:05', '1', '2025-05-10 08:24:37', b'0');
INSERT INTO `system_dict_data` VALUES (1368, 1, '订单返佣', '1', 'brokerage_record_biz_type', 0, '', '', NULL, '', '2023-09-28 02:46:05', '', '2023-09-28 02:46:05', b'0');
INSERT INTO `system_dict_data` VALUES (1369, 2, '申请提现', '2', 'brokerage_record_biz_type', 0, '', '', NULL, '', '2023-09-28 02:46:05', '', '2023-09-28 02:46:05', b'0');
INSERT INTO `system_dict_data` VALUES (1370, 3, '申请提现驳回', '3', 'brokerage_record_biz_type', 0, '', '', NULL, '', '2023-09-28 02:46:05', '', '2023-09-28 02:46:05', b'0');
INSERT INTO `system_dict_data` VALUES (1371, 0, '待结算', '0', 'brokerage_record_status', 0, '', '', NULL, '', '2023-09-28 02:46:05', '', '2023-09-28 02:46:05', b'0');
INSERT INTO `system_dict_data` VALUES (1372, 1, '已结算', '1', 'brokerage_record_status', 0, '', '', NULL, '', '2023-09-28 02:46:05', '', '2023-09-28 02:46:05', b'0');
INSERT INTO `system_dict_data` VALUES (1373, 2, '已取消', '2', 'brokerage_record_status', 0, '', '', NULL, '', '2023-09-28 02:46:05', '', '2023-09-28 02:46:05', b'0');
INSERT INTO `system_dict_data` VALUES (1374, 0, '审核中', '0', 'brokerage_withdraw_status', 0, '', '', NULL, '', '2023-09-28 02:46:05', '', '2023-09-28 02:46:05', b'0');
INSERT INTO `system_dict_data` VALUES (1375, 10, '审核通过', '10', 'brokerage_withdraw_status', 0, 'success', '', NULL, '', '2023-09-28 02:46:05', '', '2023-09-28 02:46:05', b'0');
INSERT INTO `system_dict_data` VALUES (1376, 11, '提现成功', '11', 'brokerage_withdraw_status', 0, 'success', '', NULL, '', '2023-09-28 02:46:05', '', '2023-09-28 02:46:05', b'0');
INSERT INTO `system_dict_data` VALUES (1377, 20, '审核不通过', '20', 'brokerage_withdraw_status', 0, 'danger', '', NULL, '', '2023-09-28 02:46:05', '', '2023-09-28 02:46:05', b'0');
INSERT INTO `system_dict_data` VALUES (1378, 21, '提现失败', '21', 'brokerage_withdraw_status', 0, 'danger', '', NULL, '', '2023-09-28 02:46:05', '', '2023-09-28 02:46:05', b'0');
INSERT INTO `system_dict_data` VALUES (1379, 0, '工商银行', '0', 'brokerage_bank_name', 0, '', '', NULL, '', '2023-09-28 02:46:05', '', '2023-09-28 02:46:05', b'0');
INSERT INTO `system_dict_data` VALUES (1380, 1, '建设银行', '1', 'brokerage_bank_name', 0, '', '', NULL, '', '2023-09-28 02:46:05', '', '2023-09-28 02:46:05', b'0');
INSERT INTO `system_dict_data` VALUES (1381, 2, '农业银行', '2', 'brokerage_bank_name', 0, '', '', NULL, '', '2023-09-28 02:46:05', '', '2023-09-28 02:46:05', b'0');
INSERT INTO `system_dict_data` VALUES (1382, 3, '中国银行', '3', 'brokerage_bank_name', 0, '', '', NULL, '', '2023-09-28 02:46:05', '', '2023-09-28 02:46:05', b'0');
INSERT INTO `system_dict_data` VALUES (1383, 4, '交通银行', '4', 'brokerage_bank_name', 0, '', '', NULL, '', '2023-09-28 02:46:05', '', '2023-09-28 02:46:05', b'0');
INSERT INTO `system_dict_data` VALUES (1384, 5, '招商银行', '5', 'brokerage_bank_name', 0, '', '', NULL, '', '2023-09-28 02:46:05', '', '2023-09-28 02:46:05', b'0');
INSERT INTO `system_dict_data` VALUES (1385, 21, '钱包', 'wallet', 'pay_channel_code', 0, 'primary', '', '', '1', '2023-10-01 21:46:19', '1', '2023-10-01 21:48:01', b'0');
INSERT INTO `system_dict_data` VALUES (1386, 1, '砍价中', '1', 'promotion_bargain_record_status', 0, 'default', '', '', '1', '2023-10-05 10:41:26', '1', '2023-10-05 10:41:26', b'0');
INSERT INTO `system_dict_data` VALUES (1387, 2, '砍价成功', '2', 'promotion_bargain_record_status', 0, 'success', '', '', '1', '2023-10-05 10:41:39', '1', '2023-10-05 10:41:39', b'0');
INSERT INTO `system_dict_data` VALUES (1388, 3, '砍价失败', '3', 'promotion_bargain_record_status', 0, 'warning', '', '', '1', '2023-10-05 10:41:57', '1', '2023-10-05 10:41:57', b'0');
INSERT INTO `system_dict_data` VALUES (1389, 0, '拼团中', '0', 'promotion_combination_record_status', 0, '', '', '', '1', '2023-10-08 07:24:44', '1', '2024-10-13 10:08:17', b'0');
INSERT INTO `system_dict_data` VALUES (1390, 1, '拼团成功', '1', 'promotion_combination_record_status', 0, 'success', '', '', '1', '2023-10-08 07:24:56', '1', '2024-10-13 10:08:20', b'0');
INSERT INTO `system_dict_data` VALUES (1391, 2, '拼团失败', '2', 'promotion_combination_record_status', 0, 'warning', '', '', '1', '2023-10-08 07:25:11', '1', '2024-10-13 10:08:24', b'0');
INSERT INTO `system_dict_data` VALUES (1392, 2, '管理员修改', '2', 'member_point_biz_type', 0, 'default', '', '', '1', '2023-10-11 07:41:34', '1', '2023-10-11 07:41:34', b'0');
INSERT INTO `system_dict_data` VALUES (1393, 13, '订单积分抵扣（单个退款）', '13', 'member_point_biz_type', 0, '', '', '', '1', '2023-10-11 07:42:29', '1', '2023-10-11 07:42:29', b'0');
INSERT INTO `system_dict_data` VALUES (1394, 21, '订单积分奖励', '21', 'member_point_biz_type', 0, 'default', '', '', '1', '2023-10-11 07:42:44', '1', '2023-10-11 07:42:44', b'0');
INSERT INTO `system_dict_data` VALUES (1395, 22, '订单积分奖励（整单取消）', '22', 'member_point_biz_type', 0, 'default', '', '', '1', '2023-10-11 07:42:55', '1', '2023-10-11 07:43:01', b'0');
INSERT INTO `system_dict_data` VALUES (1396, 23, '订单积分奖励（单个退款）', '23', 'member_point_biz_type', 0, 'default', '', '', '1', '2023-10-11 07:43:16', '1', '2023-10-11 07:43:16', b'0');
INSERT INTO `system_dict_data` VALUES (1397, 13, '下单奖励（单个退款）', '13', 'member_experience_biz_type', 0, 'warning', '', '', '1', '2023-10-11 07:45:24', '1', '2023-10-11 07:45:38', b'0');
INSERT INTO `system_dict_data` VALUES (1398, 5, '网上转账', '5', 'crm_receivable_return_type', 0, 'default', '', '', '1', '2023-10-18 21:55:24', '1', '2023-10-18 21:55:24', b'0');
INSERT INTO `system_dict_data` VALUES (1399, 6, '支付宝', '6', 'crm_receivable_return_type', 0, 'default', '', '', '1', '2023-10-18 21:55:38', '1', '2023-10-18 21:55:38', b'0');
INSERT INTO `system_dict_data` VALUES (1400, 7, '微信支付', '7', 'crm_receivable_return_type', 0, 'default', '', '', '1', '2023-10-18 21:55:53', '1', '2023-10-18 21:55:53', b'0');
INSERT INTO `system_dict_data` VALUES (1401, 8, '其他', '8', 'crm_receivable_return_type', 0, 'default', '', '', '1', '2023-10-18 21:56:06', '1', '2023-10-18 21:56:06', b'0');
INSERT INTO `system_dict_data` VALUES (1402, 1, 'IT', '1', 'crm_customer_industry', 0, 'default', '', '', '1', '2023-10-28 23:02:15', '1', '2024-02-18 23:30:38', b'0');
INSERT INTO `system_dict_data` VALUES (1403, 2, '金融业', '2', 'crm_customer_industry', 0, 'default', '', '', '1', '2023-10-28 23:02:29', '1', '2024-02-18 23:30:43', b'0');
INSERT INTO `system_dict_data` VALUES (1404, 3, '房地产', '3', 'crm_customer_industry', 0, 'default', '', '', '1', '2023-10-28 23:02:41', '1', '2024-02-18 23:30:48', b'0');
INSERT INTO `system_dict_data` VALUES (1405, 4, '商业服务', '4', 'crm_customer_industry', 0, 'default', '', '', '1', '2023-10-28 23:02:54', '1', '2024-02-18 23:30:54', b'0');
INSERT INTO `system_dict_data` VALUES (1406, 5, '运输/物流', '5', 'crm_customer_industry', 0, 'default', '', '', '1', '2023-10-28 23:03:03', '1', '2024-02-18 23:31:00', b'0');
INSERT INTO `system_dict_data` VALUES (1407, 6, '生产', '6', 'crm_customer_industry', 0, 'default', '', '', '1', '2023-10-28 23:03:13', '1', '2024-02-18 23:31:08', b'0');
INSERT INTO `system_dict_data` VALUES (1408, 7, '政府', '7', 'crm_customer_industry', 0, 'default', '', '', '1', '2023-10-28 23:03:27', '1', '2024-02-18 23:31:13', b'0');
INSERT INTO `system_dict_data` VALUES (1409, 8, '文化传媒', '8', 'crm_customer_industry', 0, 'default', '', '', '1', '2023-10-28 23:03:37', '1', '2024-02-18 23:31:20', b'0');
INSERT INTO `system_dict_data` VALUES (1422, 1, 'A （重点客户）', '1', 'crm_customer_level', 0, 'primary', '', '', '1', '2023-10-28 23:07:13', '1', '2023-10-28 23:07:13', b'0');
INSERT INTO `system_dict_data` VALUES (1423, 2, 'B （普通客户）', '2', 'crm_customer_level', 0, 'info', '', '', '1', '2023-10-28 23:07:35', '1', '2023-10-28 23:07:35', b'0');
INSERT INTO `system_dict_data` VALUES (1424, 3, 'C （非优先客户）', '3', 'crm_customer_level', 0, 'default', '', '', '1', '2023-10-28 23:07:53', '1', '2023-10-28 23:07:53', b'0');
INSERT INTO `system_dict_data` VALUES (1425, 1, '促销', '1', 'crm_customer_source', 0, 'default', '', '', '1', '2023-10-28 23:08:29', '1', '2023-10-28 23:08:29', b'0');
INSERT INTO `system_dict_data` VALUES (1426, 2, '搜索引擎', '2', 'crm_customer_source', 0, 'default', '', '', '1', '2023-10-28 23:08:39', '1', '2023-10-28 23:08:39', b'0');
INSERT INTO `system_dict_data` VALUES (1427, 3, '广告', '3', 'crm_customer_source', 0, 'default', '', '', '1', '2023-10-28 23:08:47', '1', '2023-10-28 23:08:47', b'0');
INSERT INTO `system_dict_data` VALUES (1428, 4, '转介绍', '4', 'crm_customer_source', 0, 'default', '', '', '1', '2023-10-28 23:08:58', '1', '2023-10-28 23:08:58', b'0');
INSERT INTO `system_dict_data` VALUES (1429, 5, '线上注册', '5', 'crm_customer_source', 0, 'default', '', '', '1', '2023-10-28 23:09:12', '1', '2023-10-28 23:09:12', b'0');
INSERT INTO `system_dict_data` VALUES (1430, 6, '线上咨询', '6', 'crm_customer_source', 0, 'default', '', '', '1', '2023-10-28 23:09:22', '1', '2023-10-28 23:09:22', b'0');
INSERT INTO `system_dict_data` VALUES (1431, 7, '预约上门', '7', 'crm_customer_source', 0, 'default', '', '', '1', '2023-10-28 23:09:39', '1', '2023-10-28 23:09:39', b'0');
INSERT INTO `system_dict_data` VALUES (1432, 8, '陌拜', '8', 'crm_customer_source', 0, 'default', '', '', '1', '2023-10-28 23:10:04', '1', '2023-10-28 23:10:04', b'0');
INSERT INTO `system_dict_data` VALUES (1433, 9, '电话咨询', '9', 'crm_customer_source', 0, 'default', '', '', '1', '2023-10-28 23:10:18', '1', '2023-10-28 23:10:18', b'0');
INSERT INTO `system_dict_data` VALUES (1434, 10, '邮件咨询', '10', 'crm_customer_source', 0, 'default', '', '', '1', '2023-10-28 23:10:33', '1', '2023-10-28 23:10:33', b'0');
INSERT INTO `system_dict_data` VALUES (1435, 10, 'Gitee', '10', 'system_social_type', 0, '', '', '', '1', '2023-11-04 13:04:42', '1', '2023-11-04 13:04:42', b'0');
INSERT INTO `system_dict_data` VALUES (1436, 20, '钉钉', '20', 'system_social_type', 0, '', '', '', '1', '2023-11-04 13:04:54', '1', '2023-11-04 13:04:54', b'0');
INSERT INTO `system_dict_data` VALUES (1437, 30, '企业微信', '30', 'system_social_type', 0, '', '', '', '1', '2023-11-04 13:05:09', '1', '2023-11-04 13:05:09', b'0');
INSERT INTO `system_dict_data` VALUES (1438, 31, '微信公众平台', '31', 'system_social_type', 0, '', '', '', '1', '2023-11-04 13:05:18', '1', '2023-11-04 13:05:18', b'0');
INSERT INTO `system_dict_data` VALUES (1439, 32, '微信开放平台', '32', 'system_social_type', 0, '', '', '', '1', '2023-11-04 13:05:30', '1', '2023-11-04 13:05:30', b'0');
INSERT INTO `system_dict_data` VALUES (1440, 34, '微信小程序', '34', 'system_social_type', 0, '', '', '', '1', '2023-11-04 13:05:38', '1', '2023-11-04 13:07:16', b'0');
INSERT INTO `system_dict_data` VALUES (1441, 1, '上架', '1', 'crm_product_status', 0, 'success', '', '', '1', '2023-10-30 21:49:34', '1', '2023-10-30 21:49:34', b'0');
INSERT INTO `system_dict_data` VALUES (1442, 0, '下架', '0', 'crm_product_status', 0, 'success', '', '', '1', '2023-10-30 21:49:13', '1', '2023-10-30 21:49:13', b'0');
INSERT INTO `system_dict_data` VALUES (1443, 15, '子表', '15', 'infra_codegen_template_type', 0, 'default', '', '', '1', '2023-11-13 23:06:16', '1', '2023-11-13 23:06:16', b'0');
INSERT INTO `system_dict_data` VALUES (1444, 10, '主表（标准模式）', '10', 'infra_codegen_template_type', 0, 'default', '', '', '1', '2023-11-14 12:32:49', '1', '2023-11-14 12:32:49', b'0');
INSERT INTO `system_dict_data` VALUES (1445, 11, '主表（ERP 模式）', '11', 'infra_codegen_template_type', 0, 'default', '', '', '1', '2023-11-14 12:33:05', '1', '2023-11-14 12:33:05', b'0');
INSERT INTO `system_dict_data` VALUES (1446, 12, '主表（内嵌模式）', '12', 'infra_codegen_template_type', 0, '', '', '', '1', '2023-11-14 12:33:31', '1', '2023-11-14 12:33:31', b'0');
INSERT INTO `system_dict_data` VALUES (1447, 1, '负责人', '1', 'crm_permission_level', 0, 'default', '', '', '1', '2023-11-30 09:53:12', '1', '2023-11-30 09:53:12', b'0');
INSERT INTO `system_dict_data` VALUES (1448, 2, '只读', '2', 'crm_permission_level', 0, '', '', '', '1', '2023-11-30 09:53:29', '1', '2023-11-30 09:53:29', b'0');
INSERT INTO `system_dict_data` VALUES (1449, 3, '读写', '3', 'crm_permission_level', 0, '', '', '', '1', '2023-11-30 09:53:36', '1', '2023-11-30 09:53:36', b'0');
INSERT INTO `system_dict_data` VALUES (1450, 0, '未提交', '0', 'crm_audit_status', 0, '', '', '', '1', '2023-11-30 18:56:59', '1', '2023-11-30 18:56:59', b'0');
INSERT INTO `system_dict_data` VALUES (1451, 10, '审批中', '10', 'crm_audit_status', 0, '', '', '', '1', '2023-11-30 18:57:10', '1', '2023-11-30 18:57:10', b'0');
INSERT INTO `system_dict_data` VALUES (1452, 20, '审核通过', '20', 'crm_audit_status', 0, '', '', '', '1', '2023-11-30 18:57:24', '1', '2023-11-30 18:57:24', b'0');
INSERT INTO `system_dict_data` VALUES (1453, 30, '审核不通过', '30', 'crm_audit_status', 0, '', '', '', '1', '2023-11-30 18:57:32', '1', '2023-11-30 18:57:32', b'0');
INSERT INTO `system_dict_data` VALUES (1454, 40, '已取消', '40', 'crm_audit_status', 0, '', '', '', '1', '2023-11-30 18:57:42', '1', '2023-11-30 18:57:42', b'0');
INSERT INTO `system_dict_data` VALUES (1456, 1, '支票', '1', 'crm_receivable_return_type', 0, 'default', '', '', '1', '2023-10-18 21:54:29', '1', '2023-10-18 21:54:29', b'0');
INSERT INTO `system_dict_data` VALUES (1457, 2, '现金', '2', 'crm_receivable_return_type', 0, 'default', '', '', '1', '2023-10-18 21:54:41', '1', '2023-10-18 21:54:41', b'0');
INSERT INTO `system_dict_data` VALUES (1458, 3, '邮政汇款', '3', 'crm_receivable_return_type', 0, 'default', '', '', '1', '2023-10-18 21:54:53', '1', '2023-10-18 21:54:53', b'0');
INSERT INTO `system_dict_data` VALUES (1459, 4, '电汇', '4', 'crm_receivable_return_type', 0, 'default', '', '', '1', '2023-10-18 21:55:07', '1', '2023-10-18 21:55:07', b'0');
INSERT INTO `system_dict_data` VALUES (1461, 1, '个', '1', 'crm_product_unit', 0, '', '', '', '1', '2023-12-05 23:02:26', '1', '2023-12-05 23:02:26', b'0');
INSERT INTO `system_dict_data` VALUES (1462, 2, '块', '2', 'crm_product_unit', 0, '', '', '', '1', '2023-12-05 23:02:34', '1', '2023-12-05 23:02:34', b'0');
INSERT INTO `system_dict_data` VALUES (1463, 3, '只', '3', 'crm_product_unit', 0, '', '', '', '1', '2023-12-05 23:02:57', '1', '2023-12-05 23:02:57', b'0');
INSERT INTO `system_dict_data` VALUES (1464, 4, '把', '4', 'crm_product_unit', 0, '', '', '', '1', '2023-12-05 23:03:05', '1', '2023-12-05 23:03:05', b'0');
INSERT INTO `system_dict_data` VALUES (1465, 5, '枚', '5', 'crm_product_unit', 0, '', '', '', '1', '2023-12-05 23:03:14', '1', '2023-12-05 23:03:14', b'0');
INSERT INTO `system_dict_data` VALUES (1466, 6, '瓶', '6', 'crm_product_unit', 0, '', '', '', '1', '2023-12-05 23:03:20', '1', '2023-12-05 23:03:20', b'0');
INSERT INTO `system_dict_data` VALUES (1467, 7, '盒', '7', 'crm_product_unit', 0, '', '', '', '1', '2023-12-05 23:03:30', '1', '2023-12-05 23:03:30', b'0');
INSERT INTO `system_dict_data` VALUES (1468, 8, '台', '8', 'crm_product_unit', 0, '', '', '', '1', '2023-12-05 23:03:41', '1', '2023-12-05 23:03:41', b'0');
INSERT INTO `system_dict_data` VALUES (1469, 9, '吨', '9', 'crm_product_unit', 0, '', '', '', '1', '2023-12-05 23:03:48', '1', '2023-12-05 23:03:48', b'0');
INSERT INTO `system_dict_data` VALUES (1470, 10, '千克', '10', 'crm_product_unit', 0, '', '', '', '1', '2023-12-05 23:04:03', '1', '2023-12-05 23:04:03', b'0');
INSERT INTO `system_dict_data` VALUES (1471, 11, '米', '11', 'crm_product_unit', 0, '', '', '', '1', '2023-12-05 23:04:12', '1', '2023-12-05 23:04:12', b'0');
INSERT INTO `system_dict_data` VALUES (1472, 12, '箱', '12', 'crm_product_unit', 0, '', '', '', '1', '2023-12-05 23:04:25', '1', '2023-12-05 23:04:25', b'0');
INSERT INTO `system_dict_data` VALUES (1473, 13, '套', '13', 'crm_product_unit', 0, '', '', '', '1', '2023-12-05 23:04:34', '1', '2023-12-05 23:04:34', b'0');
INSERT INTO `system_dict_data` VALUES (1474, 1, '打电话', '1', 'crm_follow_up_type', 0, '', '', '', '1', '2024-01-15 20:48:20', '1', '2024-01-15 20:48:20', b'0');
INSERT INTO `system_dict_data` VALUES (1475, 2, '发短信', '2', 'crm_follow_up_type', 0, '', '', '', '1', '2024-01-15 20:48:31', '1', '2024-01-15 20:48:31', b'0');
INSERT INTO `system_dict_data` VALUES (1476, 3, '上门拜访', '3', 'crm_follow_up_type', 0, '', '', '', '1', '2024-01-15 20:49:07', '1', '2024-01-15 20:49:07', b'0');
INSERT INTO `system_dict_data` VALUES (1477, 4, '微信沟通', '4', 'crm_follow_up_type', 0, '', '', '', '1', '2024-01-15 20:49:15', '1', '2024-01-15 20:49:15', b'0');
INSERT INTO `system_dict_data` VALUES (1482, 4, '转账失败', '20', 'pay_transfer_status', 0, 'warning', '', '', '1', '2023-10-28 16:24:16', '1', '2025-05-08 12:59:01', b'0');
INSERT INTO `system_dict_data` VALUES (1483, 3, '转账成功', '10', 'pay_transfer_status', 0, 'success', '', '', '1', '2023-10-28 16:23:50', '1', '2025-05-08 12:58:58', b'0');
INSERT INTO `system_dict_data` VALUES (1484, 2, '转账进行中', '5', 'pay_transfer_status', 0, 'info', '', '', '1', '2023-10-28 16:23:12', '1', '2025-05-08 12:58:54', b'0');
INSERT INTO `system_dict_data` VALUES (1485, 1, '等待转账', '0', 'pay_transfer_status', 0, 'default', '', '', '1', '2023-10-28 16:21:43', '1', '2023-10-28 16:23:22', b'0');
INSERT INTO `system_dict_data` VALUES (1486, 10, '其它入库', '10', 'erp_stock_record_biz_type', 0, '', '', '', '1', '2024-02-05 18:07:25', '1', '2024-02-05 18:07:43', b'0');
INSERT INTO `system_dict_data` VALUES (1487, 11, '其它入库（作废）', '11', 'erp_stock_record_biz_type', 0, 'danger', '', '', '1', '2024-02-05 18:08:07', '1', '2024-02-05 19:20:16', b'0');
INSERT INTO `system_dict_data` VALUES (1488, 20, '其它出库', '20', 'erp_stock_record_biz_type', 0, '', '', '', '1', '2024-02-05 18:08:51', '1', '2024-02-05 18:08:51', b'0');
INSERT INTO `system_dict_data` VALUES (1489, 21, '其它出库（作废）', '21', 'erp_stock_record_biz_type', 0, 'danger', '', '', '1', '2024-02-05 18:09:00', '1', '2024-02-05 19:20:10', b'0');
INSERT INTO `system_dict_data` VALUES (1490, 10, '未审核', '10', 'erp_audit_status', 0, 'default', '', '', '1', '2024-02-06 00:00:21', '1', '2024-02-06 00:00:21', b'0');
INSERT INTO `system_dict_data` VALUES (1491, 20, '已审核', '20', 'erp_audit_status', 0, 'success', '', '', '1', '2024-02-06 00:00:35', '1', '2024-02-06 00:00:35', b'0');
INSERT INTO `system_dict_data` VALUES (1492, 30, '调拨入库', '30', 'erp_stock_record_biz_type', 0, '', '', '', '1', '2024-02-07 20:34:19', '1', '2024-02-07 12:36:31', b'0');
INSERT INTO `system_dict_data` VALUES (1493, 31, '调拨入库（作废）', '31', 'erp_stock_record_biz_type', 0, 'danger', '', '', '1', '2024-02-07 20:34:29', '1', '2024-02-07 20:37:11', b'0');
INSERT INTO `system_dict_data` VALUES (1494, 32, '调拨出库', '32', 'erp_stock_record_biz_type', 0, '', '', '', '1', '2024-02-07 20:34:38', '1', '2024-02-07 12:36:33', b'0');
INSERT INTO `system_dict_data` VALUES (1495, 33, '调拨出库（作废）', '33', 'erp_stock_record_biz_type', 0, 'danger', '', '', '1', '2024-02-07 20:34:49', '1', '2024-02-07 20:37:06', b'0');
INSERT INTO `system_dict_data` VALUES (1496, 40, '盘盈入库', '40', 'erp_stock_record_biz_type', 0, '', '', '', '1', '2024-02-08 08:53:00', '1', '2024-02-08 08:53:09', b'0');
INSERT INTO `system_dict_data` VALUES (1497, 41, '盘盈入库（作废）', '41', 'erp_stock_record_biz_type', 0, 'danger', '', '', '1', '2024-02-08 08:53:39', '1', '2024-02-16 19:40:54', b'0');
INSERT INTO `system_dict_data` VALUES (1498, 42, '盘亏出库', '42', 'erp_stock_record_biz_type', 0, '', '', '', '1', '2024-02-08 08:54:16', '1', '2024-02-08 08:54:16', b'0');
INSERT INTO `system_dict_data` VALUES (1499, 43, '盘亏出库（作废）', '43', 'erp_stock_record_biz_type', 0, 'danger', '', '', '1', '2024-02-08 08:54:31', '1', '2024-02-16 19:40:46', b'0');
INSERT INTO `system_dict_data` VALUES (1500, 50, '销售出库', '50', 'erp_stock_record_biz_type', 0, '', '', '', '1', '2024-02-11 21:47:25', '1', '2024-02-11 21:50:40', b'0');
INSERT INTO `system_dict_data` VALUES (1501, 51, '销售出库（作废）', '51', 'erp_stock_record_biz_type', 0, 'danger', '', '', '1', '2024-02-11 21:47:37', '1', '2024-02-11 21:51:12', b'0');
INSERT INTO `system_dict_data` VALUES (1502, 60, '销售退货入库', '60', 'erp_stock_record_biz_type', 0, '', '', '', '1', '2024-02-12 06:51:05', '1', '2024-02-12 06:51:05', b'0');
INSERT INTO `system_dict_data` VALUES (1503, 61, '销售退货入库（作废）', '61', 'erp_stock_record_biz_type', 0, 'danger', '', '', '1', '2024-02-12 06:51:18', '1', '2024-02-12 06:51:18', b'0');
INSERT INTO `system_dict_data` VALUES (1504, 70, '采购入库', '70', 'erp_stock_record_biz_type', 0, '', '', '', '1', '2024-02-16 13:10:02', '1', '2024-02-16 13:10:02', b'0');
INSERT INTO `system_dict_data` VALUES (1505, 71, '采购入库（作废）', '71', 'erp_stock_record_biz_type', 0, 'danger', '', '', '1', '2024-02-16 13:10:10', '1', '2024-02-16 19:40:40', b'0');
INSERT INTO `system_dict_data` VALUES (1506, 80, '采购退货出库', '80', 'erp_stock_record_biz_type', 0, '', '', '', '1', '2024-02-16 13:10:17', '1', '2024-02-16 13:10:17', b'0');
INSERT INTO `system_dict_data` VALUES (1507, 81, '采购退货出库（作废）', '81', 'erp_stock_record_biz_type', 0, 'danger', '', '', '1', '2024-02-16 13:10:26', '1', '2024-02-16 19:40:33', b'0');
INSERT INTO `system_dict_data` VALUES (1509, 3, '审批不通过', '3', 'bpm_process_instance_status', 0, 'danger', '', '', '1', '2024-03-16 16:12:06', '1', '2024-03-16 16:12:06', b'0');
INSERT INTO `system_dict_data` VALUES (1510, 4, '已取消', '4', 'bpm_process_instance_status', 0, 'warning', '', '', '1', '2024-03-16 16:12:22', '1', '2024-03-16 16:12:22', b'0');
INSERT INTO `system_dict_data` VALUES (1511, 5, '已退回', '5', 'bpm_task_status', 0, 'warning', '', '', '1', '2024-03-16 19:10:46', '1', '2024-03-08 22:41:40', b'0');
INSERT INTO `system_dict_data` VALUES (1512, 6, '委派中', '6', 'bpm_task_status', 0, 'primary', '', '', '1', '2024-03-17 10:06:22', '1', '2024-03-08 22:41:40', b'0');
INSERT INTO `system_dict_data` VALUES (1513, 7, '审批通过中', '7', 'bpm_task_status', 0, 'success', '', '', '1', '2024-03-17 10:06:47', '1', '2024-03-08 22:41:41', b'0');
INSERT INTO `system_dict_data` VALUES (1514, 0, '待审批', '0', 'bpm_task_status', 0, 'info', '', '', '1', '2024-03-17 10:07:11', '1', '2024-03-08 22:41:42', b'0');
INSERT INTO `system_dict_data` VALUES (1515, 35, '发起人自选', '35', 'bpm_task_candidate_strategy', 0, '', '', '', '1', '2024-03-22 19:45:16', '1', '2024-03-22 19:45:16', b'0');
INSERT INTO `system_dict_data` VALUES (1516, 1, '执行监听器', 'execution', 'bpm_process_listener_type', 0, 'primary', '', '', '1', '2024-03-23 12:54:03', '1', '2024-03-23 19:14:19', b'0');
INSERT INTO `system_dict_data` VALUES (1517, 1, '任务监听器', 'task', 'bpm_process_listener_type', 0, 'success', '', '', '1', '2024-03-23 12:54:13', '1', '2024-03-23 19:14:24', b'0');
INSERT INTO `system_dict_data` VALUES (1526, 1, 'Java 类', 'class', 'bpm_process_listener_value_type', 0, 'primary', '', '', '1', '2024-03-23 15:08:45', '1', '2024-03-23 19:14:32', b'0');
INSERT INTO `system_dict_data` VALUES (1527, 2, '表达式', 'expression', 'bpm_process_listener_value_type', 0, 'success', '', '', '1', '2024-03-23 15:09:06', '1', '2024-03-23 19:14:38', b'0');
INSERT INTO `system_dict_data` VALUES (1528, 3, '代理表达式', 'delegateExpression', 'bpm_process_listener_value_type', 0, 'info', '', '', '1', '2024-03-23 15:11:23', '1', '2024-03-23 19:14:41', b'0');
INSERT INTO `system_dict_data` VALUES (1529, 1, '天', '1', 'date_interval', 0, '', '', '', '1', '2024-03-29 22:50:26', '1', '2024-03-29 22:50:26', b'0');
INSERT INTO `system_dict_data` VALUES (1530, 2, '周', '2', 'date_interval', 0, '', '', '', '1', '2024-03-29 22:50:36', '1', '2024-03-29 22:50:36', b'0');
INSERT INTO `system_dict_data` VALUES (1531, 3, '月', '3', 'date_interval', 0, '', '', '', '1', '2024-03-29 22:50:46', '1', '2024-03-29 22:50:54', b'0');
INSERT INTO `system_dict_data` VALUES (1532, 4, '季度', '4', 'date_interval', 0, '', '', '', '1', '2024-03-29 22:51:01', '1', '2024-03-29 22:51:01', b'0');
INSERT INTO `system_dict_data` VALUES (1533, 5, '年', '5', 'date_interval', 0, '', '', '', '1', '2024-03-29 22:51:07', '1', '2024-03-29 22:51:07', b'0');
INSERT INTO `system_dict_data` VALUES (1534, 1, '赢单', '1', 'crm_business_end_status_type', 0, 'success', '', '', '1', '2024-04-13 23:26:57', '1', '2024-04-13 23:26:57', b'0');
INSERT INTO `system_dict_data` VALUES (1535, 2, '输单', '2', 'crm_business_end_status_type', 0, 'primary', '', '', '1', '2024-04-13 23:27:31', '1', '2024-04-13 23:27:31', b'0');
INSERT INTO `system_dict_data` VALUES (1536, 3, '无效', '3', 'crm_business_end_status_type', 0, 'info', '', '', '1', '2024-04-13 23:27:59', '1', '2024-04-13 23:27:59', b'0');
INSERT INTO `system_dict_data` VALUES (1537, 1, 'OpenAI', 'OpenAI', 'ai_platform', 0, '', '', '', '1', '2024-05-09 22:33:47', '1', '2024-05-09 22:58:46', b'0');
INSERT INTO `system_dict_data` VALUES (1538, 2, 'Ollama', 'Ollama', 'ai_platform', 0, '', '', '', '1', '2024-05-17 23:02:55', '1', '2024-05-17 23:02:55', b'0');
INSERT INTO `system_dict_data` VALUES (1539, 3, '文心一言', 'YiYan', 'ai_platform', 0, '', '', '', '1', '2024-05-18 09:24:20', '1', '2024-05-18 09:29:01', b'0');
INSERT INTO `system_dict_data` VALUES (1540, 4, '讯飞星火', 'XingHuo', 'ai_platform', 0, '', '', '', '1', '2024-05-18 10:08:56', '1', '2024-05-18 10:08:56', b'0');
INSERT INTO `system_dict_data` VALUES (1541, 5, '通义千问', 'TongYi', 'ai_platform', 0, '', '', '', '1', '2024-05-18 10:32:29', '1', '2024-07-06 15:42:29', b'0');
INSERT INTO `system_dict_data` VALUES (1542, 6, 'StableDiffusion', 'StableDiffusion', 'ai_platform', 0, '', '', '', '1', '2024-06-01 15:09:31', '1', '2024-06-01 15:10:25', b'0');
INSERT INTO `system_dict_data` VALUES (1543, 10, '进行中', '10', 'ai_image_status', 0, 'primary', '', '', '1', '2024-06-26 20:51:41', '1', '2024-06-26 20:52:48', b'0');
INSERT INTO `system_dict_data` VALUES (1544, 20, '已完成', '20', 'ai_image_status', 0, 'success', '', '', '1', '2024-06-26 20:52:07', '1', '2024-06-26 20:52:41', b'0');
INSERT INTO `system_dict_data` VALUES (1545, 30, '已失败', '30', 'ai_image_status', 0, 'warning', '', '', '1', '2024-06-26 20:52:25', '1', '2024-06-26 20:52:35', b'0');
INSERT INTO `system_dict_data` VALUES (1546, 7, 'Midjourney', 'Midjourney', 'ai_platform', 0, '', '', '', '1', '2024-06-26 22:14:46', '1', '2024-06-26 22:14:46', b'0');
INSERT INTO `system_dict_data` VALUES (1547, 10, '进行中', '10', 'ai_music_status', 0, 'primary', '', '', '1', '2024-06-27 22:45:22', '1', '2024-06-28 00:56:17', b'0');
INSERT INTO `system_dict_data` VALUES (1548, 20, '已完成', '20', 'ai_music_status', 0, 'success', '', '', '1', '2024-06-27 22:45:33', '1', '2024-06-28 00:56:18', b'0');
INSERT INTO `system_dict_data` VALUES (1549, 30, '已失败', '30', 'ai_music_status', 0, 'danger', '', '', '1', '2024-06-27 22:45:44', '1', '2024-06-28 00:56:19', b'0');
INSERT INTO `system_dict_data` VALUES (1550, 1, '歌词模式', '1', 'ai_generate_mode', 0, '', '', '', '1', '2024-06-27 22:46:31', '1', '2024-06-28 01:22:25', b'0');
INSERT INTO `system_dict_data` VALUES (1551, 2, '描述模式', '2', 'ai_generate_mode', 0, '', '', '', '1', '2024-06-27 22:46:37', '1', '2024-06-28 01:22:24', b'0');
INSERT INTO `system_dict_data` VALUES (1552, 8, 'Suno', 'Suno', 'ai_platform', 0, '', '', '', '1', '2024-06-29 09:13:36', '1', '2024-06-29 09:13:41', b'0');
INSERT INTO `system_dict_data` VALUES (1553, 9, 'DeepSeek', 'DeepSeek', 'ai_platform', 0, '', '', '', '1', '2024-07-06 12:04:30', '1', '2024-07-06 12:05:20', b'0');
INSERT INTO `system_dict_data` VALUES (1554, 13, '智谱', 'ZhiPu', 'ai_platform', 0, '', '', '', '1', '2024-07-06 18:00:35', '1', '2025-02-24 20:18:41', b'0');
INSERT INTO `system_dict_data` VALUES (1555, 4, '长', '4', 'ai_write_length', 0, '', '', '', '1', '2024-07-07 15:49:03', '1', '2024-07-07 15:49:03', b'0');
INSERT INTO `system_dict_data` VALUES (1556, 5, '段落', '5', 'ai_write_format', 0, '', '', '', '1', '2024-07-07 15:49:54', '1', '2024-07-07 15:49:54', b'0');
INSERT INTO `system_dict_data` VALUES (1557, 6, '文章', '6', 'ai_write_format', 0, '', '', '', '1', '2024-07-07 15:50:05', '1', '2024-07-07 15:50:05', b'0');
INSERT INTO `system_dict_data` VALUES (1558, 7, '博客文章', '7', 'ai_write_format', 0, '', '', '', '1', '2024-07-07 15:50:23', '1', '2024-07-07 15:50:23', b'0');
INSERT INTO `system_dict_data` VALUES (1559, 8, '想法', '8', 'ai_write_format', 0, '', '', '', '1', '2024-07-07 15:50:31', '1', '2024-07-07 15:50:31', b'0');
INSERT INTO `system_dict_data` VALUES (1560, 9, '大纲', '9', 'ai_write_format', 0, '', '', '', '1', '2024-07-07 15:50:37', '1', '2024-07-07 15:50:37', b'0');
INSERT INTO `system_dict_data` VALUES (1561, 1, '自动', '1', 'ai_write_tone', 0, '', '', '', '1', '2024-07-07 15:51:06', '1', '2024-07-07 15:51:06', b'0');
INSERT INTO `system_dict_data` VALUES (1562, 2, '友善', '2', 'ai_write_tone', 0, '', '', '', '1', '2024-07-07 15:51:19', '1', '2024-07-07 15:51:19', b'0');
INSERT INTO `system_dict_data` VALUES (1563, 3, '随意', '3', 'ai_write_tone', 0, '', '', '', '1', '2024-07-07 15:51:27', '1', '2024-07-07 15:51:27', b'0');
INSERT INTO `system_dict_data` VALUES (1564, 4, '友好', '4', 'ai_write_tone', 0, '', '', '', '1', '2024-07-07 15:51:37', '1', '2024-07-07 15:51:37', b'0');
INSERT INTO `system_dict_data` VALUES (1565, 5, '专业', '5', 'ai_write_tone', 0, '', '', '', '1', '2024-07-07 15:51:49', '1', '2024-07-07 15:52:02', b'0');
INSERT INTO `system_dict_data` VALUES (1566, 6, '诙谐', '6', 'ai_write_tone', 0, '', '', '', '1', '2024-07-07 15:52:15', '1', '2024-07-07 15:52:15', b'0');
INSERT INTO `system_dict_data` VALUES (1567, 7, '有趣', '7', 'ai_write_tone', 0, '', '', '', '1', '2024-07-07 15:52:24', '1', '2024-07-07 15:52:24', b'0');
INSERT INTO `system_dict_data` VALUES (1568, 8, '正式', '8', 'ai_write_tone', 0, '', '', '', '1', '2024-07-07 15:54:33', '1', '2024-07-07 15:54:33', b'0');
INSERT INTO `system_dict_data` VALUES (1569, 5, '段落', '5', 'ai_write_format', 0, '', '', '', '1', '2024-07-07 15:49:54', '1', '2024-07-07 15:49:54', b'0');
INSERT INTO `system_dict_data` VALUES (1570, 1, '自动', '1', 'ai_write_format', 0, '', '', '', '1', '2024-07-07 15:19:34', '1', '2024-07-07 15:19:34', b'0');
INSERT INTO `system_dict_data` VALUES (1571, 2, '电子邮件', '2', 'ai_write_format', 0, '', '', '', '1', '2024-07-07 15:19:50', '1', '2024-07-07 15:49:30', b'0');
INSERT INTO `system_dict_data` VALUES (1572, 3, '消息', '3', 'ai_write_format', 0, '', '', '', '1', '2024-07-07 15:20:01', '1', '2024-07-07 15:49:38', b'0');
INSERT INTO `system_dict_data` VALUES (1573, 4, '评论', '4', 'ai_write_format', 0, '', '', '', '1', '2024-07-07 15:20:13', '1', '2024-07-07 15:49:45', b'0');
INSERT INTO `system_dict_data` VALUES (1574, 1, '自动', '1', 'ai_write_language', 0, '', '', '', '1', '2024-07-07 15:44:18', '1', '2024-07-07 15:44:18', b'0');
INSERT INTO `system_dict_data` VALUES (1575, 2, '中文', '2', 'ai_write_language', 0, '', '', '', '1', '2024-07-07 15:44:28', '1', '2024-07-07 15:44:28', b'0');
INSERT INTO `system_dict_data` VALUES (1576, 3, '英文', '3', 'ai_write_language', 0, '', '', '', '1', '2024-07-07 15:44:37', '1', '2024-07-07 15:44:37', b'0');
INSERT INTO `system_dict_data` VALUES (1577, 4, '韩语', '4', 'ai_write_language', 0, '', '', '', '1', '2024-07-07 15:46:28', '1', '2024-07-07 15:46:28', b'0');
INSERT INTO `system_dict_data` VALUES (1578, 5, '日语', '5', 'ai_write_language', 0, '', '', '', '1', '2024-07-07 15:46:44', '1', '2024-07-07 15:46:44', b'0');
INSERT INTO `system_dict_data` VALUES (1579, 1, '自动', '1', 'ai_write_length', 0, '', '', '', '1', '2024-07-07 15:48:34', '1', '2024-07-07 15:48:34', b'0');
INSERT INTO `system_dict_data` VALUES (1580, 2, '短', '2', 'ai_write_length', 0, '', '', '', '1', '2024-07-07 15:48:44', '1', '2024-07-07 15:48:44', b'0');
INSERT INTO `system_dict_data` VALUES (1581, 3, '中等', '3', 'ai_write_length', 0, '', '', '', '1', '2024-07-07 15:48:52', '1', '2024-07-07 15:48:52', b'0');
INSERT INTO `system_dict_data` VALUES (1582, 4, '长', '4', 'ai_write_length', 0, '', '', '', '1', '2024-07-07 15:49:03', '1', '2024-07-07 15:49:03', b'0');
INSERT INTO `system_dict_data` VALUES (1584, 1, '撰写', '1', 'ai_write_type', 0, '', '', '', '1', '2024-07-10 21:26:00', '1', '2024-07-10 21:26:00', b'0');
INSERT INTO `system_dict_data` VALUES (1585, 2, '回复', '2', 'ai_write_type', 0, '', '', '', '1', '2024-07-10 21:26:06', '1', '2024-07-10 21:26:06', b'0');
INSERT INTO `system_dict_data` VALUES (1586, 2, '腾讯云', 'TENCENT', 'system_sms_channel_code', 0, '', '', '', '1', '2024-07-22 22:23:16', '1', '2024-07-22 22:23:16', b'0');
INSERT INTO `system_dict_data` VALUES (1587, 3, '华为云', 'HUAWEI', 'system_sms_channel_code', 0, '', '', '', '1', '2024-07-22 22:23:46', '1', '2024-07-22 22:23:53', b'0');
INSERT INTO `system_dict_data` VALUES (1588, 1, 'OpenAI 微软', 'AzureOpenAI', 'ai_platform', 0, '', '', '', '1', '2024-08-10 14:07:41', '1', '2024-08-10 14:07:41', b'0');
INSERT INTO `system_dict_data` VALUES (1589, 10, 'BPMN 设计器', '10', 'bpm_model_type', 0, 'primary', '', '', '1', '2024-08-26 15:22:17', '1', '2024-08-26 16:46:02', b'0');
INSERT INTO `system_dict_data` VALUES (1590, 20, 'SIMPLE 设计器', '20', 'bpm_model_type', 0, 'success', '', '', '1', '2024-08-26 15:22:27', '1', '2024-08-26 16:45:58', b'0');
INSERT INTO `system_dict_data` VALUES (1591, 4, '七牛云', 'QINIU', 'system_sms_channel_code', 0, '', '', '', '1', '2024-08-31 08:45:03', '1', '2024-08-31 08:45:24', b'0');
INSERT INTO `system_dict_data` VALUES (1592, 3, '新人券', '3', 'promotion_coupon_take_type', 0, 'info', '', '新人注册后，自动发放', '1', '2024-09-03 11:57:16', '1', '2024-09-03 11:57:28', b'0');
INSERT INTO `system_dict_data` VALUES (1593, 5, '微信零钱', '5', 'brokerage_withdraw_type', 0, '', '', 'API 打款', '1', '2024-10-13 11:06:48', '1', '2025-05-10 08:24:55', b'0');
INSERT INTO `system_dict_data` VALUES (1683, 10, '字节豆包', 'DouBao', 'ai_platform', 0, '', '', '', '1', '2025-02-23 19:51:40', '1', '2025-02-23 19:52:02', b'0');
INSERT INTO `system_dict_data` VALUES (1684, 11, '腾讯混元', 'HunYuan', 'ai_platform', 0, '', '', '', '1', '2025-02-23 20:58:04', '1', '2025-02-23 20:58:04', b'0');
INSERT INTO `system_dict_data` VALUES (1685, 12, '硅基流动', 'SiliconFlow', 'ai_platform', 0, '', '', '', '1', '2025-02-24 20:19:09', '1', '2025-02-24 20:19:09', b'0');
INSERT INTO `system_dict_data` VALUES (1686, 1, '聊天', '1', 'ai_model_type', 0, '', '', '', '1', '2025-03-03 12:26:34', '1', '2025-03-03 12:26:34', b'0');
INSERT INTO `system_dict_data` VALUES (1687, 2, '图像', '2', 'ai_model_type', 0, '', '', '', '1', '2025-03-03 12:27:23', '1', '2025-03-03 12:27:23', b'0');
INSERT INTO `system_dict_data` VALUES (1688, 3, '音频', '3', 'ai_model_type', 0, '', '', '', '1', '2025-03-03 12:27:51', '1', '2025-03-03 12:27:51', b'0');
INSERT INTO `system_dict_data` VALUES (1689, 4, '视频', '4', 'ai_model_type', 0, '', '', '', '1', '2025-03-03 12:28:03', '1', '2025-03-03 12:28:03', b'0');
INSERT INTO `system_dict_data` VALUES (1690, 5, '向量', '5', 'ai_model_type', 0, '', '', '', '1', '2025-03-03 12:28:15', '1', '2025-03-03 12:28:15', b'0');
INSERT INTO `system_dict_data` VALUES (1691, 6, '重排', '6', 'ai_model_type', 0, '', '', '', '1', '2025-03-03 12:28:26', '1', '2025-03-03 12:28:26', b'0');
INSERT INTO `system_dict_data` VALUES (1692, 14, 'MiniMax', 'MiniMax', 'ai_platform', 0, '', '', '', '1', '2025-03-11 20:04:51', '1', '2025-03-11 20:04:51', b'0');
INSERT INTO `system_dict_data` VALUES (1693, 15, '月之暗灭', 'Moonshot', 'ai_platform', 0, '', '', '', '1', '2025-03-11 20:05:08', '1', '2025-03-11 20:05:08', b'0');
INSERT INTO `system_dict_data` VALUES (2000, 0, '标准数据格式（JSON）', '0', 'iot_data_format', 0, 'default', '', '', '1', '2024-08-10 11:53:26', '1', '2025-03-17 09:28:16', b'0');
INSERT INTO `system_dict_data` VALUES (2001, 1, '透传/自定义', '1', 'iot_data_format', 0, 'default', '', '', '1', '2024-08-10 11:53:37', '1', '2025-03-17 09:28:19', b'0');
INSERT INTO `system_dict_data` VALUES (2002, 0, '直连设备', '0', 'iot_product_device_type', 0, 'default', '', '', '1', '2024-08-10 11:54:58', '1', '2025-03-17 09:28:22', b'0');
INSERT INTO `system_dict_data` VALUES (2003, 2, '网关设备', '2', 'iot_product_device_type', 0, 'default', '', '', '1', '2024-08-10 11:55:08', '1', '2025-03-17 09:28:28', b'0');
INSERT INTO `system_dict_data` VALUES (2004, 1, '网关子设备', '1', 'iot_product_device_type', 0, 'default', '', '', '1', '2024-08-10 11:55:20', '1', '2025-03-17 09:28:31', b'0');
INSERT INTO `system_dict_data` VALUES (2005, 1, '已发布', '1', 'iot_product_status', 0, 'success', '', '', '1', '2024-08-10 12:10:33', '1', '2025-03-17 09:28:34', b'0');
INSERT INTO `system_dict_data` VALUES (2006, 0, '开发中', '0', 'iot_product_status', 0, 'default', '', '', '1', '2024-08-10 14:19:18', '1', '2025-03-17 09:28:39', b'0');
INSERT INTO `system_dict_data` VALUES (2007, 0, '弱校验', '0', 'iot_validate_type', 0, '', '', '', '1', '2024-09-06 20:05:48', '1', '2025-03-17 09:28:41', b'0');
INSERT INTO `system_dict_data` VALUES (2008, 1, '免校验', '1', 'iot_validate_type', 0, '', '', '', '1', '2024-09-06 20:06:03', '1', '2025-03-17 09:28:44', b'0');
INSERT INTO `system_dict_data` VALUES (2009, 0, 'Wi-Fi', '0', 'iot_net_type', 0, '', '', '', '1', '2024-09-06 22:04:47', '1', '2025-03-17 09:28:47', b'0');
INSERT INTO `system_dict_data` VALUES (2010, 1, '蜂窝（2G / 3G / 4G / 5G）', '1', 'iot_net_type', 0, '', '', '', '1', '2024-09-06 22:05:14', '1', '2025-03-17 09:28:49', b'0');
INSERT INTO `system_dict_data` VALUES (2011, 2, '以太网', '2', 'iot_net_type', 0, '', '', '', '1', '2024-09-06 22:05:35', '1', '2025-03-17 09:28:51', b'0');
INSERT INTO `system_dict_data` VALUES (2012, 3, '其他', '3', 'iot_net_type', 0, '', '', '', '1', '2024-09-06 22:05:52', '1', '2025-03-17 09:28:54', b'0');
INSERT INTO `system_dict_data` VALUES (2013, 0, '自定义', '0', 'iot_protocol_type', 0, '', '', '', '1', '2024-09-06 22:26:10', '1', '2025-03-17 09:28:56', b'0');
INSERT INTO `system_dict_data` VALUES (2014, 1, 'Modbus', '1', 'iot_protocol_type', 0, '', '', '', '1', '2024-09-06 22:26:21', '1', '2025-03-17 09:28:58', b'0');
INSERT INTO `system_dict_data` VALUES (2015, 2, 'OPC UA', '2', 'iot_protocol_type', 0, '', '', '', '1', '2024-09-06 22:26:31', '1', '2025-03-17 09:29:00', b'0');
INSERT INTO `system_dict_data` VALUES (2016, 3, 'ZigBee', '3', 'iot_protocol_type', 0, '', '', '', '1', '2024-09-06 22:26:39', '1', '2025-03-17 09:29:04', b'0');
INSERT INTO `system_dict_data` VALUES (2017, 4, 'BLE', '4', 'iot_protocol_type', 0, '', '', '', '1', '2024-09-06 22:26:48', '1', '2025-03-17 09:29:06', b'0');
INSERT INTO `system_dict_data` VALUES (2018, 0, '未激活', '0', 'iot_device_state', 0, '', '', '', '1', '2024-09-21 08:13:34', '1', '2025-03-17 09:29:09', b'0');
INSERT INTO `system_dict_data` VALUES (2019, 1, '在线', '1', 'iot_device_state', 0, '', '', '', '1', '2024-09-21 08:13:48', '1', '2025-03-17 09:29:12', b'0');
INSERT INTO `system_dict_data` VALUES (2020, 2, '离线', '2', 'iot_device_state', 0, '', '', '', '1', '2024-09-21 08:13:59', '1', '2025-03-17 09:29:14', b'0');
INSERT INTO `system_dict_data` VALUES (2021, 1, '属性', '1', 'iot_thing_model_type', 0, '', '', '', '1', '2024-09-29 20:03:01', '1', '2025-03-17 09:29:24', b'0');
INSERT INTO `system_dict_data` VALUES (2022, 2, '服务', '2', 'iot_thing_model_type', 0, '', '', '', '1', '2024-09-29 20:03:11', '1', '2025-03-17 09:29:27', b'0');
INSERT INTO `system_dict_data` VALUES (2023, 3, '事件', '3', 'iot_thing_model_type', 0, '', '', '', '1', '2024-09-29 20:03:20', '1', '2025-03-17 09:29:29', b'0');
INSERT INTO `system_dict_data` VALUES (2024, 1, 'JAR 部署', '0', 'iot_plugin_deploy_type', 0, '', '', '', '1', '2024-12-13 10:55:32', '1', '2025-03-17 09:29:32', b'0');
INSERT INTO `system_dict_data` VALUES (2025, 2, '独立部署', '1', 'iot_plugin_deploy_type', 0, '', '', '', '1', '2024-12-13 10:55:43', '1', '2025-03-17 09:29:34', b'0');
INSERT INTO `system_dict_data` VALUES (2026, 0, '停止', '0', 'iot_plugin_status', 0, 'danger', '', '', '1', '2024-12-13 11:07:37', '1', '2025-03-17 09:29:37', b'0');
INSERT INTO `system_dict_data` VALUES (2027, 1, '运行', '1', 'iot_plugin_status', 0, '', '', '', '1', '2024-12-13 11:07:45', '1', '2025-03-17 09:34:17', b'0');
INSERT INTO `system_dict_data` VALUES (2028, 0, '普通插件', '0', 'iot_plugin_type', 0, '', '', '', '1', '2024-12-13 11:08:32', '1', '2025-03-17 09:34:19', b'0');
INSERT INTO `system_dict_data` VALUES (2029, 1, '设备插件', '1', 'iot_plugin_type', 0, '', '', '', '1', '2024-12-13 11:08:41', '1', '2025-03-17 09:34:22', b'0');
INSERT INTO `system_dict_data` VALUES (2030, 1, '升每分钟', 'L/min', 'iot_thing_model_unit', 0, '', '', '', '1', '2024-12-13 11:08:41', '1', '2025-03-17 09:34:24', b'0');
INSERT INTO `system_dict_data` VALUES (2031, 2, '毫克每千克', 'mg/kg', 'iot_thing_model_unit', 0, '', '', '', '1', '2024-12-13 11:08:41', '1', '2025-03-17 09:34:27', b'0');
INSERT INTO `system_dict_data` VALUES (2032, 3, '浊度', 'NTU', 'iot_thing_model_unit', 0, '', '', '', '1', '2024-12-13 11:08:41', '1', '2025-03-17 09:34:31', b'0');
INSERT INTO `system_dict_data` VALUES (2033, 4, 'PH值', 'pH', 'iot_thing_model_unit', 0, '', '', '', '1', '2024-12-13 11:08:41', '1', '2025-03-17 09:34:36', b'0');
INSERT INTO `system_dict_data` VALUES (2034, 5, '土壤EC值', 'dS/m', 'iot_thing_model_unit', 0, '', '', '', '1', '2024-12-13 11:08:41', '1', '2025-03-17 09:34:43', b'0');
INSERT INTO `system_dict_data` VALUES (2035, 6, '太阳总辐射', 'W/㎡', 'iot_thing_model_unit', 0, '', '', '', '1', '2024-12-13 11:08:41', '1', '2025-03-17 09:36:20', b'0');
INSERT INTO `system_dict_data` VALUES (2036, 7, '降雨量', 'mm/hour', 'iot_thing_model_unit', 0, '', '', '', '1', '2024-12-13 11:08:41', '1', '2025-03-17 09:36:24', b'0');
INSERT INTO `system_dict_data` VALUES (2037, 8, '乏', 'var', 'iot_thing_model_unit', 0, '', '', '', '1', '2024-12-13 11:08:41', '1', '2025-03-17 09:36:27', b'0');
INSERT INTO `system_dict_data` VALUES (2038, 9, '厘泊', 'cP', 'iot_thing_model_unit', 0, '', '', '', '1', '2024-12-13 11:08:41', '1', '2025-03-17 09:36:33', b'0');
INSERT INTO `system_dict_data` VALUES (2039, 10, '饱和度', 'aw', 'iot_thing_model_unit', 0, '', '', '', '1', '2024-12-13 11:08:41', '1', '2025-03-17 09:37:11', b'0');
INSERT INTO `system_dict_data` VALUES (2040, 11, '个', 'pcs', 'iot_thing_model_unit', 0, '', '', '', '1', '2024-12-13 11:08:41', '1', '2025-03-17 09:37:19', b'0');
INSERT INTO `system_dict_data` VALUES (2041, 12, '厘斯', 'cst', 'iot_thing_model_unit', 0, '', '', '', '1', '2024-12-13 11:08:41', '1', '2025-03-17 09:37:22', b'0');
INSERT INTO `system_dict_data` VALUES (2042, 13, '巴', 'bar', 'iot_thing_model_unit', 0, '', '', '', '1', '2024-12-13 11:08:41', '1', '2025-03-17 09:37:24', b'0');
INSERT INTO `system_dict_data` VALUES (2043, 14, '纳克每升', 'ppt', 'iot_thing_model_unit', 0, '', '', '', '1', '2024-12-13 11:08:41', '1', '2025-03-17 09:37:27', b'0');
INSERT INTO `system_dict_data` VALUES (2044, 15, '微克每升', 'ppb', 'iot_thing_model_unit', 0, '', '', '', '1', '2024-12-13 11:08:41', '1', '2025-03-17 09:37:31', b'0');
INSERT INTO `system_dict_data` VALUES (2045, 16, '微西每厘米', 'uS/cm', 'iot_thing_model_unit', 0, '', '', '', '1', '2024-12-13 11:08:41', '1', '2025-03-17 09:37:34', b'0');
INSERT INTO `system_dict_data` VALUES (2046, 17, '牛顿每库仑', 'N/C', 'iot_thing_model_unit', 0, '', '', '', '1', '2024-12-13 11:08:41', '1', '2025-03-17 09:37:38', b'0');
INSERT INTO `system_dict_data` VALUES (2047, 18, '伏特每米', 'V/m', 'iot_thing_model_unit', 0, '', '', '', '1', '2024-12-13 11:08:41', '1', '2025-03-17 09:37:43', b'0');
INSERT INTO `system_dict_data` VALUES (2048, 19, '滴速', 'ml/min', 'iot_thing_model_unit', 0, '', '', '', '1', '2024-12-13 11:08:41', '1', '2025-03-17 09:37:46', b'0');
INSERT INTO `system_dict_data` VALUES (2049, 20, '毫米汞柱', 'mmHg', 'iot_thing_model_unit', 0, '', '', '', '1', '2024-12-13 11:08:41', '1', '2025-03-17 09:37:48', b'0');
INSERT INTO `system_dict_data` VALUES (2050, 21, '血糖', 'mmol/L', 'iot_thing_model_unit', 0, '', '', '', '1', '2024-12-13 11:08:41', '1', '2025-03-17 09:37:54', b'0');
INSERT INTO `system_dict_data` VALUES (2051, 22, '毫米每秒', 'mm/s', 'iot_thing_model_unit', 0, '', '', '', '1', '2024-12-13 11:08:41', '1', '2025-03-17 09:38:02', b'0');
INSERT INTO `system_dict_data` VALUES (2052, 23, '转每分钟', 'turn/m', 'iot_thing_model_unit', 0, '', '', '', '1', '2024-12-13 11:08:41', '1', '2025-03-17 09:38:07', b'0');
INSERT INTO `system_dict_data` VALUES (2053, 24, '次', 'count', 'iot_thing_model_unit', 0, '', '', '', '1', '2024-12-13 11:08:41', '1', '2025-03-17 09:38:09', b'0');
INSERT INTO `system_dict_data` VALUES (2054, 25, '档', 'gear', 'iot_thing_model_unit', 0, '', '', '', '1', '2024-12-13 11:08:41', '1', '2025-03-17 09:38:11', b'0');
INSERT INTO `system_dict_data` VALUES (2055, 26, '步', 'stepCount', 'iot_thing_model_unit', 0, '', '', '', '1', '2024-12-13 11:08:41', '1', '2025-03-17 09:38:13', b'0');
INSERT INTO `system_dict_data` VALUES (2056, 27, '标准立方米每小时', 'Nm3/h', 'iot_thing_model_unit', 0, '', '', '', '1', '2024-12-13 11:08:41', '1', '2025-03-17 09:38:15', b'0');
INSERT INTO `system_dict_data` VALUES (2057, 28, '千伏', 'kV', 'iot_thing_model_unit', 0, '', '', '', '1', '2024-12-13 11:08:41', '1', '2025-03-17 09:38:20', b'0');
INSERT INTO `system_dict_data` VALUES (2058, 29, '千伏安', 'kVA', 'iot_thing_model_unit', 0, '', '', '', '1', '2024-12-13 11:08:41', '1', '2025-03-17 09:38:24', b'0');
INSERT INTO `system_dict_data` VALUES (2060, 30, '千乏', 'kVar', 'iot_thing_model_unit', 0, '', '', '', '1', '2024-12-13 11:08:41', '1', '2025-03-17 09:40:46', b'0');
INSERT INTO `system_dict_data` VALUES (2061, 31, '微瓦每平方厘米', 'uw/cm2', 'iot_thing_model_unit', 0, '', '', '', '1', '2024-12-13 11:08:41', '1', '2025-03-17 09:40:46', b'0');
INSERT INTO `system_dict_data` VALUES (2062, 32, '只', '只', 'iot_thing_model_unit', 0, '', '', '', '1', '2024-12-13 11:08:41', '1', '2025-03-17 09:40:46', b'0');
INSERT INTO `system_dict_data` VALUES (2063, 33, '相对湿度', '%RH', 'iot_thing_model_unit', 0, '', '', '', '1', '2024-12-13 11:08:41', '1', '2025-03-17 09:40:46', b'0');
INSERT INTO `system_dict_data` VALUES (2064, 34, '立方米每秒', 'm³/s', 'iot_thing_model_unit', 0, '', '', '', '1', '2024-12-13 11:08:41', '1', '2025-03-17 09:40:46', b'0');
INSERT INTO `system_dict_data` VALUES (2065, 35, '公斤每秒', 'kg/s', 'iot_thing_model_unit', 0, '', '', '', '1', '2024-12-13 11:08:41', '1', '2025-03-17 09:40:46', b'0');
INSERT INTO `system_dict_data` VALUES (2066, 36, '转每分钟', 'r/min', 'iot_thing_model_unit', 0, '', '', '', '1', '2024-12-13 11:08:41', '1', '2025-03-17 09:40:46', b'0');
INSERT INTO `system_dict_data` VALUES (2067, 37, '吨每小时', 't/h', 'iot_thing_model_unit', 0, '', '', '', '1', '2024-12-13 11:08:41', '1', '2025-03-17 09:40:46', b'0');
INSERT INTO `system_dict_data` VALUES (2068, 38, '千卡每小时', 'KCL/h', 'iot_thing_model_unit', 0, '', '', '', '1', '2024-12-13 11:08:41', '1', '2025-03-17 09:40:46', b'0');
INSERT INTO `system_dict_data` VALUES (2069, 39, '升每秒', 'L/s', 'iot_thing_model_unit', 0, '', '', '', '1', '2024-12-13 11:08:41', '1', '2025-03-17 09:40:46', b'0');
INSERT INTO `system_dict_data` VALUES (2070, 40, '兆帕', 'Mpa', 'iot_thing_model_unit', 0, '', '', '', '1', '2024-12-13 11:08:41', '1', '2025-03-17 09:40:46', b'0');
INSERT INTO `system_dict_data` VALUES (2071, 41, '立方米每小时', 'm³/h', 'iot_thing_model_unit', 0, '', '', '', '1', '2024-12-13 11:08:41', '1', '2025-03-17 09:40:46', b'0');
INSERT INTO `system_dict_data` VALUES (2072, 42, '千乏时', 'kvarh', 'iot_thing_model_unit', 0, '', '', '', '1', '2024-12-13 11:08:41', '1', '2025-03-17 09:40:46', b'0');
INSERT INTO `system_dict_data` VALUES (2073, 43, '微克每升', 'μg/L', 'iot_thing_model_unit', 0, '', '', '', '1', '2024-12-13 11:08:41', '1', '2025-03-17 09:40:46', b'0');
INSERT INTO `system_dict_data` VALUES (2074, 44, '千卡路里', 'kcal', 'iot_thing_model_unit', 0, '', '', '', '1', '2024-12-13 11:08:41', '1', '2025-03-17 09:40:46', b'0');
INSERT INTO `system_dict_data` VALUES (2075, 45, '吉字节', 'GB', 'iot_thing_model_unit', 0, '', '', '', '1', '2024-12-13 11:08:41', '1', '2025-03-17 09:40:46', b'0');
INSERT INTO `system_dict_data` VALUES (2076, 46, '兆字节', 'MB', 'iot_thing_model_unit', 0, '', '', '', '1', '2024-12-13 11:08:41', '1', '2025-03-17 09:40:46', b'0');
INSERT INTO `system_dict_data` VALUES (2077, 47, '千字节', 'KB', 'iot_thing_model_unit', 0, '', '', '', '1', '2024-12-13 11:08:41', '1', '2025-03-17 09:40:46', b'0');
INSERT INTO `system_dict_data` VALUES (2078, 48, '字节', 'B', 'iot_thing_model_unit', 0, '', '', '', '1', '2024-12-13 11:08:41', '1', '2025-03-17 09:40:46', b'0');
INSERT INTO `system_dict_data` VALUES (2079, 49, '微克每平方分米每天', 'μg/(d㎡·d)', 'iot_thing_model_unit', 0, '', '', '', '1', '2024-12-13 11:08:41', '1', '2025-03-17 09:40:46', b'0');
INSERT INTO `system_dict_data` VALUES (2080, 50, '无', '', 'iot_thing_model_unit', 0, '', '', '', '1', '2024-12-13 11:08:41', '1', '2025-03-17 09:40:46', b'0');
INSERT INTO `system_dict_data` VALUES (2081, 51, '百万分率', 'ppm', 'iot_thing_model_unit', 0, '', '', '', '1', '2024-12-13 11:08:41', '1', '2025-03-17 09:40:46', b'0');
INSERT INTO `system_dict_data` VALUES (2082, 52, '像素', 'pixel', 'iot_thing_model_unit', 0, '', '', '', '1', '2024-12-13 11:08:41', '1', '2025-03-17 09:40:46', b'0');
INSERT INTO `system_dict_data` VALUES (2083, 53, '照度', 'Lux', 'iot_thing_model_unit', 0, '', '', '', '1', '2024-12-13 11:08:41', '1', '2025-03-17 09:40:46', b'0');
INSERT INTO `system_dict_data` VALUES (2084, 54, '重力加速度', 'grav', 'iot_thing_model_unit', 0, '', '', '', '1', '2024-12-13 11:08:41', '1', '2025-03-17 09:40:46', b'0');
INSERT INTO `system_dict_data` VALUES (2085, 55, '分贝', 'dB', 'iot_thing_model_unit', 0, '', '', '', '1', '2024-12-13 11:08:41', '1', '2025-03-17 09:40:46', b'0');
INSERT INTO `system_dict_data` VALUES (2086, 56, '百分比', '%', 'iot_thing_model_unit', 0, '', '', '', '1', '2024-12-13 11:08:41', '1', '2025-03-17 09:40:46', b'0');
INSERT INTO `system_dict_data` VALUES (2087, 57, '流明', 'lm', 'iot_thing_model_unit', 0, '', '', '', '1', '2024-12-13 11:08:41', '1', '2025-03-17 09:40:46', b'0');
INSERT INTO `system_dict_data` VALUES (2088, 58, '比特', 'bit', 'iot_thing_model_unit', 0, '', '', '', '1', '2024-12-13 11:08:41', '1', '2025-03-17 09:40:46', b'0');
INSERT INTO `system_dict_data` VALUES (2089, 59, '克每毫升', 'g/mL', 'iot_thing_model_unit', 0, '', '', '', '1', '2024-12-13 11:08:41', '1', '2025-03-17 09:40:46', b'0');
INSERT INTO `system_dict_data` VALUES (2090, 60, '克每升', 'g/L', 'iot_thing_model_unit', 0, '', '', '', '1', '2024-12-13 11:08:41', '1', '2025-03-17 09:40:46', b'0');
INSERT INTO `system_dict_data` VALUES (2091, 61, '毫克每升', 'mg/L', 'iot_thing_model_unit', 0, '', '', '', '1', '2024-12-13 11:08:41', '1', '2025-03-17 09:40:46', b'0');
INSERT INTO `system_dict_data` VALUES (2092, 62, '微克每立方米', 'μg/m³', 'iot_thing_model_unit', 0, '', '', '', '1', '2024-12-13 11:08:41', '1', '2025-03-17 09:40:46', b'0');
INSERT INTO `system_dict_data` VALUES (2093, 63, '毫克每立方米', 'mg/m³', 'iot_thing_model_unit', 0, '', '', '', '1', '2024-12-13 11:08:41', '1', '2025-03-17 09:40:46', b'0');
INSERT INTO `system_dict_data` VALUES (2094, 64, '克每立方米', 'g/m³', 'iot_thing_model_unit', 0, '', '', '', '1', '2024-12-13 11:08:41', '1', '2025-03-17 09:40:46', b'0');
INSERT INTO `system_dict_data` VALUES (2095, 65, '千克每立方米', 'kg/m³', 'iot_thing_model_unit', 0, '', '', '', '1', '2024-12-13 11:08:41', '1', '2025-03-17 09:40:46', b'0');
INSERT INTO `system_dict_data` VALUES (2096, 66, '纳法', 'nF', 'iot_thing_model_unit', 0, '', '', '', '1', '2024-12-13 11:08:41', '1', '2025-03-17 09:40:46', b'0');
INSERT INTO `system_dict_data` VALUES (2097, 67, '皮法', 'pF', 'iot_thing_model_unit', 0, '', '', '', '1', '2024-12-13 11:08:41', '1', '2025-03-17 09:40:46', b'0');
INSERT INTO `system_dict_data` VALUES (2098, 68, '微法', 'μF', 'iot_thing_model_unit', 0, '', '', '', '1', '2024-12-13 11:08:41', '1', '2025-03-17 09:40:46', b'0');
INSERT INTO `system_dict_data` VALUES (2099, 69, '法拉', 'F', 'iot_thing_model_unit', 0, '', '', '', '1', '2024-12-13 11:08:41', '1', '2025-03-17 09:40:46', b'0');
INSERT INTO `system_dict_data` VALUES (2100, 70, '欧姆', 'Ω', 'iot_thing_model_unit', 0, '', '', '', '1', '2024-12-13 11:08:41', '1', '2025-03-17 09:40:46', b'0');
INSERT INTO `system_dict_data` VALUES (2101, 71, '微安', 'μA', 'iot_thing_model_unit', 0, '', '', '', '1', '2024-12-13 11:08:41', '1', '2025-03-17 09:40:46', b'0');
INSERT INTO `system_dict_data` VALUES (2102, 72, '毫安', 'mA', 'iot_thing_model_unit', 0, '', '', '', '1', '2024-12-13 11:08:41', '1', '2025-03-17 09:40:46', b'0');
INSERT INTO `system_dict_data` VALUES (2103, 73, '千安', 'kA', 'iot_thing_model_unit', 0, '', '', '', '1', '2024-12-13 11:08:41', '1', '2025-03-17 09:40:46', b'0');
INSERT INTO `system_dict_data` VALUES (2104, 74, '安培', 'A', 'iot_thing_model_unit', 0, '', '', '', '1', '2024-12-13 11:08:41', '1', '2025-03-17 09:40:46', b'0');
INSERT INTO `system_dict_data` VALUES (2105, 75, '毫伏', 'mV', 'iot_thing_model_unit', 0, '', '', '', '1', '2024-12-13 11:08:41', '1', '2025-03-17 09:40:46', b'0');
INSERT INTO `system_dict_data` VALUES (2106, 76, '伏特', 'V', 'iot_thing_model_unit', 0, '', '', '', '1', '2024-12-13 11:08:41', '1', '2025-03-17 09:40:46', b'0');
INSERT INTO `system_dict_data` VALUES (2107, 77, '毫秒', 'ms', 'iot_thing_model_unit', 0, '', '', '', '1', '2024-12-13 11:08:41', '1', '2025-03-17 09:40:46', b'0');
INSERT INTO `system_dict_data` VALUES (2108, 78, '秒', 's', 'iot_thing_model_unit', 0, '', '', '', '1', '2024-12-13 11:08:41', '1', '2025-03-17 09:40:46', b'0');
INSERT INTO `system_dict_data` VALUES (2109, 79, '分钟', 'min', 'iot_thing_model_unit', 0, '', '', '', '1', '2024-12-13 11:08:41', '1', '2025-03-17 09:40:46', b'0');
INSERT INTO `system_dict_data` VALUES (2110, 80, '小时', 'h', 'iot_thing_model_unit', 0, '', '', '', '1', '2024-12-13 11:08:41', '1', '2025-03-17 09:40:46', b'0');
INSERT INTO `system_dict_data` VALUES (2111, 81, '日', 'day', 'iot_thing_model_unit', 0, '', '', '', '1', '2024-12-13 11:08:41', '1', '2025-03-17 09:40:46', b'0');
INSERT INTO `system_dict_data` VALUES (2112, 82, '周', 'week', 'iot_thing_model_unit', 0, '', '', '', '1', '2024-12-13 11:08:41', '1', '2025-03-17 09:40:46', b'0');
INSERT INTO `system_dict_data` VALUES (2113, 83, '月', 'month', 'iot_thing_model_unit', 0, '', '', '', '1', '2024-12-13 11:08:41', '1', '2025-03-17 09:40:46', b'0');
INSERT INTO `system_dict_data` VALUES (2114, 84, '年', 'year', 'iot_thing_model_unit', 0, '', '', '', '1', '2024-12-13 11:08:41', '1', '2025-03-17 09:40:46', b'0');
INSERT INTO `system_dict_data` VALUES (2115, 85, '节', 'kn', 'iot_thing_model_unit', 0, '', '', '', '1', '2024-12-13 11:08:41', '1', '2025-03-17 09:40:46', b'0');
INSERT INTO `system_dict_data` VALUES (2116, 86, '千米每小时', 'km/h', 'iot_thing_model_unit', 0, '', '', '', '1', '2024-12-13 11:08:41', '1', '2025-03-17 09:40:46', b'0');
INSERT INTO `system_dict_data` VALUES (2117, 87, '米每秒', 'm/s', 'iot_thing_model_unit', 0, '', '', '', '1', '2024-12-13 11:08:41', '1', '2025-03-17 09:40:46', b'0');
INSERT INTO `system_dict_data` VALUES (2118, 88, '秒', '″', 'iot_thing_model_unit', 0, '', '', '', '1', '2024-12-13 11:08:41', '1', '2025-03-17 09:40:46', b'0');
INSERT INTO `system_dict_data` VALUES (2119, 89, '分', '′', 'iot_thing_model_unit', 0, '', '', '', '1', '2024-12-13 11:08:41', '1', '2025-03-17 09:40:46', b'0');
INSERT INTO `system_dict_data` VALUES (2120, 90, '度', '°', 'iot_thing_model_unit', 0, '', '', '', '1', '2024-12-13 11:08:41', '1', '2025-03-17 09:40:46', b'0');
INSERT INTO `system_dict_data` VALUES (2121, 91, '弧度', 'rad', 'iot_thing_model_unit', 0, '', '', '', '1', '2024-12-13 11:08:41', '1', '2025-03-17 09:40:46', b'0');
INSERT INTO `system_dict_data` VALUES (2122, 92, '赫兹', 'Hz', 'iot_thing_model_unit', 0, '', '', '', '1', '2024-12-13 11:08:41', '1', '2025-03-17 09:40:46', b'0');
INSERT INTO `system_dict_data` VALUES (2123, 93, '微瓦', 'μW', 'iot_thing_model_unit', 0, '', '', '', '1', '2024-12-13 11:08:41', '1', '2025-03-17 09:40:46', b'0');
INSERT INTO `system_dict_data` VALUES (2124, 94, '毫瓦', 'mW', 'iot_thing_model_unit', 0, '', '', '', '1', '2024-12-13 11:08:41', '1', '2025-03-17 09:40:46', b'0');
INSERT INTO `system_dict_data` VALUES (2125, 95, '千瓦特', 'kW', 'iot_thing_model_unit', 0, '', '', '', '1', '2024-12-13 11:08:41', '1', '2025-03-17 09:40:46', b'0');
INSERT INTO `system_dict_data` VALUES (2126, 96, '瓦特', 'W', 'iot_thing_model_unit', 0, '', '', '', '1', '2024-12-13 11:08:41', '1', '2025-03-17 09:40:46', b'0');
INSERT INTO `system_dict_data` VALUES (2127, 97, '卡路里', 'cal', 'iot_thing_model_unit', 0, '', '', '', '1', '2024-12-13 11:08:41', '1', '2025-03-17 09:40:46', b'0');
INSERT INTO `system_dict_data` VALUES (2128, 98, '千瓦时', 'kW·h', 'iot_thing_model_unit', 0, '', '', '', '1', '2024-12-13 11:08:41', '1', '2025-03-17 09:40:46', b'0');
INSERT INTO `system_dict_data` VALUES (2129, 99, '瓦时', 'Wh', 'iot_thing_model_unit', 0, '', '', '', '1', '2024-12-13 11:08:41', '1', '2025-03-17 09:40:46', b'0');
INSERT INTO `system_dict_data` VALUES (2130, 100, '电子伏', 'eV', 'iot_thing_model_unit', 0, '', '', '', '1', '2024-12-13 11:08:41', '1', '2025-03-17 09:40:46', b'0');
INSERT INTO `system_dict_data` VALUES (2131, 101, '千焦', 'kJ', 'iot_thing_model_unit', 0, '', '', '', '1', '2024-12-13 11:08:41', '1', '2025-03-17 09:40:46', b'0');
INSERT INTO `system_dict_data` VALUES (2132, 102, '焦耳', 'J', 'iot_thing_model_unit', 0, '', '', '', '1', '2024-12-13 11:08:41', '1', '2025-03-17 09:40:46', b'0');
INSERT INTO `system_dict_data` VALUES (2133, 103, '华氏度', '℉', 'iot_thing_model_unit', 0, '', '', '', '1', '2024-12-13 11:08:41', '1', '2025-03-17 09:40:46', b'0');
INSERT INTO `system_dict_data` VALUES (2134, 104, '开尔文', 'K', 'iot_thing_model_unit', 0, '', '', '', '1', '2024-12-13 11:08:41', '1', '2025-03-17 09:40:46', b'0');
INSERT INTO `system_dict_data` VALUES (2135, 105, '吨', 't', 'iot_thing_model_unit', 0, '', '', '', '1', '2024-12-13 11:08:41', '1', '2025-03-17 09:40:46', b'0');
INSERT INTO `system_dict_data` VALUES (2136, 106, '摄氏度', '°C', 'iot_thing_model_unit', 0, '', '', '', '1', '2024-12-13 11:08:41', '1', '2025-03-17 09:40:46', b'0');
INSERT INTO `system_dict_data` VALUES (2137, 107, '毫帕', 'mPa', 'iot_thing_model_unit', 0, '', '', '', '1', '2024-12-13 11:08:41', '1', '2025-03-17 09:40:46', b'0');
INSERT INTO `system_dict_data` VALUES (2138, 108, '百帕', 'hPa', 'iot_thing_model_unit', 0, '', '', '', '1', '2024-12-13 11:08:41', '1', '2025-03-17 09:40:46', b'0');
INSERT INTO `system_dict_data` VALUES (2139, 109, '千帕', 'kPa', 'iot_thing_model_unit', 0, '', '', '', '1', '2024-12-13 11:08:41', '1', '2025-03-17 09:40:46', b'0');
INSERT INTO `system_dict_data` VALUES (2140, 110, '帕斯卡', 'Pa', 'iot_thing_model_unit', 0, '', '', '', '1', '2024-12-13 11:08:41', '1', '2025-03-17 09:40:46', b'0');
INSERT INTO `system_dict_data` VALUES (2141, 111, '毫克', 'mg', 'iot_thing_model_unit', 0, '', '', '', '1', '2024-12-13 11:08:41', '1', '2025-03-17 09:40:46', b'0');
INSERT INTO `system_dict_data` VALUES (2142, 112, '克', 'g', 'iot_thing_model_unit', 0, '', '', '', '1', '2024-12-13 11:08:41', '1', '2025-03-17 09:40:46', b'0');
INSERT INTO `system_dict_data` VALUES (2143, 113, '千克', 'kg', 'iot_thing_model_unit', 0, '', '', '', '1', '2024-12-13 11:08:41', '1', '2025-03-17 09:40:46', b'0');
INSERT INTO `system_dict_data` VALUES (2144, 114, '牛', 'N', 'iot_thing_model_unit', 0, '', '', '', '1', '2024-12-13 11:08:41', '1', '2025-03-17 09:40:46', b'0');
INSERT INTO `system_dict_data` VALUES (2145, 115, '毫升', 'mL', 'iot_thing_model_unit', 0, '', '', '', '1', '2024-12-13 11:08:41', '1', '2025-03-17 09:40:46', b'0');
INSERT INTO `system_dict_data` VALUES (2146, 116, '升', 'L', 'iot_thing_model_unit', 0, '', '', '', '1', '2024-12-13 11:08:41', '1', '2025-03-17 09:40:46', b'0');
INSERT INTO `system_dict_data` VALUES (2147, 117, '立方毫米', 'mm³', 'iot_thing_model_unit', 0, '', '', '', '1', '2024-12-13 11:08:41', '1', '2025-03-17 09:40:46', b'0');
INSERT INTO `system_dict_data` VALUES (2148, 118, '立方厘米', 'cm³', 'iot_thing_model_unit', 0, '', '', '', '1', '2024-12-13 11:08:41', '1', '2025-03-17 09:40:46', b'0');
INSERT INTO `system_dict_data` VALUES (2149, 119, '立方千米', 'km³', 'iot_thing_model_unit', 0, '', '', '', '1', '2024-12-13 11:08:41', '1', '2025-03-17 09:40:46', b'0');
INSERT INTO `system_dict_data` VALUES (2150, 120, '立方米', 'm³', 'iot_thing_model_unit', 0, '', '', '', '1', '2024-12-13 11:08:41', '1', '2025-03-17 09:40:46', b'0');
INSERT INTO `system_dict_data` VALUES (2151, 121, '公顷', 'h㎡', 'iot_thing_model_unit', 0, '', '', '', '1', '2024-12-13 11:08:41', '1', '2025-03-17 09:40:46', b'0');
INSERT INTO `system_dict_data` VALUES (2152, 122, '平方厘米', 'c㎡', 'iot_thing_model_unit', 0, '', '', '', '1', '2024-12-13 11:08:41', '1', '2025-03-17 09:40:46', b'0');
INSERT INTO `system_dict_data` VALUES (2153, 123, '平方毫米', 'm㎡', 'iot_thing_model_unit', 0, '', '', '', '1', '2024-12-13 11:08:41', '1', '2025-03-17 09:40:46', b'0');
INSERT INTO `system_dict_data` VALUES (2154, 124, '平方千米', 'k㎡', 'iot_thing_model_unit', 0, '', '', '', '1', '2024-12-13 11:08:41', '1', '2025-03-17 09:40:46', b'0');
INSERT INTO `system_dict_data` VALUES (2155, 125, '平方米', '㎡', 'iot_thing_model_unit', 0, '', '', '', '1', '2024-12-13 11:08:41', '1', '2025-03-17 09:40:46', b'0');
INSERT INTO `system_dict_data` VALUES (2156, 126, '纳米', 'nm', 'iot_thing_model_unit', 0, '', '', '', '1', '2024-12-13 11:08:41', '1', '2025-03-17 09:40:46', b'0');
INSERT INTO `system_dict_data` VALUES (2157, 127, '微米', 'μm', 'iot_thing_model_unit', 0, '', '', '', '1', '2024-12-13 11:08:41', '1', '2025-03-17 09:40:46', b'0');
INSERT INTO `system_dict_data` VALUES (2158, 128, '毫米', 'mm', 'iot_thing_model_unit', 0, '', '', '', '1', '2024-12-13 11:08:41', '1', '2025-03-17 09:40:46', b'0');
INSERT INTO `system_dict_data` VALUES (2159, 129, '厘米', 'cm', 'iot_thing_model_unit', 0, '', '', '', '1', '2024-12-13 11:08:41', '1', '2025-03-17 09:40:46', b'0');
INSERT INTO `system_dict_data` VALUES (2160, 130, '分米', 'dm', 'iot_thing_model_unit', 0, '', '', '', '1', '2024-12-13 11:08:41', '1', '2025-03-17 09:40:46', b'0');
INSERT INTO `system_dict_data` VALUES (2161, 131, '千米', 'km', 'iot_thing_model_unit', 0, '', '', '', '1', '2024-12-13 11:08:41', '1', '2025-03-17 09:40:46', b'0');
INSERT INTO `system_dict_data` VALUES (2162, 132, '米', 'm', 'iot_thing_model_unit', 0, '', '', '', '1', '2024-12-13 11:08:41', '1', '2025-03-17 09:40:46', b'0');
INSERT INTO `system_dict_data` VALUES (2163, 1, '输入', '1', 'iot_data_bridge_direction_enum', 0, 'primary', '', '', '1', '2025-03-09 12:38:24', '1', '2025-03-17 09:40:46', b'0');
INSERT INTO `system_dict_data` VALUES (2164, 2, '输出', '2', 'iot_data_bridge_direction_enum', 0, 'primary', '', '', '1', '2025-03-09 12:38:36', '1', '2025-03-17 09:40:46', b'0');
INSERT INTO `system_dict_data` VALUES (2165, 1, 'HTTP', '1', 'iot_data_bridge_type_enum', 0, 'primary', '', '', '1', '2025-03-09 12:39:54', '1', '2025-03-17 09:40:46', b'0');
INSERT INTO `system_dict_data` VALUES (2166, 2, 'TCP', '2', 'iot_data_bridge_type_enum', 0, 'primary', '', '', '1', '2025-03-09 12:40:06', '1', '2025-03-17 09:40:46', b'0');
INSERT INTO `system_dict_data` VALUES (2167, 3, 'WEBSOCKET', '3', 'iot_data_bridge_type_enum', 0, 'primary', '', '', '1', '2025-03-09 12:40:24', '1', '2025-03-17 09:40:46', b'0');
INSERT INTO `system_dict_data` VALUES (2168, 10, 'MQTT', '10', 'iot_data_bridge_type_enum', 0, 'primary', '', '', '1', '2025-03-09 12:40:37', '1', '2025-03-17 09:40:46', b'0');
INSERT INTO `system_dict_data` VALUES (2169, 20, 'DATABASE', '20', 'iot_data_bridge_type_enum', 0, 'primary', '', '', '1', '2025-03-09 12:41:05', '1', '2025-03-17 09:40:46', b'0');
INSERT INTO `system_dict_data` VALUES (2170, 21, 'REDIS_STREAM', '21', 'iot_data_bridge_type_enum', 0, 'primary', '', '', '1', '2025-03-09 12:41:18', '1', '2025-03-17 09:40:46', b'0');
INSERT INTO `system_dict_data` VALUES (2171, 30, 'ROCKETMQ', '30', 'iot_data_bridge_type_enum', 0, 'primary', '', '', '1', '2025-03-09 12:41:30', '1', '2025-03-17 09:40:46', b'0');
INSERT INTO `system_dict_data` VALUES (2172, 31, 'RABBITMQ', '31', 'iot_data_bridge_type_enum', 0, 'primary', '', '', '1', '2025-03-09 12:41:47', '1', '2025-03-17 09:40:46', b'0');
INSERT INTO `system_dict_data` VALUES (2173, 32, 'KAFKA', '32', 'iot_data_bridge_type_enum', 0, 'primary', '', '', '1', '2025-03-09 12:41:59', '1', '2025-03-17 09:40:46', b'0');
INSERT INTO `system_dict_data` VALUES (3000, 16, '百川智能', 'BaiChuan', 'ai_platform', 0, '', '', '', '1', '2025-03-23 12:15:46', '1', '2025-03-23 12:15:46', b'0');
INSERT INTO `system_dict_data` VALUES (3001, 50, 'Vben5.0 Ant Design Schema 模版', '40', 'infra_codegen_front_type', 0, '', '', NULL, '1', '2025-04-23 21:47:47', '1', '2025-05-02 12:01:15', b'0');
INSERT INTO `system_dict_data` VALUES (3002, 6, '支付宝余额', '6', 'brokerage_withdraw_type', 0, '', '', 'API 打款', '1', '2025-05-10 08:24:49', '1', '2025-05-10 08:24:49', b'0');

-- ----------------------------
-- Table structure for system_dict_type
-- ----------------------------
DROP TABLE IF EXISTS `system_dict_type`;
CREATE TABLE `system_dict_type`  (
  `id` bigint NOT NULL AUTO_INCREMENT COMMENT '字典主键',
  `name` varchar(100) CHARACTER SET utf8mb4 COLLATE utf8mb4_unicode_ci NOT NULL DEFAULT '' COMMENT '字典名称',
  `type` varchar(100) CHARACTER SET utf8mb4 COLLATE utf8mb4_unicode_ci NOT NULL DEFAULT '' COMMENT '字典类型',
  `status` tinyint NOT NULL DEFAULT 0 COMMENT '状态（0正常 1停用）',
  `remark` varchar(500) CHARACTER SET utf8mb4 COLLATE utf8mb4_unicode_ci NULL DEFAULT NULL COMMENT '备注',
  `creator` varchar(64) CHARACTER SET utf8mb4 COLLATE utf8mb4_unicode_ci NULL DEFAULT '' COMMENT '创建者',
  `create_time` datetime NOT NULL DEFAULT CURRENT_TIMESTAMP COMMENT '创建时间',
  `updater` varchar(64) CHARACTER SET utf8mb4 COLLATE utf8mb4_unicode_ci NULL DEFAULT '' COMMENT '更新者',
  `update_time` datetime NOT NULL DEFAULT CURRENT_TIMESTAMP ON UPDATE CURRENT_TIMESTAMP COMMENT '更新时间',
  `deleted` bit(1) NOT NULL DEFAULT b'0' COMMENT '是否删除',
  `deleted_time` datetime NULL DEFAULT NULL COMMENT '删除时间',
  PRIMARY KEY (`id`) USING BTREE
) ENGINE = InnoDB AUTO_INCREMENT = 2000 CHARACTER SET = utf8mb4 COLLATE = utf8mb4_unicode_ci COMMENT = '字典类型表' ROW_FORMAT = Dynamic;

-- ----------------------------
-- Records of system_dict_type
-- ----------------------------
INSERT INTO `system_dict_type` VALUES (1, '用户性别', 'system_user_sex', 0, NULL, 'admin', '2021-01-05 17:03:48', '1', '2022-05-16 20:29:32', b'0', NULL);
INSERT INTO `system_dict_type` VALUES (6, '参数类型', 'infra_config_type', 0, NULL, 'admin', '2021-01-05 17:03:48', '', '2022-02-01 16:36:54', b'0', NULL);
INSERT INTO `system_dict_type` VALUES (7, '通知类型', 'system_notice_type', 0, NULL, 'admin', '2021-01-05 17:03:48', '', '2022-02-01 16:35:26', b'0', NULL);
INSERT INTO `system_dict_type` VALUES (9, '操作类型', 'infra_operate_type', 0, NULL, 'admin', '2021-01-05 17:03:48', '1', '2024-03-14 12:44:01', b'0', NULL);
INSERT INTO `system_dict_type` VALUES (10, '系统状态', 'common_status', 0, NULL, 'admin', '2021-01-05 17:03:48', '', '2022-02-01 16:21:28', b'0', NULL);
INSERT INTO `system_dict_type` VALUES (11, 'Boolean 是否类型', 'infra_boolean_string', 0, 'boolean 转是否', '', '2021-01-19 03:20:08', '', '2022-02-01 16:37:10', b'0', NULL);
INSERT INTO `system_dict_type` VALUES (104, '登陆结果', 'system_login_result', 0, '登陆结果', '', '2021-01-18 06:17:11', '', '2022-02-01 16:36:00', b'0', NULL);
INSERT INTO `system_dict_type` VALUES (106, '代码生成模板类型', 'infra_codegen_template_type', 0, NULL, '', '2021-02-05 07:08:06', '1', '2022-05-16 20:26:50', b'0', NULL);
INSERT INTO `system_dict_type` VALUES (107, '定时任务状态', 'infra_job_status', 0, NULL, '', '2021-02-07 07:44:16', '', '2022-02-01 16:51:11', b'0', NULL);
INSERT INTO `system_dict_type` VALUES (108, '定时任务日志状态', 'infra_job_log_status', 0, NULL, '', '2021-02-08 10:03:51', '', '2022-02-01 16:50:43', b'0', NULL);
INSERT INTO `system_dict_type` VALUES (109, '用户类型', 'user_type', 0, NULL, '', '2021-02-26 00:15:51', '', '2021-02-26 00:15:51', b'0', NULL);
INSERT INTO `system_dict_type` VALUES (110, 'API 异常数据的处理状态', 'infra_api_error_log_process_status', 0, NULL, '', '2021-02-26 07:07:01', '', '2022-02-01 16:50:53', b'0', NULL);
INSERT INTO `system_dict_type` VALUES (111, '短信渠道编码', 'system_sms_channel_code', 0, NULL, '1', '2021-04-05 01:04:50', '1', '2022-02-16 02:09:08', b'0', NULL);
INSERT INTO `system_dict_type` VALUES (112, '短信模板的类型', 'system_sms_template_type', 0, NULL, '1', '2021-04-05 21:50:43', '1', '2022-02-01 16:35:06', b'0', NULL);
INSERT INTO `system_dict_type` VALUES (113, '短信发送状态', 'system_sms_send_status', 0, NULL, '1', '2021-04-11 20:18:03', '1', '2022-02-01 16:35:09', b'0', NULL);
INSERT INTO `system_dict_type` VALUES (114, '短信接收状态', 'system_sms_receive_status', 0, NULL, '1', '2021-04-11 20:27:14', '1', '2022-02-01 16:35:14', b'0', NULL);
INSERT INTO `system_dict_type` VALUES (116, '登陆日志的类型', 'system_login_type', 0, '登陆日志的类型', '1', '2021-10-06 00:50:46', '1', '2022-02-01 16:35:56', b'0', NULL);
INSERT INTO `system_dict_type` VALUES (117, 'OA 请假类型', 'bpm_oa_leave_type', 0, NULL, '1', '2021-09-21 22:34:33', '1', '2022-01-22 10:41:37', b'0', NULL);
INSERT INTO `system_dict_type` VALUES (130, '支付渠道编码类型', 'pay_channel_code', 0, '支付渠道的编码', '1', '2021-12-03 10:35:08', '1', '2023-07-10 10:11:39', b'0', NULL);
INSERT INTO `system_dict_type` VALUES (131, '支付回调状态', 'pay_notify_status', 0, '支付回调状态（包括退款回调）', '1', '2021-12-03 10:53:29', '1', '2023-07-19 18:09:43', b'0', NULL);
INSERT INTO `system_dict_type` VALUES (132, '支付订单状态', 'pay_order_status', 0, '支付订单状态', '1', '2021-12-03 11:17:50', '1', '2021-12-03 11:17:50', b'0', NULL);
INSERT INTO `system_dict_type` VALUES (134, '退款订单状态', 'pay_refund_status', 0, '退款订单状态', '1', '2021-12-10 16:42:50', '1', '2023-07-19 10:13:17', b'0', NULL);
INSERT INTO `system_dict_type` VALUES (139, '流程实例的状态', 'bpm_process_instance_status', 0, '流程实例的状态', '1', '2022-01-07 23:46:42', '1', '2022-01-07 23:46:42', b'0', NULL);
INSERT INTO `system_dict_type` VALUES (140, '流程实例的结果', 'bpm_task_status', 0, '流程实例的结果', '1', '2022-01-07 23:48:10', '1', '2024-03-08 22:42:03', b'0', NULL);
INSERT INTO `system_dict_type` VALUES (141, '流程的表单类型', 'bpm_model_form_type', 0, '流程的表单类型', '103', '2022-01-11 23:50:45', '103', '2022-01-11 23:50:45', b'0', NULL);
INSERT INTO `system_dict_type` VALUES (142, '任务分配规则的类型', 'bpm_task_candidate_strategy', 0, 'BPM 任务的候选人的策略', '103', '2022-01-12 23:21:04', '103', '2024-03-06 02:53:59', b'0', NULL);
INSERT INTO `system_dict_type` VALUES (144, '代码生成的场景枚举', 'infra_codegen_scene', 0, '代码生成的场景枚举', '1', '2022-02-02 13:14:45', '1', '2022-03-10 16:33:46', b'0', NULL);
INSERT INTO `system_dict_type` VALUES (145, '角色类型', 'system_role_type', 0, '角色类型', '1', '2022-02-16 13:01:46', '1', '2022-02-16 13:01:46', b'0', NULL);
INSERT INTO `system_dict_type` VALUES (146, '文件存储器', 'infra_file_storage', 0, '文件存储器', '1', '2022-03-15 00:24:38', '1', '2022-03-15 00:24:38', b'0', NULL);
INSERT INTO `system_dict_type` VALUES (147, 'OAuth 2.0 授权类型', 'system_oauth2_grant_type', 0, 'OAuth 2.0 授权类型（模式）', '1', '2022-05-12 00:20:52', '1', '2022-05-11 16:25:49', b'0', NULL);
INSERT INTO `system_dict_type` VALUES (149, '商品 SPU 状态', 'product_spu_status', 0, '商品 SPU 状态', '1', '2022-10-24 21:19:04', '1', '2022-10-24 21:19:08', b'0', NULL);
INSERT INTO `system_dict_type` VALUES (150, '优惠类型', 'promotion_discount_type', 0, '优惠类型', '1', '2022-11-01 12:46:06', '1', '2022-11-01 12:46:06', b'0', NULL);
INSERT INTO `system_dict_type` VALUES (151, '优惠劵模板的有限期类型', 'promotion_coupon_template_validity_type', 0, '优惠劵模板的有限期类型', '1', '2022-11-02 00:06:20', '1', '2022-11-04 00:08:26', b'0', NULL);
INSERT INTO `system_dict_type` VALUES (152, '营销的商品范围', 'promotion_product_scope', 0, '营销的商品范围', '1', '2022-11-02 00:28:01', '1', '2022-11-02 00:28:01', b'0', NULL);
INSERT INTO `system_dict_type` VALUES (153, '优惠劵的状态', 'promotion_coupon_status', 0, '优惠劵的状态', '1', '2022-11-04 00:14:49', '1', '2022-11-04 00:14:49', b'0', NULL);
INSERT INTO `system_dict_type` VALUES (154, '优惠劵的领取方式', 'promotion_coupon_take_type', 0, '优惠劵的领取方式', '1', '2022-11-04 19:12:27', '1', '2022-11-04 19:12:27', b'0', NULL);
INSERT INTO `system_dict_type` VALUES (155, '促销活动的状态', 'promotion_activity_status', 0, '促销活动的状态', '1', '2022-11-04 22:54:23', '1', '2022-11-04 22:54:23', b'0', NULL);
INSERT INTO `system_dict_type` VALUES (156, '营销的条件类型', 'promotion_condition_type', 0, '营销的条件类型', '1', '2022-11-04 22:59:23', '1', '2022-11-04 22:59:23', b'0', NULL);
INSERT INTO `system_dict_type` VALUES (157, '交易售后状态', 'trade_after_sale_status', 0, '交易售后状态', '1', '2022-11-19 20:52:56', '1', '2022-11-19 20:52:56', b'0', NULL);
INSERT INTO `system_dict_type` VALUES (158, '交易售后的类型', 'trade_after_sale_type', 0, '交易售后的类型', '1', '2022-11-19 21:04:09', '1', '2022-11-19 21:04:09', b'0', NULL);
INSERT INTO `system_dict_type` VALUES (159, '交易售后的方式', 'trade_after_sale_way', 0, '交易售后的方式', '1', '2022-11-19 21:39:04', '1', '2022-11-19 21:39:04', b'0', NULL);
INSERT INTO `system_dict_type` VALUES (160, '终端', 'terminal', 0, '终端', '1', '2022-12-10 10:50:50', '1', '2022-12-10 10:53:11', b'0', NULL);
INSERT INTO `system_dict_type` VALUES (161, '交易订单的类型', 'trade_order_type', 0, '交易订单的类型', '1', '2022-12-10 16:33:54', '1', '2022-12-10 16:33:54', b'0', NULL);
INSERT INTO `system_dict_type` VALUES (162, '交易订单的状态', 'trade_order_status', 0, '交易订单的状态', '1', '2022-12-10 16:48:44', '1', '2022-12-10 16:48:44', b'0', NULL);
INSERT INTO `system_dict_type` VALUES (163, '交易订单项的售后状态', 'trade_order_item_after_sale_status', 0, '交易订单项的售后状态', '1', '2022-12-10 20:58:08', '1', '2022-12-10 20:58:08', b'0', NULL);
INSERT INTO `system_dict_type` VALUES (164, '公众号自动回复的请求关键字匹配模式', 'mp_auto_reply_request_match', 0, '公众号自动回复的请求关键字匹配模式', '1', '2023-01-16 23:29:56', '1', '2023-01-16 23:29:56', b'0', '1970-01-01 00:00:00');
INSERT INTO `system_dict_type` VALUES (165, '公众号的消息类型', 'mp_message_type', 0, '公众号的消息类型', '1', '2023-01-17 22:17:09', '1', '2023-01-17 22:17:09', b'0', '1970-01-01 00:00:00');
INSERT INTO `system_dict_type` VALUES (166, '邮件发送状态', 'system_mail_send_status', 0, '邮件发送状态', '1', '2023-01-26 09:53:13', '1', '2023-01-26 09:53:13', b'0', '1970-01-01 00:00:00');
INSERT INTO `system_dict_type` VALUES (167, '站内信模版的类型', 'system_notify_template_type', 0, '站内信模版的类型', '1', '2023-01-28 10:35:10', '1', '2023-01-28 10:35:10', b'0', '1970-01-01 00:00:00');
INSERT INTO `system_dict_type` VALUES (168, '代码生成的前端类型', 'infra_codegen_front_type', 0, '', '1', '2023-04-12 23:57:52', '1', '2023-04-12 23:57:52', b'0', '1970-01-01 00:00:00');
INSERT INTO `system_dict_type` VALUES (170, '快递计费方式', 'trade_delivery_express_charge_mode', 0, '用于商城交易模块配送管理', '1', '2023-05-21 22:45:03', '1', '2023-05-21 22:45:03', b'0', '1970-01-01 00:00:00');
INSERT INTO `system_dict_type` VALUES (171, '积分业务类型', 'member_point_biz_type', 0, '', '1', '2023-06-10 12:15:00', '1', '2023-06-28 13:48:20', b'0', '1970-01-01 00:00:00');
INSERT INTO `system_dict_type` VALUES (173, '支付通知类型', 'pay_notify_type', 0, NULL, '1', '2023-07-20 12:23:03', '1', '2023-07-20 12:23:03', b'0', '1970-01-01 00:00:00');
INSERT INTO `system_dict_type` VALUES (174, '会员经验业务类型', 'member_experience_biz_type', 0, NULL, '', '2023-08-22 12:41:01', '', '2023-08-22 12:41:01', b'0', NULL);
INSERT INTO `system_dict_type` VALUES (175, '交易配送类型', 'trade_delivery_type', 0, '', '1', '2023-08-23 00:03:14', '1', '2023-08-23 00:03:14', b'0', '1970-01-01 00:00:00');
INSERT INTO `system_dict_type` VALUES (176, '分佣模式', 'brokerage_enabled_condition', 0, NULL, '', '2023-09-28 02:46:05', '', '2023-09-28 02:46:05', b'0', NULL);
INSERT INTO `system_dict_type` VALUES (177, '分销关系绑定模式', 'brokerage_bind_mode', 0, NULL, '', '2023-09-28 02:46:05', '', '2023-09-28 02:46:05', b'0', NULL);
INSERT INTO `system_dict_type` VALUES (178, '佣金提现类型', 'brokerage_withdraw_type', 0, NULL, '', '2023-09-28 02:46:05', '', '2023-09-28 02:46:05', b'0', NULL);
INSERT INTO `system_dict_type` VALUES (179, '佣金记录业务类型', 'brokerage_record_biz_type', 0, NULL, '', '2023-09-28 02:46:05', '', '2023-09-28 02:46:05', b'0', NULL);
INSERT INTO `system_dict_type` VALUES (180, '佣金记录状态', 'brokerage_record_status', 0, NULL, '', '2023-09-28 02:46:05', '', '2023-09-28 02:46:05', b'0', NULL);
INSERT INTO `system_dict_type` VALUES (181, '佣金提现状态', 'brokerage_withdraw_status', 0, NULL, '', '2023-09-28 02:46:05', '', '2023-09-28 02:46:05', b'0', NULL);
INSERT INTO `system_dict_type` VALUES (182, '佣金提现银行', 'brokerage_bank_name', 0, NULL, '', '2023-09-28 02:46:05', '', '2023-09-28 02:46:05', b'0', NULL);
INSERT INTO `system_dict_type` VALUES (183, '砍价记录的状态', 'promotion_bargain_record_status', 0, '', '1', '2023-10-05 10:41:08', '1', '2023-10-05 10:41:08', b'0', '1970-01-01 00:00:00');
INSERT INTO `system_dict_type` VALUES (184, '拼团记录的状态', 'promotion_combination_record_status', 0, '', '1', '2023-10-08 07:24:25', '1', '2023-10-08 07:24:25', b'0', '1970-01-01 00:00:00');
INSERT INTO `system_dict_type` VALUES (185, '回款-回款方式', 'crm_receivable_return_type', 0, '回款-回款方式', '1', '2023-10-18 21:54:10', '1', '2023-10-18 21:54:10', b'0', '1970-01-01 00:00:00');
INSERT INTO `system_dict_type` VALUES (186, 'CRM 客户行业', 'crm_customer_industry', 0, 'CRM 客户所属行业', '1', '2023-10-28 22:57:07', '1', '2024-02-18 23:30:22', b'0', NULL);
INSERT INTO `system_dict_type` VALUES (187, '客户等级', 'crm_customer_level', 0, 'CRM 客户等级', '1', '2023-10-28 22:59:12', '1', '2023-10-28 15:11:16', b'0', NULL);
INSERT INTO `system_dict_type` VALUES (188, '客户来源', 'crm_customer_source', 0, 'CRM 客户来源', '1', '2023-10-28 23:00:34', '1', '2023-10-28 15:11:16', b'0', NULL);
INSERT INTO `system_dict_type` VALUES (600, 'Banner 位置', 'promotion_banner_position', 0, '', '1', '2023-10-08 07:24:25', '1', '2023-11-04 13:04:02', b'0', '1970-01-01 00:00:00');
INSERT INTO `system_dict_type` VALUES (601, '社交类型', 'system_social_type', 0, '', '1', '2023-11-04 13:03:54', '1', '2023-11-04 13:03:54', b'0', '1970-01-01 00:00:00');
INSERT INTO `system_dict_type` VALUES (604, '产品状态', 'crm_product_status', 0, '', '1', '2023-10-30 21:47:59', '1', '2023-10-30 21:48:45', b'0', '1970-01-01 00:00:00');
INSERT INTO `system_dict_type` VALUES (605, 'CRM 数据权限的级别', 'crm_permission_level', 0, '', '1', '2023-11-30 09:51:59', '1', '2023-11-30 09:51:59', b'0', '1970-01-01 00:00:00');
INSERT INTO `system_dict_type` VALUES (606, 'CRM 审批状态', 'crm_audit_status', 0, '', '1', '2023-11-30 18:56:23', '1', '2023-11-30 18:56:23', b'0', '1970-01-01 00:00:00');
INSERT INTO `system_dict_type` VALUES (607, 'CRM 产品单位', 'crm_product_unit', 0, '', '1', '2023-12-05 23:01:51', '1', '2023-12-05 23:01:51', b'0', '1970-01-01 00:00:00');
INSERT INTO `system_dict_type` VALUES (608, 'CRM 跟进方式', 'crm_follow_up_type', 0, '', '1', '2024-01-15 20:48:05', '1', '2024-01-15 20:48:05', b'0', '1970-01-01 00:00:00');
INSERT INTO `system_dict_type` VALUES (610, '转账订单状态', 'pay_transfer_status', 0, '', '1', '2023-10-28 16:18:32', '1', '2023-10-28 16:18:32', b'0', '1970-01-01 00:00:00');
INSERT INTO `system_dict_type` VALUES (611, 'ERP 库存明细的业务类型', 'erp_stock_record_biz_type', 0, 'ERP 库存明细的业务类型', '1', '2024-02-05 18:07:02', '1', '2024-02-05 18:07:02', b'0', '1970-01-01 00:00:00');
INSERT INTO `system_dict_type` VALUES (612, 'ERP 审批状态', 'erp_audit_status', 0, '', '1', '2024-02-06 00:00:07', '1', '2024-02-06 00:00:07', b'0', '1970-01-01 00:00:00');
INSERT INTO `system_dict_type` VALUES (613, 'BPM 监听器类型', 'bpm_process_listener_type', 0, '', '1', '2024-03-23 12:52:24', '1', '2024-03-09 15:54:28', b'0', '1970-01-01 00:00:00');
INSERT INTO `system_dict_type` VALUES (615, 'BPM 监听器值类型', 'bpm_process_listener_value_type', 0, '', '1', '2024-03-23 13:00:31', '1', '2024-03-23 13:00:31', b'0', '1970-01-01 00:00:00');
INSERT INTO `system_dict_type` VALUES (616, '时间间隔', 'date_interval', 0, '', '1', '2024-03-29 22:50:09', '1', '2024-03-29 22:50:09', b'0', '1970-01-01 00:00:00');
INSERT INTO `system_dict_type` VALUES (619, 'CRM 商机结束状态类型', 'crm_business_end_status_type', 0, '', '1', '2024-04-13 23:23:00', '1', '2024-04-13 23:23:00', b'0', '1970-01-01 00:00:00');
INSERT INTO `system_dict_type` VALUES (620, 'AI 模型平台', 'ai_platform', 0, '', '1', '2024-05-09 22:27:38', '1', '2024-05-09 22:27:38', b'0', '1970-01-01 00:00:00');
INSERT INTO `system_dict_type` VALUES (621, 'AI 绘画状态', 'ai_image_status', 0, '', '1', '2024-06-26 20:51:23', '1', '2024-06-26 20:51:23', b'0', '1970-01-01 00:00:00');
INSERT INTO `system_dict_type` VALUES (622, 'AI 音乐状态', 'ai_music_status', 0, '', '1', '2024-06-27 22:45:07', '1', '2024-06-28 00:56:27', b'0', '1970-01-01 00:00:00');
INSERT INTO `system_dict_type` VALUES (623, 'AI 音乐生成模式', 'ai_generate_mode', 0, '', '1', '2024-06-27 22:46:21', '1', '2024-06-28 01:22:29', b'0', '1970-01-01 00:00:00');
INSERT INTO `system_dict_type` VALUES (624, '写作语气', 'ai_write_tone', 0, '', '1', '2024-07-07 15:19:02', '1', '2024-07-07 15:19:02', b'0', '1970-01-01 00:00:00');
INSERT INTO `system_dict_type` VALUES (625, '写作语言', 'ai_write_language', 0, '', '1', '2024-07-07 15:18:52', '1', '2024-07-07 15:18:52', b'0', '1970-01-01 00:00:00');
INSERT INTO `system_dict_type` VALUES (626, '写作长度', 'ai_write_length', 0, '', '1', '2024-07-07 15:18:41', '1', '2024-07-07 15:18:41', b'0', '1970-01-01 00:00:00');
INSERT INTO `system_dict_type` VALUES (627, '写作格式', 'ai_write_format', 0, '', '1', '2024-07-07 15:14:34', '1', '2024-07-07 15:14:34', b'0', '1970-01-01 00:00:00');
INSERT INTO `system_dict_type` VALUES (628, 'AI 写作类型', 'ai_write_type', 0, '', '1', '2024-07-10 21:25:29', '1', '2024-07-10 21:25:29', b'0', '1970-01-01 00:00:00');
INSERT INTO `system_dict_type` VALUES (629, 'BPM 流程模型类型', 'bpm_model_type', 0, '', '1', '2024-08-26 15:21:43', '1', '2024-08-26 15:21:43', b'0', '1970-01-01 00:00:00');
INSERT INTO `system_dict_type` VALUES (640, 'AI 模型类型', 'ai_model_type', 0, '', '1', '2025-03-03 12:24:07', '1', '2025-03-03 12:24:07', b'0', '1970-01-01 00:00:00');
INSERT INTO `system_dict_type` VALUES (1000, 'IoT 数据格式', 'iot_data_format', 0, '', '1', '2024-08-10 11:52:58', '1', '2025-03-17 09:25:06', b'0', '1970-01-01 00:00:00');
INSERT INTO `system_dict_type` VALUES (1001, 'IoT 产品设备类型', 'iot_product_device_type', 0, '', '1', '2024-08-10 11:54:30', '1', '2025-03-17 09:25:08', b'0', '1970-01-01 00:00:00');
INSERT INTO `system_dict_type` VALUES (1002, 'IoT 产品状态', 'iot_product_status', 0, '', '1', '2024-08-10 12:06:09', '1', '2025-03-17 09:25:10', b'0', '1970-01-01 00:00:00');
INSERT INTO `system_dict_type` VALUES (1003, 'IoT 数据校验级别', 'iot_validate_type', 0, '', '1', '2024-09-06 20:05:13', '1', '2025-03-17 09:25:12', b'0', '1970-01-01 00:00:00');
INSERT INTO `system_dict_type` VALUES (1004, 'IoT 联网方式', 'iot_net_type', 0, '', '1', '2024-09-06 22:04:13', '1', '2025-03-17 09:25:14', b'0', '1970-01-01 00:00:00');
INSERT INTO `system_dict_type` VALUES (1005, 'IoT 接入网关协议', 'iot_protocol_type', 0, '', '1', '2024-09-06 22:20:17', '1', '2025-03-17 09:25:16', b'0', '1970-01-01 00:00:00');
INSERT INTO `system_dict_type` VALUES (1006, 'IoT 设备状态', 'iot_device_state', 0, '', '1', '2024-09-21 08:12:55', '1', '2025-03-17 09:25:19', b'0', '1970-01-01 00:00:00');
INSERT INTO `system_dict_type` VALUES (1007, 'IoT 物模型功能类型', 'iot_thing_model_type', 0, '', '1', '2024-09-29 20:02:36', '1', '2025-03-17 09:25:24', b'0', '1970-01-01 00:00:00');
INSERT INTO `system_dict_type` VALUES (1008, 'IoT 插件部署方式', 'iot_plugin_deploy_type', 0, '', '1', '2024-12-13 10:55:13', '1', '2025-03-17 09:25:27', b'0', '1970-01-01 00:00:00');
INSERT INTO `system_dict_type` VALUES (1009, 'IoT 插件状态', 'iot_plugin_status', 0, '', '1', '2024-12-13 11:05:34', '1', '2025-03-17 09:25:30', b'0', '1970-01-01 00:00:00');
INSERT INTO `system_dict_type` VALUES (1010, 'IoT 插件类型', 'iot_plugin_type', 0, '', '1', '2024-12-13 11:08:19', '1', '2025-03-17 09:25:32', b'0', '1970-01-01 00:00:00');
INSERT INTO `system_dict_type` VALUES (1011, 'IoT 物模型单位', 'iot_thing_model_unit', 0, '', '1', '2024-12-25 17:36:46', '1', '2025-03-17 09:25:35', b'0', '1970-01-01 00:00:00');
INSERT INTO `system_dict_type` VALUES (1012, 'IoT 数据桥接的方向枚举', 'iot_data_bridge_direction_enum', 0, '', '1', '2025-03-09 12:37:40', '1', '2025-03-17 09:25:39', b'0', '1970-01-01 00:00:00');
INSERT INTO `system_dict_type` VALUES (1013, 'IoT 数据桥梁的类型枚举', 'iot_data_bridge_type_enum', 0, '', '1', '2025-03-09 12:39:36', '1', '2025-04-06 17:09:46', b'0', '1970-01-01 00:00:00');

-- ----------------------------
-- Table structure for system_login_log
-- ----------------------------
DROP TABLE IF EXISTS `system_login_log`;
CREATE TABLE `system_login_log`  (
  `id` bigint NOT NULL AUTO_INCREMENT COMMENT '访问ID',
  `log_type` bigint NOT NULL COMMENT '日志类型',
  `trace_id` varchar(64) CHARACTER SET utf8mb4 COLLATE utf8mb4_unicode_ci NOT NULL DEFAULT '' COMMENT '链路追踪编号',
  `user_id` bigint NOT NULL DEFAULT 0 COMMENT '用户编号',
  `user_type` tinyint NOT NULL DEFAULT 0 COMMENT '用户类型',
  `username` varchar(50) CHARACTER SET utf8mb4 COLLATE utf8mb4_unicode_ci NOT NULL DEFAULT '' COMMENT '用户账号',
  `result` tinyint NOT NULL COMMENT '登陆结果',
  `user_ip` varchar(50) CHARACTER SET utf8mb4 COLLATE utf8mb4_unicode_ci NOT NULL COMMENT '用户 IP',
  `user_agent` varchar(512) CHARACTER SET utf8mb4 COLLATE utf8mb4_unicode_ci NOT NULL COMMENT '浏览器 UA',
  `creator` varchar(64) CHARACTER SET utf8mb4 COLLATE utf8mb4_unicode_ci NULL DEFAULT '' COMMENT '创建者',
  `create_time` datetime NOT NULL DEFAULT CURRENT_TIMESTAMP COMMENT '创建时间',
  `updater` varchar(64) CHARACTER SET utf8mb4 COLLATE utf8mb4_unicode_ci NULL DEFAULT '' COMMENT '更新者',
  `update_time` datetime NOT NULL DEFAULT CURRENT_TIMESTAMP ON UPDATE CURRENT_TIMESTAMP COMMENT '更新时间',
  `deleted` bit(1) NOT NULL DEFAULT b'0' COMMENT '是否删除',
  `tenant_id` bigint NOT NULL DEFAULT 0 COMMENT '租户编号',
  PRIMARY KEY (`id`) USING BTREE
) ENGINE = InnoDB AUTO_INCREMENT = 3827 CHARACTER SET = utf8mb4 COLLATE = utf8mb4_unicode_ci COMMENT = '系统访问记录' ROW_FORMAT = Dynamic;

-- ----------------------------
-- Records of system_login_log
-- ----------------------------
INSERT INTO `system_login_log` VALUES (3822, 100, '', 1, 2, 'admin', 0, '127.0.0.1', 'Mozilla/5.0 (Windows NT 10.0; Win64; x64) AppleWebKit/537.36 (KHTML, like Gecko) Chrome/139.0.0.0 Safari/537.36', NULL, '2025-08-22 23:54:17', NULL, '2025-08-22 23:54:17', b'0', 0);
INSERT INTO `system_login_log` VALUES (3823, 200, '', 1, 2, 'admin', 0, '127.0.0.1', 'Mozilla/5.0 (Windows NT 10.0; Win64; x64) AppleWebKit/537.36 (KHTML, like Gecko) Chrome/139.0.0.0 Safari/537.36', '1', '2025-08-22 23:57:05', '1', '2025-08-22 23:57:05', b'0', 0);
INSERT INTO `system_login_log` VALUES (3824, 100, '', 1, 2, 'admin', 0, '127.0.0.1', 'Mozilla/5.0 (Windows NT 10.0; Win64; x64) AppleWebKit/537.36 (KHTML, like Gecko) Chrome/139.0.0.0 Safari/537.36', NULL, '2025-08-22 23:57:10', NULL, '2025-08-22 23:57:10', b'0', 0);
INSERT INTO `system_login_log` VALUES (3825, 200, '', 1, 2, 'admin', 0, '127.0.0.1', 'Mozilla/5.0 (Windows NT 10.0; Win64; x64) AppleWebKit/537.36 (KHTML, like Gecko) Chrome/139.0.0.0 Safari/537.36', '1', '2025-08-23 00:05:41', '1', '2025-08-23 00:05:41', b'0', 0);
INSERT INTO `system_login_log` VALUES (3826, 100, '', 1, 2, 'admin', 0, '127.0.0.1', 'Mozilla/5.0 (Windows NT 10.0; Win64; x64) AppleWebKit/537.36 (KHTML, like Gecko) Chrome/139.0.0.0 Safari/537.36', NULL, '2025-08-23 00:05:45', NULL, '2025-08-23 00:05:45', b'0', 0);
INSERT INTO `system_login_log` VALUES (3827, 200, '', 1, 2, 'admin', 0, '127.0.0.1', 'Mozilla/5.0 (Windows NT 10.0; Win64; x64) AppleWebKit/537.36 (KHTML, like Gecko) Chrome/139.0.0.0 Safari/537.36', '1', '2025-08-23 02:08:13', '1', '2025-08-23 02:08:13', b'0', 0);
INSERT INTO `system_login_log` VALUES (3828, 100, '', 1, 2, 'admin', 0, '127.0.0.1', 'Mozilla/5.0 (Windows NT 10.0; Win64; x64) AppleWebKit/537.36 (KHTML, like Gecko) Chrome/139.0.0.0 Safari/537.36', NULL, '2025-08-23 02:08:20', NULL, '2025-08-23 02:08:20', b'0', 0);
INSERT INTO `system_login_log` VALUES (3829, 100, '', 1, 2, 'admin', 0, '127.0.0.1', 'Mozilla/5.0 (Windows NT 10.0; Win64; x64) AppleWebKit/537.36 (KHTML, like Gecko) Chrome/139.0.0.0 Safari/537.36', NULL, '2025-08-23 02:11:12', NULL, '2025-08-23 02:11:12', b'0', 0);
INSERT INTO `system_login_log` VALUES (3830, 200, '', 1, 2, 'admin', 0, '127.0.0.1', 'Mozilla/5.0 (Windows NT 10.0; Win64; x64) AppleWebKit/537.36 (KHTML, like Gecko) Chrome/139.0.0.0 Safari/537.36', '1', '2025-08-23 11:07:17', '1', '2025-08-23 11:07:17', b'0', 0);
INSERT INTO `system_login_log` VALUES (3831, 100, '', 100, 2, 'easyboot', 0, '127.0.0.1', 'Mozilla/5.0 (Windows NT 10.0; Win64; x64) AppleWebKit/537.36 (KHTML, like Gecko) Chrome/139.0.0.0 Safari/537.36', NULL, '2025-08-23 11:07:27', NULL, '2025-08-23 11:07:27', b'0', 0);
INSERT INTO `system_login_log` VALUES (3832, 100, '', 1, 2, 'admin', 0, '127.0.0.1', 'Mozilla/5.0 (Windows NT 10.0; Win64; x64) AppleWebKit/537.36 (KHTML, like Gecko) Chrome/139.0.0.0 Safari/537.36', NULL, '2025-08-23 11:07:56', NULL, '2025-08-23 11:07:56', b'0', 0);
INSERT INTO `system_login_log` VALUES (3833, 200, '', 1, 2, 'admin', 0, '127.0.0.1', 'Mozilla/5.0 (Windows NT 10.0; Win64; x64) AppleWebKit/537.36 (KHTML, like Gecko) Chrome/139.0.0.0 Safari/537.36', '1', '2025-08-23 11:16:26', '1', '2025-08-23 11:16:26', b'0', 0);
INSERT INTO `system_login_log` VALUES (3834, 100, '', 1, 2, 'admin', 0, '127.0.0.1', 'Mozilla/5.0 (Windows NT 10.0; Win64; x64) AppleWebKit/537.36 (KHTML, like Gecko) Chrome/139.0.0.0 Safari/537.36', NULL, '2025-08-23 11:16:30', NULL, '2025-08-23 11:16:30', b'0', 0);
INSERT INTO `system_login_log` VALUES (3835, 200, '', 1, 2, 'admin', 0, '127.0.0.1', 'Mozilla/5.0 (Windows NT 10.0; Win64; x64) AppleWebKit/537.36 (KHTML, like Gecko) Chrome/139.0.0.0 Safari/537.36', '1', '2025-08-23 11:20:47', '1', '2025-08-23 11:20:47', b'0', 0);
INSERT INTO `system_login_log` VALUES (3836, 100, '', 1, 2, 'admin', 0, '127.0.0.1', 'Mozilla/5.0 (Windows NT 10.0; Win64; x64) AppleWebKit/537.36 (KHTML, like Gecko) Chrome/139.0.0.0 Safari/537.36', NULL, '2025-08-23 11:20:52', NULL, '2025-08-23 11:20:52', b'0', 0);
INSERT INTO `system_login_log` VALUES (3837, 200, '', 1, 2, 'admin', 0, '127.0.0.1', 'Mozilla/5.0 (Windows NT 10.0; Win64; x64) AppleWebKit/537.36 (KHTML, like Gecko) Chrome/139.0.0.0 Safari/537.36', '1', '2025-08-23 11:21:20', '1', '2025-08-23 11:21:20', b'0', 0);
INSERT INTO `system_login_log` VALUES (3838, 100, '', 1, 2, 'admin', 0, '127.0.0.1', 'Mozilla/5.0 (Windows NT 10.0; Win64; x64) AppleWebKit/537.36 (KHTML, like Gecko) Chrome/139.0.0.0 Safari/537.36', NULL, '2025-08-23 11:21:25', NULL, '2025-08-23 11:21:25', b'0', 0);
INSERT INTO `system_login_log` VALUES (3839, 200, '', 1, 2, 'admin', 0, '127.0.0.1', 'Mozilla/5.0 (Windows NT 10.0; Win64; x64) AppleWebKit/537.36 (KHTML, like Gecko) Chrome/139.0.0.0 Safari/537.36', '1', '2025-08-23 11:35:45', '1', '2025-08-23 11:35:45', b'0', 0);
INSERT INTO `system_login_log` VALUES (3840, 100, '', 1, 2, 'admin', 0, '127.0.0.1', 'Mozilla/5.0 (Windows NT 10.0; Win64; x64) AppleWebKit/537.36 (KHTML, like Gecko) Chrome/139.0.0.0 Safari/537.36', NULL, '2025-08-23 11:35:49', NULL, '2025-08-23 11:35:49', b'0', 0);
INSERT INTO `system_login_log` VALUES (3841, 200, '', 1, 2, 'admin', 0, '127.0.0.1', 'Mozilla/5.0 (Windows NT 10.0; Win64; x64) AppleWebKit/537.36 (KHTML, like Gecko) Chrome/139.0.0.0 Safari/537.36', '1', '2025-08-23 11:36:47', '1', '2025-08-23 11:36:47', b'0', 0);
INSERT INTO `system_login_log` VALUES (3842, 100, '', 1, 2, 'admin', 0, '127.0.0.1', 'Mozilla/5.0 (Windows NT 10.0; Win64; x64) AppleWebKit/537.36 (KHTML, like Gecko) Chrome/139.0.0.0 Safari/537.36', NULL, '2025-08-23 11:36:51', NULL, '2025-08-23 11:36:51', b'0', 0);
INSERT INTO `system_login_log` VALUES (3843, 100, '', 1, 2, 'admin', 0, '127.0.0.1', 'Mozilla/5.0 (Windows NT 10.0; Win64; x64) AppleWebKit/537.36 (KHTML, like Gecko) Chrome/139.0.0.0 Safari/537.36', NULL, '2025-08-23 12:35:05', NULL, '2025-08-23 12:35:05', b'0', 0);
INSERT INTO `system_login_log` VALUES (3844, 100, '', 1, 2, 'admin', 0, '127.0.0.1', 'Mozilla/5.0 (Windows NT 10.0; Win64; x64) AppleWebKit/537.36 (KHTML, like Gecko) Chrome/139.0.0.0 Safari/537.36', NULL, '2025-08-23 12:35:15', NULL, '2025-08-23 12:35:15', b'0', 0);
INSERT INTO `system_login_log` VALUES (3845, 100, '', 1, 2, 'admin', 0, '127.0.0.1', 'Mozilla/5.0 (Windows NT 10.0; Win64; x64) AppleWebKit/537.36 (KHTML, like Gecko) Chrome/139.0.0.0 Safari/537.36', NULL, '2025-08-23 12:36:08', NULL, '2025-08-23 12:36:08', b'0', 0);
INSERT INTO `system_login_log` VALUES (3846, 100, '', 1, 2, 'admin', 0, '127.0.0.1', 'Mozilla/5.0 (Windows NT 10.0; Win64; x64) AppleWebKit/537.36 (KHTML, like Gecko) Chrome/139.0.0.0 Safari/537.36', NULL, '2025-08-23 12:37:08', NULL, '2025-08-23 12:37:08', b'0', 0);
INSERT INTO `system_login_log` VALUES (3847, 100, '', 1, 2, 'admin', 0, '127.0.0.1', 'Mozilla/5.0 (Windows NT 10.0; Win64; x64) AppleWebKit/537.36 (KHTML, like Gecko) Chrome/139.0.0.0 Safari/537.36', NULL, '2025-08-23 12:38:53', NULL, '2025-08-23 12:38:53', b'0', 0);
INSERT INTO `system_login_log` VALUES (3848, 100, '', 1, 2, 'admin', 0, '127.0.0.1', 'Mozilla/5.0 (Windows NT 10.0; Win64; x64) AppleWebKit/537.36 (KHTML, like Gecko) Chrome/139.0.0.0 Safari/537.36', NULL, '2025-08-23 12:39:58', NULL, '2025-08-23 12:39:58', b'0', 0);
INSERT INTO `system_login_log` VALUES (3849, 200, '', 1, 2, 'admin', 0, '127.0.0.1', 'Mozilla/5.0 (Windows NT 10.0; Win64; x64) AppleWebKit/537.36 (KHTML, like Gecko) Chrome/139.0.0.0 Safari/537.36', '1', '2025-08-23 12:42:05', '1', '2025-08-23 12:42:05', b'0', 0);
INSERT INTO `system_login_log` VALUES (3850, 100, '', 1, 2, 'admin', 0, '127.0.0.1', 'Mozilla/5.0 (Windows NT 10.0; Win64; x64) AppleWebKit/537.36 (KHTML, like Gecko) Chrome/139.0.0.0 Safari/537.36', NULL, '2025-08-23 12:42:11', NULL, '2025-08-23 12:42:11', b'0', 0);
INSERT INTO `system_login_log` VALUES (3851, 100, '', 1, 2, 'admin', 0, '127.0.0.1', 'Mozilla/5.0 (Windows NT 10.0; Win64; x64) AppleWebKit/537.36 (KHTML, like Gecko) Chrome/139.0.0.0 Safari/537.36', NULL, '2025-08-23 12:42:42', NULL, '2025-08-23 12:42:42', b'0', 0);
INSERT INTO `system_login_log` VALUES (3852, 202, '', 1, 2, 'admin', 0, '127.0.0.1', 'Mozilla/5.0 (Windows NT 10.0; Win64; x64) AppleWebKit/537.36 (KHTML, like Gecko) Chrome/139.0.0.0 Safari/537.36', '1', '2025-08-23 12:45:32', '1', '2025-08-23 12:45:32', b'0', 0);
INSERT INTO `system_login_log` VALUES (3853, 100, '', 1, 2, 'admin', 0, '127.0.0.1', 'Mozilla/5.0 (Windows NT 10.0; Win64; x64) AppleWebKit/537.36 (KHTML, like Gecko) Chrome/139.0.0.0 Safari/537.36', NULL, '2025-08-23 12:45:37', NULL, '2025-08-23 12:45:37', b'0', 0);
INSERT INTO `system_login_log` VALUES (3854, 200, '', 1, 2, 'admin', 0, '127.0.0.1', 'Mozilla/5.0 (Windows NT 10.0; Win64; x64) AppleWebKit/537.36 (KHTML, like Gecko) Chrome/139.0.0.0 Safari/537.36', '1', '2025-08-23 12:55:32', '1', '2025-08-23 12:55:32', b'0', 0);
INSERT INTO `system_login_log` VALUES (3855, 100, '', 142, 2, 'easyboot', 0, '127.0.0.1', 'Mozilla/5.0 (Windows NT 10.0; Win64; x64) AppleWebKit/537.36 (KHTML, like Gecko) Chrome/139.0.0.0 Safari/537.36', NULL, '2025-08-23 12:55:43', NULL, '2025-08-23 12:55:43', b'0', 0);
INSERT INTO `system_login_log` VALUES (3856, 200, '', 142, 2, 'easyboot', 0, '127.0.0.1', 'Mozilla/5.0 (Windows NT 10.0; Win64; x64) AppleWebKit/537.36 (KHTML, like Gecko) Chrome/139.0.0.0 Safari/537.36', '142', '2025-08-23 12:55:55', '142', '2025-08-23 12:55:55', b'0', 0);
INSERT INTO `system_login_log` VALUES (3857, 100, '', 1, 2, 'admin', 0, '127.0.0.1', 'Mozilla/5.0 (Windows NT 10.0; Win64; x64) AppleWebKit/537.36 (KHTML, like Gecko) Chrome/139.0.0.0 Safari/537.36', NULL, '2025-08-23 12:56:00', NULL, '2025-08-23 12:56:00', b'0', 0);

-- ----------------------------
-- Table structure for system_mail_account
-- ----------------------------
DROP TABLE IF EXISTS `system_mail_account`;
CREATE TABLE `system_mail_account`  (
  `id` bigint NOT NULL AUTO_INCREMENT COMMENT '主键',
  `mail` varchar(255) CHARACTER SET utf8mb4 COLLATE utf8mb4_unicode_ci NOT NULL COMMENT '邮箱',
  `username` varchar(255) CHARACTER SET utf8mb4 COLLATE utf8mb4_unicode_ci NOT NULL COMMENT '用户名',
  `password` varchar(255) CHARACTER SET utf8mb4 COLLATE utf8mb4_unicode_ci NOT NULL COMMENT '密码',
  `host` varchar(255) CHARACTER SET utf8mb4 COLLATE utf8mb4_unicode_ci NOT NULL COMMENT 'SMTP 服务器域名',
  `port` int NOT NULL COMMENT 'SMTP 服务器端口',
  `ssl_enable` bit(1) NOT NULL DEFAULT b'0' COMMENT '是否开启 SSL',
  `starttls_enable` bit(1) NOT NULL DEFAULT b'0' COMMENT '是否开启 STARTTLS',
  `creator` varchar(64) CHARACTER SET utf8mb4 COLLATE utf8mb4_unicode_ci NULL DEFAULT '' COMMENT '创建者',
  `create_time` datetime NOT NULL DEFAULT CURRENT_TIMESTAMP COMMENT '创建时间',
  `updater` varchar(64) CHARACTER SET utf8mb4 COLLATE utf8mb4_unicode_ci NULL DEFAULT '' COMMENT '更新者',
  `update_time` datetime NOT NULL DEFAULT CURRENT_TIMESTAMP ON UPDATE CURRENT_TIMESTAMP COMMENT '更新时间',
  `deleted` bit(1) NOT NULL DEFAULT b'0' COMMENT '是否删除',
  PRIMARY KEY (`id`) USING BTREE
) ENGINE = InnoDB AUTO_INCREMENT = 5 CHARACTER SET = utf8mb4 COLLATE = utf8mb4_unicode_ci COMMENT = '邮箱账号表' ROW_FORMAT = Dynamic;

-- ----------------------------
-- Records of system_mail_account
-- ----------------------------
INSERT INTO `system_mail_account` VALUES (1, '7684413@qq.com', '7684413@qq.com', '1234576', '127.0.0.1', 8080, b'0', b'0', '1', '2023-01-25 17:39:52', '1', '2025-04-04 16:34:40', b'0');
INSERT INTO `system_mail_account` VALUES (2, 'ydym_test@163.com', 'ydym_test@163.com', 'WBZTEINMIFVRYSOE', 'smtp.163.com', 465, b'1', b'0', '1', '2023-01-26 01:26:03', '1', '2023-04-12 22:39:38', b'0');
INSERT INTO `system_mail_account` VALUES (3, '76854114@qq.com', '3335', '11234', 'yunai1.cn', 466, b'0', b'0', '1', '2023-01-27 15:06:38', '1', '2023-01-27 07:08:36', b'1');
INSERT INTO `system_mail_account` VALUES (4, '7685413x@qq.com', '2', '3', '4', 5, b'1', b'0', '1', '2023-04-12 23:05:06', '1', '2023-04-12 15:05:11', b'1');

-- ----------------------------
-- Table structure for system_mail_log
-- ----------------------------
DROP TABLE IF EXISTS `system_mail_log`;
CREATE TABLE `system_mail_log`  (
  `id` bigint NOT NULL AUTO_INCREMENT COMMENT '编号',
  `user_id` bigint NULL DEFAULT NULL COMMENT '用户编号',
  `user_type` tinyint NULL DEFAULT NULL COMMENT '用户类型',
  `to_mails` varchar(1024) CHARACTER SET utf8mb4 COLLATE utf8mb4_unicode_ci NOT NULL COMMENT '接收邮箱地址',
  `cc_mails` varchar(1024) CHARACTER SET utf8mb4 COLLATE utf8mb4_unicode_ci NOT NULL COMMENT '抄送邮箱地址',
  `bcc_mails` varchar(1024) CHARACTER SET utf8mb4 COLLATE utf8mb4_unicode_ci NOT NULL COMMENT '密送邮箱地址',
  `account_id` bigint NOT NULL COMMENT '邮箱账号编号',
  `from_mail` varchar(255) CHARACTER SET utf8mb4 COLLATE utf8mb4_unicode_ci NOT NULL COMMENT '发送邮箱地址',
  `template_id` bigint NOT NULL COMMENT '模板编号',
  `template_code` varchar(63) CHARACTER SET utf8mb4 COLLATE utf8mb4_unicode_ci NOT NULL COMMENT '模板编码',
  `template_nickname` varchar(255) CHARACTER SET utf8mb4 COLLATE utf8mb4_unicode_ci NULL DEFAULT NULL COMMENT '模版发送人名称',
  `template_title` varchar(255) CHARACTER SET utf8mb4 COLLATE utf8mb4_unicode_ci NOT NULL COMMENT '邮件标题',
  `template_content` text CHARACTER SET utf8mb4 COLLATE utf8mb4_unicode_ci NOT NULL COMMENT '邮件内容',
  `template_params` varchar(255) CHARACTER SET utf8mb4 COLLATE utf8mb4_unicode_ci NOT NULL COMMENT '邮件参数',
  `send_status` tinyint NOT NULL DEFAULT 0 COMMENT '发送状态',
  `send_time` datetime NULL DEFAULT NULL COMMENT '发送时间',
  `send_message_id` varchar(255) CHARACTER SET utf8mb4 COLLATE utf8mb4_unicode_ci NULL DEFAULT NULL COMMENT '发送返回的消息 ID',
  `send_exception` varchar(4096) CHARACTER SET utf8mb4 COLLATE utf8mb4_unicode_ci NULL DEFAULT NULL COMMENT '发送异常',
  `creator` varchar(64) CHARACTER SET utf8mb4 COLLATE utf8mb4_unicode_ci NULL DEFAULT '' COMMENT '创建者',
  `create_time` datetime NOT NULL DEFAULT CURRENT_TIMESTAMP COMMENT '创建时间',
  `updater` varchar(64) CHARACTER SET utf8mb4 COLLATE utf8mb4_unicode_ci NULL DEFAULT '' COMMENT '更新者',
  `update_time` datetime NOT NULL DEFAULT CURRENT_TIMESTAMP ON UPDATE CURRENT_TIMESTAMP COMMENT '更新时间',
  `deleted` bit(1) NOT NULL DEFAULT b'0' COMMENT '是否删除',
  PRIMARY KEY (`id`) USING BTREE
) ENGINE = InnoDB AUTO_INCREMENT = 360 CHARACTER SET = utf8mb4 COLLATE = utf8mb4_unicode_ci COMMENT = '邮件日志表' ROW_FORMAT = Dynamic;

-- ----------------------------
-- Records of system_mail_log
-- ----------------------------

-- ----------------------------
-- Table structure for system_mail_template
-- ----------------------------
DROP TABLE IF EXISTS `system_mail_template`;
CREATE TABLE `system_mail_template`  (
  `id` bigint NOT NULL AUTO_INCREMENT COMMENT '编号',
  `name` varchar(63) CHARACTER SET utf8mb4 COLLATE utf8mb4_unicode_ci NOT NULL COMMENT '模板名称',
  `code` varchar(63) CHARACTER SET utf8mb4 COLLATE utf8mb4_unicode_ci NOT NULL COMMENT '模板编码',
  `account_id` bigint NOT NULL COMMENT '发送的邮箱账号编号',
  `nickname` varchar(255) CHARACTER SET utf8mb4 COLLATE utf8mb4_unicode_ci NULL DEFAULT NULL COMMENT '发送人名称',
  `title` varchar(255) CHARACTER SET utf8mb4 COLLATE utf8mb4_unicode_ci NOT NULL COMMENT '模板标题',
  `content` varchar(10240) CHARACTER SET utf8mb4 COLLATE utf8mb4_unicode_ci NOT NULL COMMENT '模板内容',
  `params` varchar(255) CHARACTER SET utf8mb4 COLLATE utf8mb4_unicode_ci NOT NULL COMMENT '参数数组',
  `status` tinyint NOT NULL COMMENT '开启状态',
  `remark` varchar(255) CHARACTER SET utf8mb4 COLLATE utf8mb4_unicode_ci NULL DEFAULT NULL COMMENT '备注',
  `creator` varchar(64) CHARACTER SET utf8mb4 COLLATE utf8mb4_unicode_ci NULL DEFAULT '' COMMENT '创建者',
  `create_time` datetime NOT NULL DEFAULT CURRENT_TIMESTAMP COMMENT '创建时间',
  `updater` varchar(64) CHARACTER SET utf8mb4 COLLATE utf8mb4_unicode_ci NULL DEFAULT '' COMMENT '更新者',
  `update_time` datetime NOT NULL DEFAULT CURRENT_TIMESTAMP ON UPDATE CURRENT_TIMESTAMP COMMENT '更新时间',
  `deleted` bit(1) NOT NULL DEFAULT b'0' COMMENT '是否删除',
  PRIMARY KEY (`id`) USING BTREE
) ENGINE = InnoDB AUTO_INCREMENT = 16 CHARACTER SET = utf8mb4 COLLATE = utf8mb4_unicode_ci COMMENT = '邮件模版表' ROW_FORMAT = Dynamic;

-- ----------------------------
-- Records of system_mail_template
-- ----------------------------
INSERT INTO `system_mail_template` VALUES (13, '后台用户短信登录', 'admin-sms-login', 1, '奥特曼', '你猜我猜', '<p>您的验证码是{code}，名字是{name}</p>', '[\"code\",\"name\"]', 0, '3', '1', '2021-10-11 08:10:00', '1', '2023-12-02 19:51:14', b'0');
INSERT INTO `system_mail_template` VALUES (14, '测试模版', 'test_01', 2, '芋艿', '一个标题', '<p>你是 {key01} 吗？</p><p><br></p><p>是的话，赶紧 {key02} 一下！</p>', '[\"key01\",\"key02\"]', 0, NULL, '1', '2023-01-26 01:27:40', '1', '2023-01-27 10:32:16', b'0');
INSERT INTO `system_mail_template` VALUES (15, '3', '2', 2, '7', '4', '<p>45</p>', '[]', 1, '80', '1', '2023-01-27 15:50:35', '1', '2023-01-27 16:34:49', b'0');

-- ----------------------------
-- Table structure for system_menu
-- ----------------------------
DROP TABLE IF EXISTS `system_menu`;
CREATE TABLE `system_menu`  (
  `id` bigint NOT NULL AUTO_INCREMENT COMMENT '菜单ID',
  `name` varchar(50) CHARACTER SET utf8mb4 COLLATE utf8mb4_unicode_ci NOT NULL COMMENT '菜单名称',
  `permission` varchar(100) CHARACTER SET utf8mb4 COLLATE utf8mb4_unicode_ci NOT NULL DEFAULT '' COMMENT '权限标识',
  `type` tinyint NOT NULL COMMENT '菜单类型',
  `sort` int NOT NULL DEFAULT 0 COMMENT '显示顺序',
  `parent_id` bigint NOT NULL DEFAULT 0 COMMENT '父菜单ID',
  `path` varchar(200) CHARACTER SET utf8mb4 COLLATE utf8mb4_unicode_ci NULL DEFAULT '' COMMENT '路由地址',
  `icon` varchar(100) CHARACTER SET utf8mb4 COLLATE utf8mb4_unicode_ci NULL DEFAULT '#' COMMENT '菜单图标',
  `component` varchar(255) CHARACTER SET utf8mb4 COLLATE utf8mb4_unicode_ci NULL DEFAULT NULL COMMENT '组件路径',
  `component_name` varchar(255) CHARACTER SET utf8mb4 COLLATE utf8mb4_unicode_ci NULL DEFAULT NULL COMMENT '组件名',
  `status` tinyint NOT NULL DEFAULT 0 COMMENT '菜单状态',
  `visible` bit(1) NOT NULL DEFAULT b'1' COMMENT '是否可见',
  `keep_alive` bit(1) NOT NULL DEFAULT b'1' COMMENT '是否缓存',
  `always_show` bit(1) NOT NULL DEFAULT b'1' COMMENT '是否总是显示',
  `creator` varchar(64) CHARACTER SET utf8mb4 COLLATE utf8mb4_unicode_ci NULL DEFAULT '' COMMENT '创建者',
  `create_time` datetime NOT NULL DEFAULT CURRENT_TIMESTAMP COMMENT '创建时间',
  `updater` varchar(64) CHARACTER SET utf8mb4 COLLATE utf8mb4_unicode_ci NULL DEFAULT '' COMMENT '更新者',
  `update_time` datetime NOT NULL DEFAULT CURRENT_TIMESTAMP ON UPDATE CURRENT_TIMESTAMP COMMENT '更新时间',
  `deleted` bit(1) NOT NULL DEFAULT b'0' COMMENT '是否删除',
  PRIMARY KEY (`id`) USING BTREE
) ENGINE = InnoDB AUTO_INCREMENT = 5013 CHARACTER SET = utf8mb4 COLLATE = utf8mb4_unicode_ci COMMENT = '菜单权限表' ROW_FORMAT = Dynamic;

-- ----------------------------
-- Records of system_menu
-- ----------------------------
INSERT INTO `system_menu` VALUES (1, '系统管理', '', 1, 10, 0, '/system', 'ep:tools', NULL, NULL, 0, b'1', b'1', b'1', 'admin', '2021-01-05 17:03:48', '1', '2025-03-15 21:30:27', b'0');
INSERT INTO `system_menu` VALUES (2, '基础设施', '', 1, 20, 0, '/infra', 'ep:monitor', NULL, NULL, 0, b'1', b'1', b'1', 'admin', '2021-01-05 17:03:48', '1', '2024-03-01 08:28:40', b'0');
INSERT INTO `system_menu` VALUES (100, '用户管理', 'system:user:list', 2, 1, 1, 'user', 'ep:avatar', 'system/user/index', 'SystemUser', 0, b'1', b'1', b'1', 'admin', '2021-01-05 17:03:48', '1', '2025-03-15 21:30:41', b'0');
INSERT INTO `system_menu` VALUES (101, '角色管理', '', 2, 2, 1, 'role', 'ep:user', 'system/role/index', 'SystemRole', 0, b'1', b'1', b'1', 'admin', '2021-01-05 17:03:48', '1', '2024-05-01 18:35:29', b'0');
INSERT INTO `system_menu` VALUES (102, '菜单管理', '', 2, 3, 1, 'menu', 'ep:menu', 'system/menu/index', 'SystemMenu', 0, b'1', b'1', b'1', 'admin', '2021-01-05 17:03:48', '1', '2024-02-29 01:03:50', b'0');
INSERT INTO `system_menu` VALUES (103, '部门管理', '', 2, 4, 1, 'dept', 'fa:address-card', 'system/dept/index', 'SystemDept', 0, b'1', b'1', b'1', 'admin', '2021-01-05 17:03:48', '1', '2024-02-29 01:06:28', b'0');
INSERT INTO `system_menu` VALUES (104, '岗位管理', '', 2, 5, 1, 'post', 'fa:address-book-o', 'system/post/index', 'SystemPost', 0, b'1', b'1', b'1', 'admin', '2021-01-05 17:03:48', '1', '2024-02-29 01:06:39', b'0');
INSERT INTO `system_menu` VALUES (105, '字典管理', '', 2, 6, 1, 'dict', 'ep:collection', 'system/dict/index', 'SystemDictType', 0, b'1', b'1', b'1', 'admin', '2021-01-05 17:03:48', '1', '2024-02-29 01:07:12', b'0');
INSERT INTO `system_menu` VALUES (106, '配置管理', '', 2, 8, 2, 'config', 'fa:connectdevelop', 'infra/config/index', 'InfraConfig', 0, b'1', b'1', b'1', 'admin', '2021-01-05 17:03:48', '1', '2024-04-23 00:02:45', b'0');
INSERT INTO `system_menu` VALUES (107, '通知公告', '', 2, 4, 2739, 'notice', 'ep:takeaway-box', 'system/notice/index', 'SystemNotice', 0, b'1', b'1', b'1', 'admin', '2021-01-05 17:03:48', '1', '2024-04-22 23:56:17', b'0');
INSERT INTO `system_menu` VALUES (108, '审计日志', '', 1, 9, 1, 'log', 'ep:document-copy', '', NULL, 0, b'1', b'1', b'1', 'admin', '2021-01-05 17:03:48', '1', '2024-02-29 01:08:30', b'0');
INSERT INTO `system_menu` VALUES (109, '令牌管理', '', 2, 2, 1261, 'token', 'fa:key', 'system/oauth2/token/index', 'SystemTokenClient', 0, b'1', b'1', b'1', 'admin', '2021-01-05 17:03:48', '1', '2024-02-29 01:13:48', b'0');
INSERT INTO `system_menu` VALUES (110, '定时任务', '', 2, 7, 2, 'job', 'fa-solid:tasks', 'infra/job/index', 'InfraJob', 0, b'1', b'1', b'1', 'admin', '2021-01-05 17:03:48', '1', '2024-02-29 08:57:36', b'0');
INSERT INTO `system_menu` VALUES (111, 'MySQL 监控', '', 2, 1, 2740, 'druid', 'fa-solid:box', 'infra/druid/index', 'InfraDruid', 0, b'1', b'1', b'1', 'admin', '2021-01-05 17:03:48', '1', '2024-04-23 00:05:58', b'0');
INSERT INTO `system_menu` VALUES (112, 'Java 监控', '', 2, 3, 2740, 'admin-server', 'ep:coffee-cup', 'infra/server/index', 'InfraAdminServer', 0, b'1', b'1', b'1', 'admin', '2021-01-05 17:03:48', '1', '2024-04-23 00:06:57', b'0');
INSERT INTO `system_menu` VALUES (113, 'Redis 监控', '', 2, 2, 2740, 'redis', 'fa:reddit-square', 'infra/redis/index', 'InfraRedis', 0, b'1', b'1', b'1', 'admin', '2021-01-05 17:03:48', '1', '2024-04-23 00:06:09', b'0');
INSERT INTO `system_menu` VALUES (114, '表单构建', 'infra:build:list', 2, 2, 2, 'build', 'fa:wpforms', 'infra/build/index', 'InfraBuild', 0, b'1', b'1', b'1', 'admin', '2021-01-05 17:03:48', '1', '2024-02-29 08:51:35', b'0');
INSERT INTO `system_menu` VALUES (115, '代码生成', 'infra:codegen:query', 2, 1, 2, 'codegen', 'ep:document-copy', 'infra/codegen/index', 'InfraCodegen', 0, b'1', b'1', b'1', 'admin', '2021-01-05 17:03:48', '1', '2024-02-29 08:51:06', b'0');
INSERT INTO `system_menu` VALUES (116, 'API 接口', 'infra:swagger:list', 2, 3, 2, 'swagger', 'fa:fighter-jet', 'infra/swagger/index', 'InfraSwagger', 0, b'1', b'1', b'1', 'admin', '2021-01-05 17:03:48', '1', '2024-04-23 00:01:24', b'0');
INSERT INTO `system_menu` VALUES (500, '操作日志', '', 2, 1, 108, 'operate-log', 'ep:position', 'system/operatelog/index', 'SystemOperateLog', 0, b'1', b'1', b'1', 'admin', '2021-01-05 17:03:48', '1', '2024-02-29 01:09:59', b'0');
INSERT INTO `system_menu` VALUES (501, '登录日志', '', 2, 2, 108, 'login-log', 'ep:promotion', 'system/loginlog/index', 'SystemLoginLog', 0, b'1', b'1', b'1', 'admin', '2021-01-05 17:03:48', '1', '2024-02-29 01:10:29', b'0');
INSERT INTO `system_menu` VALUES (1001, '用户查询', 'system:user:query', 3, 1, 100, '', '#', '', NULL, 0, b'1', b'1', b'1', 'admin', '2021-01-05 17:03:48', '', '2022-04-20 17:03:10', b'0');
INSERT INTO `system_menu` VALUES (1002, '用户新增', 'system:user:create', 3, 2, 100, '', '', '', NULL, 0, b'1', b'1', b'1', 'admin', '2021-01-05 17:03:48', '1', '2022-04-20 17:03:10', b'0');
INSERT INTO `system_menu` VALUES (1003, '用户修改', 'system:user:update', 3, 3, 100, '', '', '', NULL, 0, b'1', b'1', b'1', 'admin', '2021-01-05 17:03:48', '1', '2022-04-20 17:03:10', b'0');
INSERT INTO `system_menu` VALUES (1004, '用户删除', 'system:user:delete', 3, 4, 100, '', '', '', NULL, 0, b'1', b'1', b'1', 'admin', '2021-01-05 17:03:48', '1', '2022-04-20 17:03:10', b'0');
INSERT INTO `system_menu` VALUES (1005, '用户导出', 'system:user:export', 3, 5, 100, '', '#', '', NULL, 0, b'1', b'1', b'1', 'admin', '2021-01-05 17:03:48', '', '2022-04-20 17:03:10', b'0');
INSERT INTO `system_menu` VALUES (1006, '用户导入', 'system:user:import', 3, 6, 100, '', '#', '', NULL, 0, b'1', b'1', b'1', 'admin', '2021-01-05 17:03:48', '', '2022-04-20 17:03:10', b'0');
INSERT INTO `system_menu` VALUES (1007, '重置密码', 'system:user:update-password', 3, 7, 100, '', '', '', NULL, 0, b'1', b'1', b'1', 'admin', '2021-01-05 17:03:48', '1', '2022-04-20 17:03:10', b'0');
INSERT INTO `system_menu` VALUES (1008, '角色查询', 'system:role:query', 3, 1, 101, '', '#', '', NULL, 0, b'1', b'1', b'1', 'admin', '2021-01-05 17:03:48', '', '2022-04-20 17:03:10', b'0');
INSERT INTO `system_menu` VALUES (1009, '角色新增', 'system:role:create', 3, 2, 101, '', '', '', NULL, 0, b'1', b'1', b'1', 'admin', '2021-01-05 17:03:48', '1', '2022-04-20 17:03:10', b'0');
INSERT INTO `system_menu` VALUES (1010, '角色修改', 'system:role:update', 3, 3, 101, '', '', '', NULL, 0, b'1', b'1', b'1', 'admin', '2021-01-05 17:03:48', '1', '2022-04-20 17:03:10', b'0');
INSERT INTO `system_menu` VALUES (1011, '角色删除', 'system:role:delete', 3, 4, 101, '', '', '', NULL, 0, b'1', b'1', b'1', 'admin', '2021-01-05 17:03:48', '1', '2022-04-20 17:03:10', b'0');
INSERT INTO `system_menu` VALUES (1012, '角色导出', 'system:role:export', 3, 5, 101, '', '#', '', NULL, 0, b'1', b'1', b'1', 'admin', '2021-01-05 17:03:48', '', '2022-04-20 17:03:10', b'0');
INSERT INTO `system_menu` VALUES (1013, '菜单查询', 'system:menu:query', 3, 1, 102, '', '#', '', NULL, 0, b'1', b'1', b'1', 'admin', '2021-01-05 17:03:48', '', '2022-04-20 17:03:10', b'0');
INSERT INTO `system_menu` VALUES (1014, '菜单新增', 'system:menu:create', 3, 2, 102, '', '#', '', NULL, 0, b'1', b'1', b'1', 'admin', '2021-01-05 17:03:48', '', '2022-04-20 17:03:10', b'0');
INSERT INTO `system_menu` VALUES (1015, '菜单修改', 'system:menu:update', 3, 3, 102, '', '#', '', NULL, 0, b'1', b'1', b'1', 'admin', '2021-01-05 17:03:48', '', '2022-04-20 17:03:10', b'0');
INSERT INTO `system_menu` VALUES (1016, '菜单删除', 'system:menu:delete', 3, 4, 102, '', '#', '', NULL, 0, b'1', b'1', b'1', 'admin', '2021-01-05 17:03:48', '', '2022-04-20 17:03:10', b'0');
INSERT INTO `system_menu` VALUES (1017, '部门查询', 'system:dept:query', 3, 1, 103, '', '#', '', NULL, 0, b'1', b'1', b'1', 'admin', '2021-01-05 17:03:48', '', '2022-04-20 17:03:10', b'0');
INSERT INTO `system_menu` VALUES (1018, '部门新增', 'system:dept:create', 3, 2, 103, '', '', '', NULL, 0, b'1', b'1', b'1', 'admin', '2021-01-05 17:03:48', '1', '2022-04-20 17:03:10', b'0');
INSERT INTO `system_menu` VALUES (1019, '部门修改', 'system:dept:update', 3, 3, 103, '', '', '', NULL, 0, b'1', b'1', b'1', 'admin', '2021-01-05 17:03:48', '1', '2022-04-20 17:03:10', b'0');
INSERT INTO `system_menu` VALUES (1020, '部门删除', 'system:dept:delete', 3, 4, 103, '', '', '', NULL, 0, b'1', b'1', b'1', 'admin', '2021-01-05 17:03:48', '1', '2022-04-20 17:03:10', b'0');
INSERT INTO `system_menu` VALUES (1021, '岗位查询', 'system:post:query', 3, 1, 104, '', '#', '', NULL, 0, b'1', b'1', b'1', 'admin', '2021-01-05 17:03:48', '', '2022-04-20 17:03:10', b'0');
INSERT INTO `system_menu` VALUES (1022, '岗位新增', 'system:post:create', 3, 2, 104, '', '', '', NULL, 0, b'1', b'1', b'1', 'admin', '2021-01-05 17:03:48', '1', '2022-04-20 17:03:10', b'0');
INSERT INTO `system_menu` VALUES (1023, '岗位修改', 'system:post:update', 3, 3, 104, '', '', '', NULL, 0, b'1', b'1', b'1', 'admin', '2021-01-05 17:03:48', '1', '2022-04-20 17:03:10', b'0');
INSERT INTO `system_menu` VALUES (1024, '岗位删除', 'system:post:delete', 3, 4, 104, '', '', '', NULL, 0, b'1', b'1', b'1', 'admin', '2021-01-05 17:03:48', '1', '2022-04-20 17:03:10', b'0');
INSERT INTO `system_menu` VALUES (1025, '岗位导出', 'system:post:export', 3, 5, 104, '', '#', '', NULL, 0, b'1', b'1', b'1', 'admin', '2021-01-05 17:03:48', '', '2022-04-20 17:03:10', b'0');
INSERT INTO `system_menu` VALUES (1026, '字典查询', 'system:dict:query', 3, 1, 105, '#', '#', '', NULL, 0, b'1', b'1', b'1', 'admin', '2021-01-05 17:03:48', '', '2022-04-20 17:03:10', b'0');
INSERT INTO `system_menu` VALUES (1027, '字典新增', 'system:dict:create', 3, 2, 105, '', '', '', NULL, 0, b'1', b'1', b'1', 'admin', '2021-01-05 17:03:48', '1', '2022-04-20 17:03:10', b'0');
INSERT INTO `system_menu` VALUES (1028, '字典修改', 'system:dict:update', 3, 3, 105, '', '', '', NULL, 0, b'1', b'1', b'1', 'admin', '2021-01-05 17:03:48', '1', '2022-04-20 17:03:10', b'0');
INSERT INTO `system_menu` VALUES (1029, '字典删除', 'system:dict:delete', 3, 4, 105, '', '', '', NULL, 0, b'1', b'1', b'1', 'admin', '2021-01-05 17:03:48', '1', '2022-04-20 17:03:10', b'0');
INSERT INTO `system_menu` VALUES (1030, '字典导出', 'system:dict:export', 3, 5, 105, '#', '#', '', NULL, 0, b'1', b'1', b'1', 'admin', '2021-01-05 17:03:48', '', '2022-04-20 17:03:10', b'0');
INSERT INTO `system_menu` VALUES (1031, '配置查询', 'infra:config:query', 3, 1, 106, '', '', '', NULL, 0, b'1', b'1', b'1', 'admin', '2021-01-05 17:03:48', '', '2022-04-20 17:03:10', b'0');
INSERT INTO `system_menu` VALUES (1032, '配置新增', 'infra:config:create', 3, 2, 106, '', '', '', NULL, 0, b'1', b'1', b'1', 'admin', '2021-01-05 17:03:48', '1', '2022-04-20 17:03:10', b'0');
INSERT INTO `system_menu` VALUES (1033, '配置修改', 'infra:config:update', 3, 3, 106, '', '', '', NULL, 0, b'1', b'1', b'1', 'admin', '2021-01-05 17:03:48', '1', '2022-04-20 17:03:10', b'0');
INSERT INTO `system_menu` VALUES (1034, '配置删除', 'infra:config:delete', 3, 4, 106, '', '', '', NULL, 0, b'1', b'1', b'1', 'admin', '2021-01-05 17:03:48', '1', '2022-04-20 17:03:10', b'0');
INSERT INTO `system_menu` VALUES (1035, '配置导出', 'infra:config:export', 3, 5, 106, '', '', '', NULL, 0, b'1', b'1', b'1', 'admin', '2021-01-05 17:03:48', '', '2022-04-20 17:03:10', b'0');
INSERT INTO `system_menu` VALUES (1036, '公告查询', 'system:notice:query', 3, 1, 107, '#', '#', '', NULL, 0, b'1', b'1', b'1', 'admin', '2021-01-05 17:03:48', '', '2022-04-20 17:03:10', b'0');
INSERT INTO `system_menu` VALUES (1037, '公告新增', 'system:notice:create', 3, 2, 107, '', '', '', NULL, 0, b'1', b'1', b'1', 'admin', '2021-01-05 17:03:48', '1', '2022-04-20 17:03:10', b'0');
INSERT INTO `system_menu` VALUES (1038, '公告修改', 'system:notice:update', 3, 3, 107, '', '', '', NULL, 0, b'1', b'1', b'1', 'admin', '2021-01-05 17:03:48', '1', '2022-04-20 17:03:10', b'0');
INSERT INTO `system_menu` VALUES (1039, '公告删除', 'system:notice:delete', 3, 4, 107, '', '', '', NULL, 0, b'1', b'1', b'1', 'admin', '2021-01-05 17:03:48', '1', '2022-04-20 17:03:10', b'0');
INSERT INTO `system_menu` VALUES (1040, '操作查询', 'system:operate-log:query', 3, 1, 500, '', '', '', NULL, 0, b'1', b'1', b'1', 'admin', '2021-01-05 17:03:48', '', '2022-04-20 17:03:10', b'0');
INSERT INTO `system_menu` VALUES (1042, '日志导出', 'system:operate-log:export', 3, 2, 500, '', '', '', NULL, 0, b'1', b'1', b'1', 'admin', '2021-01-05 17:03:48', '', '2022-04-20 17:03:10', b'0');
INSERT INTO `system_menu` VALUES (1043, '登录查询', 'system:login-log:query', 3, 1, 501, '#', '#', '', NULL, 0, b'1', b'1', b'1', 'admin', '2021-01-05 17:03:48', '', '2022-04-20 17:03:10', b'0');
INSERT INTO `system_menu` VALUES (1045, '日志导出', 'system:login-log:export', 3, 3, 501, '#', '#', '', NULL, 0, b'1', b'1', b'1', 'admin', '2021-01-05 17:03:48', '', '2022-04-20 17:03:10', b'0');
INSERT INTO `system_menu` VALUES (1046, '令牌列表', 'system:oauth2-token:page', 3, 1, 109, '', '', '', NULL, 0, b'1', b'1', b'1', 'admin', '2021-01-05 17:03:48', '1', '2022-05-09 23:54:42', b'0');
INSERT INTO `system_menu` VALUES (1048, '令牌删除', 'system:oauth2-token:delete', 3, 2, 109, '', '', '', NULL, 0, b'1', b'1', b'1', 'admin', '2021-01-05 17:03:48', '1', '2022-05-09 23:54:53', b'0');
INSERT INTO `system_menu` VALUES (1050, '任务新增', 'infra:job:create', 3, 2, 110, '', '', '', NULL, 0, b'1', b'1', b'1', 'admin', '2021-01-05 17:03:48', '', '2022-04-20 17:03:10', b'0');
INSERT INTO `system_menu` VALUES (1051, '任务修改', 'infra:job:update', 3, 3, 110, '', '', '', NULL, 0, b'1', b'1', b'1', 'admin', '2021-01-05 17:03:48', '', '2022-04-20 17:03:10', b'0');
INSERT INTO `system_menu` VALUES (1052, '任务删除', 'infra:job:delete', 3, 4, 110, '', '', '', NULL, 0, b'1', b'1', b'1', 'admin', '2021-01-05 17:03:48', '', '2022-04-20 17:03:10', b'0');
INSERT INTO `system_menu` VALUES (1053, '状态修改', 'infra:job:update', 3, 5, 110, '', '', '', NULL, 0, b'1', b'1', b'1', 'admin', '2021-01-05 17:03:48', '', '2022-04-20 17:03:10', b'0');
INSERT INTO `system_menu` VALUES (1054, '任务导出', 'infra:job:export', 3, 7, 110, '', '', '', NULL, 0, b'1', b'1', b'1', 'admin', '2021-01-05 17:03:48', '', '2022-04-20 17:03:10', b'0');
INSERT INTO `system_menu` VALUES (1056, '生成修改', 'infra:codegen:update', 3, 2, 115, '', '', '', NULL, 0, b'1', b'1', b'1', 'admin', '2021-01-05 17:03:48', '1', '2022-04-20 17:03:10', b'0');
INSERT INTO `system_menu` VALUES (1057, '生成删除', 'infra:codegen:delete', 3, 3, 115, '', '', '', NULL, 0, b'1', b'1', b'1', 'admin', '2021-01-05 17:03:48', '1', '2022-04-20 17:03:10', b'0');
INSERT INTO `system_menu` VALUES (1058, '导入代码', 'infra:codegen:create', 3, 2, 115, '', '', '', NULL, 0, b'1', b'1', b'1', 'admin', '2021-01-05 17:03:48', '1', '2022-04-20 17:03:10', b'0');
INSERT INTO `system_menu` VALUES (1059, '预览代码', 'infra:codegen:preview', 3, 4, 115, '', '', '', NULL, 0, b'1', b'1', b'1', 'admin', '2021-01-05 17:03:48', '1', '2022-04-20 17:03:10', b'0');
INSERT INTO `system_menu` VALUES (1060, '生成代码', 'infra:codegen:download', 3, 5, 115, '', '', '', NULL, 0, b'1', b'1', b'1', 'admin', '2021-01-05 17:03:48', '1', '2022-04-20 17:03:10', b'0');
INSERT INTO `system_menu` VALUES (1063, '设置角色菜单权限', 'system:permission:assign-role-menu', 3, 6, 101, '', '', '', NULL, 0, b'1', b'1', b'1', '', '2021-01-06 17:53:44', '', '2022-04-20 17:03:10', b'0');
INSERT INTO `system_menu` VALUES (1064, '设置角色数据权限', 'system:permission:assign-role-data-scope', 3, 7, 101, '', '', '', NULL, 0, b'1', b'1', b'1', '', '2021-01-06 17:56:31', '', '2022-04-20 17:03:10', b'0');
INSERT INTO `system_menu` VALUES (1065, '设置用户角色', 'system:permission:assign-user-role', 3, 8, 101, '', '', '', NULL, 0, b'1', b'1', b'1', '', '2021-01-07 10:23:28', '', '2022-04-20 17:03:10', b'0');
INSERT INTO `system_menu` VALUES (1066, '获得 Redis 监控信息', 'infra:redis:get-monitor-info', 3, 1, 113, '', '', '', NULL, 0, b'1', b'1', b'1', '', '2021-01-26 01:02:31', '', '2022-04-20 17:03:10', b'0');
INSERT INTO `system_menu` VALUES (1067, '获得 Redis Key 列表', 'infra:redis:get-key-list', 3, 2, 113, '', '', '', NULL, 0, b'1', b'1', b'1', '', '2021-01-26 01:02:52', '', '2022-04-20 17:03:10', b'0');
INSERT INTO `system_menu` VALUES (1070, '代码生成案例', '', 1, 1, 2, 'demo', 'ep:aim', 'infra/testDemo/index', NULL, 0, b'1', b'1', b'1', '', '2021-02-06 12:42:49', '1', '2023-11-15 23:45:53', b'0');
INSERT INTO `system_menu` VALUES (1075, '任务触发', 'infra:job:trigger', 3, 8, 110, '', '', '', NULL, 0, b'1', b'1', b'1', '', '2021-02-07 13:03:10', '', '2022-04-20 17:03:10', b'0');
INSERT INTO `system_menu` VALUES (1077, '链路追踪', '', 2, 4, 2740, 'skywalking', 'fa:eye', 'infra/skywalking/index', 'InfraSkyWalking', 0, b'1', b'1', b'1', '', '2021-02-08 20:41:31', '1', '2024-04-23 00:07:15', b'0');
INSERT INTO `system_menu` VALUES (1078, '访问日志', '', 2, 1, 1083, 'api-access-log', 'ep:place', 'infra/apiAccessLog/index', 'InfraApiAccessLog', 0, b'1', b'1', b'1', '', '2021-02-26 01:32:59', '1', '2024-02-29 08:54:57', b'0');
INSERT INTO `system_menu` VALUES (1082, '日志导出', 'infra:api-access-log:export', 3, 2, 1078, '', '', '', NULL, 0, b'1', b'1', b'1', '', '2021-02-26 01:32:59', '1', '2022-04-20 17:03:10', b'0');
INSERT INTO `system_menu` VALUES (1083, 'API 日志', '', 2, 4, 2, 'log', 'fa:tasks', NULL, NULL, 0, b'1', b'1', b'1', '', '2021-02-26 02:18:24', '1', '2024-04-22 23:58:36', b'0');
INSERT INTO `system_menu` VALUES (1084, '错误日志', 'infra:api-error-log:query', 2, 2, 1083, 'api-error-log', 'ep:warning-filled', 'infra/apiErrorLog/index', 'InfraApiErrorLog', 0, b'1', b'1', b'1', '', '2021-02-26 07:53:20', '1', '2024-02-29 08:55:17', b'0');
INSERT INTO `system_menu` VALUES (1085, '日志处理', 'infra:api-error-log:update-status', 3, 2, 1084, '', '', '', NULL, 0, b'1', b'1', b'1', '', '2021-02-26 07:53:20', '1', '2022-04-20 17:03:10', b'0');
INSERT INTO `system_menu` VALUES (1086, '日志导出', 'infra:api-error-log:export', 3, 3, 1084, '', '', '', NULL, 0, b'1', b'1', b'1', '', '2021-02-26 07:53:20', '1', '2022-04-20 17:03:10', b'0');
INSERT INTO `system_menu` VALUES (1087, '任务查询', 'infra:job:query', 3, 1, 110, '', '', '', NULL, 0, b'1', b'1', b'1', '1', '2021-03-10 01:26:19', '1', '2022-04-20 17:03:10', b'0');
INSERT INTO `system_menu` VALUES (1088, '日志查询', 'infra:api-access-log:query', 3, 1, 1078, '', '', '', NULL, 0, b'1', b'1', b'1', '1', '2021-03-10 01:28:04', '1', '2022-04-20 17:03:10', b'0');
INSERT INTO `system_menu` VALUES (1089, '日志查询', 'infra:api-error-log:query', 3, 1, 1084, '', '', '', NULL, 0, b'1', b'1', b'1', '1', '2021-03-10 01:29:09', '1', '2022-04-20 17:03:10', b'0');
INSERT INTO `system_menu` VALUES (1090, '文件列表', '', 2, 5, 1243, 'file', 'ep:upload-filled', 'infra/file/index', 'InfraFile', 0, b'1', b'1', b'1', '', '2021-03-12 20:16:20', '1', '2024-02-29 08:53:02', b'0');
INSERT INTO `system_menu` VALUES (1091, '文件查询', 'infra:file:query', 3, 1, 1090, '', '', '', NULL, 0, b'1', b'1', b'1', '', '2021-03-12 20:16:20', '', '2022-04-20 17:03:10', b'0');
INSERT INTO `system_menu` VALUES (1092, '文件删除', 'infra:file:delete', 3, 4, 1090, '', '', '', NULL, 0, b'1', b'1', b'1', '', '2021-03-12 20:16:20', '', '2022-04-20 17:03:10', b'0');
INSERT INTO `system_menu` VALUES (1093, '短信管理', '', 1, 1, 2739, 'sms', 'ep:message', NULL, NULL, 0, b'1', b'1', b'1', '1', '2021-04-05 01:10:16', '1', '2024-04-22 23:56:03', b'0');
INSERT INTO `system_menu` VALUES (1094, '短信渠道', '', 2, 0, 1093, 'sms-channel', 'fa:stack-exchange', 'system/sms/channel/index', 'SystemSmsChannel', 0, b'1', b'1', b'1', '', '2021-04-01 11:07:15', '1', '2024-02-29 01:15:54', b'0');
INSERT INTO `system_menu` VALUES (1095, '短信渠道查询', 'system:sms-channel:query', 3, 1, 1094, '', '', '', NULL, 0, b'1', b'1', b'1', '', '2021-04-01 11:07:15', '', '2022-04-20 17:03:10', b'0');
INSERT INTO `system_menu` VALUES (1096, '短信渠道创建', 'system:sms-channel:create', 3, 2, 1094, '', '', '', NULL, 0, b'1', b'1', b'1', '', '2021-04-01 11:07:15', '', '2022-04-20 17:03:10', b'0');
INSERT INTO `system_menu` VALUES (1097, '短信渠道更新', 'system:sms-channel:update', 3, 3, 1094, '', '', '', NULL, 0, b'1', b'1', b'1', '', '2021-04-01 11:07:15', '', '2022-04-20 17:03:10', b'0');
INSERT INTO `system_menu` VALUES (1098, '短信渠道删除', 'system:sms-channel:delete', 3, 4, 1094, '', '', '', NULL, 0, b'1', b'1', b'1', '', '2021-04-01 11:07:15', '', '2022-04-20 17:03:10', b'0');
INSERT INTO `system_menu` VALUES (1100, '短信模板', '', 2, 1, 1093, 'sms-template', 'ep:connection', 'system/sms/template/index', 'SystemSmsTemplate', 0, b'1', b'1', b'1', '', '2021-04-01 17:35:17', '1', '2024-02-29 01:16:18', b'0');
INSERT INTO `system_menu` VALUES (1101, '短信模板查询', 'system:sms-template:query', 3, 1, 1100, '', '', '', NULL, 0, b'1', b'1', b'1', '', '2021-04-01 17:35:17', '', '2022-04-20 17:03:10', b'0');
INSERT INTO `system_menu` VALUES (1102, '短信模板创建', 'system:sms-template:create', 3, 2, 1100, '', '', '', NULL, 0, b'1', b'1', b'1', '', '2021-04-01 17:35:17', '', '2022-04-20 17:03:10', b'0');
INSERT INTO `system_menu` VALUES (1103, '短信模板更新', 'system:sms-template:update', 3, 3, 1100, '', '', '', NULL, 0, b'1', b'1', b'1', '', '2021-04-01 17:35:17', '', '2022-04-20 17:03:10', b'0');
INSERT INTO `system_menu` VALUES (1104, '短信模板删除', 'system:sms-template:delete', 3, 4, 1100, '', '', '', NULL, 0, b'1', b'1', b'1', '', '2021-04-01 17:35:17', '', '2022-04-20 17:03:10', b'0');
INSERT INTO `system_menu` VALUES (1105, '短信模板导出', 'system:sms-template:export', 3, 5, 1100, '', '', '', NULL, 0, b'1', b'1', b'1', '', '2021-04-01 17:35:17', '', '2022-04-20 17:03:10', b'0');
INSERT INTO `system_menu` VALUES (1106, '发送测试短信', 'system:sms-template:send-sms', 3, 6, 1100, '', '', '', NULL, 0, b'1', b'1', b'1', '1', '2021-04-11 00:26:40', '1', '2022-04-20 17:03:10', b'0');
INSERT INTO `system_menu` VALUES (1107, '短信日志', '', 2, 2, 1093, 'sms-log', 'fa:edit', 'system/sms/log/index', 'SystemSmsLog', 0, b'1', b'1', b'1', '', '2021-04-11 08:37:05', '1', '2024-02-29 08:49:02', b'0');
INSERT INTO `system_menu` VALUES (1108, '短信日志查询', 'system:sms-log:query', 3, 1, 1107, '', '', '', NULL, 0, b'1', b'1', b'1', '', '2021-04-11 08:37:05', '', '2022-04-20 17:03:10', b'0');
INSERT INTO `system_menu` VALUES (1109, '短信日志导出', 'system:sms-log:export', 3, 5, 1107, '', '', '', NULL, 0, b'1', b'1', b'1', '', '2021-04-11 08:37:05', '', '2022-04-20 17:03:10', b'0');
INSERT INTO `system_menu` VALUES (1138, '租户列表', '', 2, 0, 1224, 'list', 'ep:house', 'system/tenant/index', 'SystemTenant', 0, b'1', b'1', b'1', '', '2021-12-14 12:31:43', '1', '2024-02-29 01:01:10', b'0');
INSERT INTO `system_menu` VALUES (1139, '租户查询', 'system:tenant:query', 3, 1, 1138, '', '', '', NULL, 0, b'1', b'1', b'1', '', '2021-12-14 12:31:44', '', '2022-04-20 17:03:10', b'0');
INSERT INTO `system_menu` VALUES (1140, '租户创建', 'system:tenant:create', 3, 2, 1138, '', '', '', NULL, 0, b'1', b'1', b'1', '', '2021-12-14 12:31:44', '', '2022-04-20 17:03:10', b'0');
INSERT INTO `system_menu` VALUES (1141, '租户更新', 'system:tenant:update', 3, 3, 1138, '', '', '', NULL, 0, b'1', b'1', b'1', '', '2021-12-14 12:31:44', '', '2022-04-20 17:03:10', b'0');
INSERT INTO `system_menu` VALUES (1142, '租户删除', 'system:tenant:delete', 3, 4, 1138, '', '', '', NULL, 0, b'1', b'1', b'1', '', '2021-12-14 12:31:44', '', '2022-04-20 17:03:10', b'0');
INSERT INTO `system_menu` VALUES (1143, '租户导出', 'system:tenant:export', 3, 5, 1138, '', '', '', NULL, 0, b'1', b'1', b'1', '', '2021-12-14 12:31:44', '', '2022-04-20 17:03:10', b'0');
INSERT INTO `system_menu` VALUES (1224, '租户管理', '', 2, 0, 1, 'tenant', 'fa-solid:house-user', NULL, NULL, 0, b'1', b'1', b'1', '1', '2022-02-20 01:41:13', '1', '2024-02-29 00:59:29', b'0');
INSERT INTO `system_menu` VALUES (1225, '租户套餐', '', 2, 0, 1224, 'package', 'fa:bars', 'system/tenantPackage/index', 'SystemTenantPackage', 0, b'1', b'1', b'1', '', '2022-02-19 17:44:06', '1', '2024-02-29 01:01:43', b'0');
INSERT INTO `system_menu` VALUES (1226, '租户套餐查询', 'system:tenant-package:query', 3, 1, 1225, '', '', '', NULL, 0, b'1', b'1', b'1', '', '2022-02-19 17:44:06', '', '2022-04-20 17:03:10', b'0');
INSERT INTO `system_menu` VALUES (1227, '租户套餐创建', 'system:tenant-package:create', 3, 2, 1225, '', '', '', NULL, 0, b'1', b'1', b'1', '', '2022-02-19 17:44:06', '', '2022-04-20 17:03:10', b'0');
INSERT INTO `system_menu` VALUES (1228, '租户套餐更新', 'system:tenant-package:update', 3, 3, 1225, '', '', '', NULL, 0, b'1', b'1', b'1', '', '2022-02-19 17:44:06', '', '2022-04-20 17:03:10', b'0');
INSERT INTO `system_menu` VALUES (1229, '租户套餐删除', 'system:tenant-package:delete', 3, 4, 1225, '', '', '', NULL, 0, b'1', b'1', b'1', '', '2022-02-19 17:44:06', '', '2022-04-20 17:03:10', b'0');
INSERT INTO `system_menu` VALUES (1237, '文件配置', '', 2, 0, 1243, 'file-config', 'fa-solid:file-signature', 'infra/fileConfig/index', 'InfraFileConfig', 0, b'1', b'1', b'1', '', '2022-03-15 14:35:28', '1', '2024-02-29 08:52:54', b'0');
INSERT INTO `system_menu` VALUES (1238, '文件配置查询', 'infra:file-config:query', 3, 1, 1237, '', '', '', NULL, 0, b'1', b'1', b'1', '', '2022-03-15 14:35:28', '', '2022-04-20 17:03:10', b'0');
INSERT INTO `system_menu` VALUES (1239, '文件配置创建', 'infra:file-config:create', 3, 2, 1237, '', '', '', NULL, 0, b'1', b'1', b'1', '', '2022-03-15 14:35:28', '', '2022-04-20 17:03:10', b'0');
INSERT INTO `system_menu` VALUES (1240, '文件配置更新', 'infra:file-config:update', 3, 3, 1237, '', '', '', NULL, 0, b'1', b'1', b'1', '', '2022-03-15 14:35:28', '', '2022-04-20 17:03:10', b'0');
INSERT INTO `system_menu` VALUES (1241, '文件配置删除', 'infra:file-config:delete', 3, 4, 1237, '', '', '', NULL, 0, b'1', b'1', b'1', '', '2022-03-15 14:35:28', '', '2022-04-20 17:03:10', b'0');
INSERT INTO `system_menu` VALUES (1242, '文件配置导出', 'infra:file-config:export', 3, 5, 1237, '', '', '', NULL, 0, b'1', b'1', b'1', '', '2022-03-15 14:35:28', '', '2022-04-20 17:03:10', b'0');
INSERT INTO `system_menu` VALUES (1243, '文件管理', '', 2, 6, 2, 'file', 'ep:files', NULL, '', 0, b'1', b'1', b'1', '1', '2022-03-16 23:47:40', '1', '2024-04-23 00:02:11', b'0');
INSERT INTO `system_menu` VALUES (1254, '作者动态', '', 1, 0, 0, 'https://www.iocoder.cn', 'ep:avatar', NULL, NULL, 0, b'1', b'1', b'1', '1', '2022-04-23 01:03:15', '1', '2025-04-29 17:45:38', b'0');
INSERT INTO `system_menu` VALUES (1255, '数据源配置', '', 2, 1, 2, 'data-source-config', 'ep:data-analysis', 'infra/dataSourceConfig/index', 'InfraDataSourceConfig', 0, b'1', b'1', b'1', '', '2022-04-27 14:37:32', '1', '2024-02-29 08:51:25', b'0');
INSERT INTO `system_menu` VALUES (1256, '数据源配置查询', 'infra:data-source-config:query', 3, 1, 1255, '', '', '', NULL, 0, b'1', b'1', b'1', '', '2022-04-27 14:37:32', '', '2022-04-27 14:37:32', b'0');
INSERT INTO `system_menu` VALUES (1257, '数据源配置创建', 'infra:data-source-config:create', 3, 2, 1255, '', '', '', NULL, 0, b'1', b'1', b'1', '', '2022-04-27 14:37:32', '', '2022-04-27 14:37:32', b'0');
INSERT INTO `system_menu` VALUES (1258, '数据源配置更新', 'infra:data-source-config:update', 3, 3, 1255, '', '', '', NULL, 0, b'1', b'1', b'1', '', '2022-04-27 14:37:32', '', '2022-04-27 14:37:32', b'0');
INSERT INTO `system_menu` VALUES (1259, '数据源配置删除', 'infra:data-source-config:delete', 3, 4, 1255, '', '', '', NULL, 0, b'1', b'1', b'1', '', '2022-04-27 14:37:32', '', '2022-04-27 14:37:32', b'0');
INSERT INTO `system_menu` VALUES (1260, '数据源配置导出', 'infra:data-source-config:export', 3, 5, 1255, '', '', '', NULL, 0, b'1', b'1', b'1', '', '2022-04-27 14:37:32', '', '2022-04-27 14:37:32', b'0');
INSERT INTO `system_menu` VALUES (1261, 'OAuth 2.0', '', 2, 10, 1, 'oauth2', 'fa:dashcube', NULL, NULL, 0, b'1', b'1', b'1', '1', '2022-05-09 23:38:17', '1', '2024-02-29 01:12:08', b'0');
INSERT INTO `system_menu` VALUES (1263, '应用管理', '', 2, 0, 1261, 'oauth2/application', 'fa:hdd-o', 'system/oauth2/client/index', 'SystemOAuth2Client', 0, b'1', b'1', b'1', '', '2022-05-10 16:26:33', '1', '2024-02-29 01:13:14', b'0');
INSERT INTO `system_menu` VALUES (1264, '客户端查询', 'system:oauth2-client:query', 3, 1, 1263, '', '', '', NULL, 0, b'1', b'1', b'1', '', '2022-05-10 16:26:33', '1', '2022-05-11 00:31:06', b'0');
INSERT INTO `system_menu` VALUES (1265, '客户端创建', 'system:oauth2-client:create', 3, 2, 1263, '', '', '', NULL, 0, b'1', b'1', b'1', '', '2022-05-10 16:26:33', '1', '2022-05-11 00:31:23', b'0');
INSERT INTO `system_menu` VALUES (1266, '客户端更新', 'system:oauth2-client:update', 3, 3, 1263, '', '', '', NULL, 0, b'1', b'1', b'1', '', '2022-05-10 16:26:33', '1', '2022-05-11 00:31:28', b'0');
INSERT INTO `system_menu` VALUES (1267, '客户端删除', 'system:oauth2-client:delete', 3, 4, 1263, '', '', '', NULL, 0, b'1', b'1', b'1', '', '2022-05-10 16:26:33', '1', '2022-05-11 00:31:33', b'0');
INSERT INTO `system_menu` VALUES (2083, '地区管理', '', 2, 14, 1, 'area', 'fa:map-marker', 'system/area/index', 'SystemArea', 0, b'1', b'1', b'1', '1', '2022-12-23 17:35:05', '1', '2024-02-29 08:50:28', b'0');
INSERT INTO `system_menu` VALUES (2130, '邮箱管理', '', 2, 2, 2739, 'mail', 'fa-solid:mail-bulk', NULL, NULL, 0, b'1', b'1', b'1', '1', '2023-01-25 17:27:44', '1', '2024-04-22 23:56:08', b'0');
INSERT INTO `system_menu` VALUES (2131, '邮箱账号', '', 2, 0, 2130, 'mail-account', 'fa:universal-access', 'system/mail/account/index', 'SystemMailAccount', 0, b'1', b'1', b'1', '', '2023-01-25 09:33:48', '1', '2024-02-29 08:48:16', b'0');
INSERT INTO `system_menu` VALUES (2132, '账号查询', 'system:mail-account:query', 3, 1, 2131, '', '', '', NULL, 0, b'1', b'1', b'1', '', '2023-01-25 09:33:48', '', '2023-01-25 09:33:48', b'0');
INSERT INTO `system_menu` VALUES (2133, '账号创建', 'system:mail-account:create', 3, 2, 2131, '', '', '', NULL, 0, b'1', b'1', b'1', '', '2023-01-25 09:33:48', '', '2023-01-25 09:33:48', b'0');
INSERT INTO `system_menu` VALUES (2134, '账号更新', 'system:mail-account:update', 3, 3, 2131, '', '', '', NULL, 0, b'1', b'1', b'1', '', '2023-01-25 09:33:48', '', '2023-01-25 09:33:48', b'0');
INSERT INTO `system_menu` VALUES (2135, '账号删除', 'system:mail-account:delete', 3, 4, 2131, '', '', '', NULL, 0, b'1', b'1', b'1', '', '2023-01-25 09:33:48', '', '2023-01-25 09:33:48', b'0');
INSERT INTO `system_menu` VALUES (2136, '邮件模版', '', 2, 0, 2130, 'mail-template', 'fa:tag', 'system/mail/template/index', 'SystemMailTemplate', 0, b'1', b'1', b'1', '', '2023-01-25 12:05:31', '1', '2024-02-29 08:48:41', b'0');
INSERT INTO `system_menu` VALUES (2137, '模版查询', 'system:mail-template:query', 3, 1, 2136, '', '', '', NULL, 0, b'1', b'1', b'1', '', '2023-01-25 12:05:31', '', '2023-01-25 12:05:31', b'0');
INSERT INTO `system_menu` VALUES (2138, '模版创建', 'system:mail-template:create', 3, 2, 2136, '', '', '', NULL, 0, b'1', b'1', b'1', '', '2023-01-25 12:05:31', '', '2023-01-25 12:05:31', b'0');
INSERT INTO `system_menu` VALUES (2139, '模版更新', 'system:mail-template:update', 3, 3, 2136, '', '', '', NULL, 0, b'1', b'1', b'1', '', '2023-01-25 12:05:31', '', '2023-01-25 12:05:31', b'0');
INSERT INTO `system_menu` VALUES (2140, '模版删除', 'system:mail-template:delete', 3, 4, 2136, '', '', '', NULL, 0, b'1', b'1', b'1', '', '2023-01-25 12:05:31', '', '2023-01-25 12:05:31', b'0');
INSERT INTO `system_menu` VALUES (2141, '邮件记录', '', 2, 0, 2130, 'mail-log', 'fa:edit', 'system/mail/log/index', 'SystemMailLog', 0, b'1', b'1', b'1', '', '2023-01-26 02:16:50', '1', '2024-02-29 08:48:51', b'0');
INSERT INTO `system_menu` VALUES (2142, '日志查询', 'system:mail-log:query', 3, 1, 2141, '', '', '', NULL, 0, b'1', b'1', b'1', '', '2023-01-26 02:16:50', '', '2023-01-26 02:16:50', b'0');
INSERT INTO `system_menu` VALUES (2143, '发送测试邮件', 'system:mail-template:send-mail', 3, 5, 2136, '', '', '', NULL, 0, b'1', b'1', b'1', '1', '2023-01-26 23:29:15', '1', '2023-01-26 23:29:15', b'0');
INSERT INTO `system_menu` VALUES (2144, '站内信管理', '', 1, 3, 2739, 'notify', 'ep:message-box', NULL, NULL, 0, b'1', b'1', b'1', '1', '2023-01-28 10:25:18', '1', '2024-04-22 23:56:12', b'0');
INSERT INTO `system_menu` VALUES (2145, '模板管理', '', 2, 0, 2144, 'notify-template', 'fa:archive', 'system/notify/template/index', 'SystemNotifyTemplate', 0, b'1', b'1', b'1', '', '2023-01-28 02:26:42', '1', '2024-02-29 08:49:14', b'0');
INSERT INTO `system_menu` VALUES (2146, '站内信模板查询', 'system:notify-template:query', 3, 1, 2145, '', '', '', NULL, 0, b'1', b'1', b'1', '', '2023-01-28 02:26:42', '', '2023-01-28 02:26:42', b'0');
INSERT INTO `system_menu` VALUES (2147, '站内信模板创建', 'system:notify-template:create', 3, 2, 2145, '', '', '', NULL, 0, b'1', b'1', b'1', '', '2023-01-28 02:26:42', '', '2023-01-28 02:26:42', b'0');
INSERT INTO `system_menu` VALUES (2148, '站内信模板更新', 'system:notify-template:update', 3, 3, 2145, '', '', '', NULL, 0, b'1', b'1', b'1', '', '2023-01-28 02:26:42', '', '2023-01-28 02:26:42', b'0');
INSERT INTO `system_menu` VALUES (2149, '站内信模板删除', 'system:notify-template:delete', 3, 4, 2145, '', '', '', NULL, 0, b'1', b'1', b'1', '', '2023-01-28 02:26:42', '', '2023-01-28 02:26:42', b'0');
INSERT INTO `system_menu` VALUES (2150, '发送测试站内信', 'system:notify-template:send-notify', 3, 5, 2145, '', '', '', NULL, 0, b'1', b'1', b'1', '1', '2023-01-28 10:54:43', '1', '2023-01-28 10:54:43', b'0');
INSERT INTO `system_menu` VALUES (2151, '消息记录', '', 2, 0, 2144, 'notify-message', 'fa:edit', 'system/notify/message/index', 'SystemNotifyMessage', 0, b'1', b'1', b'1', '', '2023-01-28 04:28:22', '1', '2024-02-29 08:49:22', b'0');
INSERT INTO `system_menu` VALUES (2152, '站内信消息查询', 'system:notify-message:query', 3, 1, 2151, '', '', '', NULL, 0, b'1', b'1', b'1', '', '2023-01-28 04:28:22', '', '2023-01-28 04:28:22', b'0');
INSERT INTO `system_menu` VALUES (2159, 'Boot 开发文档', '', 1, 1, 0, 'https://doc.iocoder.cn/', 'ep:document', NULL, NULL, 0, b'1', b'1', b'1', '1', '2023-02-10 22:46:28', '1', '2024-07-28 11:36:48', b'0');
INSERT INTO `system_menu` VALUES (2160, 'Cloud 开发文档', '', 1, 2, 0, 'https://cloud.iocoder.cn', 'ep:document-copy', NULL, NULL, 0, b'1', b'1', b'1', '1', '2023-02-10 22:47:07', '1', '2023-12-02 21:32:29', b'0');
INSERT INTO `system_menu` VALUES (2447, '三方登录', '', 1, 10, 1, 'social', 'fa:rocket', '', '', 0, b'1', b'1', b'1', '1', '2023-11-04 12:12:01', '1', '2024-02-29 01:14:05', b'0');
INSERT INTO `system_menu` VALUES (2448, '三方应用', '', 2, 1, 2447, 'client', 'ep:set-up', 'system/social/client/index.vue', 'SocialClient', 0, b'1', b'1', b'1', '1', '2023-11-04 12:17:19', '1', '2024-05-04 19:09:54', b'0');
INSERT INTO `system_menu` VALUES (2449, '三方应用查询', 'system:social-client:query', 3, 1, 2448, '', '', '', '', 0, b'1', b'1', b'1', '1', '2023-11-04 12:43:12', '1', '2023-11-04 12:43:33', b'0');
INSERT INTO `system_menu` VALUES (2450, '三方应用创建', 'system:social-client:create', 3, 2, 2448, '', '', '', '', 0, b'1', b'1', b'1', '1', '2023-11-04 12:43:58', '1', '2023-11-04 12:43:58', b'0');
INSERT INTO `system_menu` VALUES (2451, '三方应用更新', 'system:social-client:update', 3, 3, 2448, '', '', '', '', 0, b'1', b'1', b'1', '1', '2023-11-04 12:44:27', '1', '2023-11-04 12:44:27', b'0');
INSERT INTO `system_menu` VALUES (2452, '三方应用删除', 'system:social-client:delete', 3, 4, 2448, '', '', '', '', 0, b'1', b'1', b'1', '1', '2023-11-04 12:44:43', '1', '2023-11-04 12:44:43', b'0');
INSERT INTO `system_menu` VALUES (2453, '三方用户', 'system:social-user:query', 2, 2, 2447, 'user', 'ep:avatar', 'system/social/user/index.vue', 'SocialUser', 0, b'1', b'1', b'1', '1', '2023-11-04 14:01:05', '1', '2023-11-04 14:01:05', b'0');
INSERT INTO `system_menu` VALUES (2472, '主子表（内嵌）', '', 2, 12, 1070, 'demo03-inner', 'fa:power-off', 'infra/demo/demo03/inner/index', 'Demo03StudentInner', 0, b'1', b'1', b'1', '', '2023-11-13 04:39:51', '1', '2023-11-16 23:53:46', b'0');
INSERT INTO `system_menu` VALUES (2478, '单表（增删改查）', '', 2, 1, 1070, 'demo01-contact', 'ep:bicycle', 'infra/demo/demo01/index', 'Demo01Contact', 0, b'1', b'1', b'1', '', '2023-11-15 14:42:30', '1', '2023-11-16 20:34:40', b'0');
INSERT INTO `system_menu` VALUES (2479, '示例联系人查询', 'infra:demo01-contact:query', 3, 1, 2478, '', '', '', NULL, 0, b'1', b'1', b'1', '', '2023-11-15 14:42:30', '', '2023-11-15 14:42:30', b'0');
INSERT INTO `system_menu` VALUES (2480, '示例联系人创建', 'infra:demo01-contact:create', 3, 2, 2478, '', '', '', NULL, 0, b'1', b'1', b'1', '', '2023-11-15 14:42:30', '', '2023-11-15 14:42:30', b'0');
INSERT INTO `system_menu` VALUES (2481, '示例联系人更新', 'infra:demo01-contact:update', 3, 3, 2478, '', '', '', NULL, 0, b'1', b'1', b'1', '', '2023-11-15 14:42:30', '', '2023-11-15 14:42:30', b'0');
INSERT INTO `system_menu` VALUES (2482, '示例联系人删除', 'infra:demo01-contact:delete', 3, 4, 2478, '', '', '', NULL, 0, b'1', b'1', b'1', '', '2023-11-15 14:42:30', '', '2023-11-15 14:42:30', b'0');
INSERT INTO `system_menu` VALUES (2483, '示例联系人导出', 'infra:demo01-contact:export', 3, 5, 2478, '', '', '', NULL, 0, b'1', b'1', b'1', '', '2023-11-15 14:42:30', '', '2023-11-15 14:42:30', b'0');
INSERT INTO `system_menu` VALUES (2484, '树表（增删改查）', '', 2, 2, 1070, 'demo02-category', 'fa:tree', 'infra/demo/demo02/index', 'Demo02Category', 0, b'1', b'1', b'1', '', '2023-11-16 12:18:27', '1', '2023-11-16 20:35:01', b'0');
INSERT INTO `system_menu` VALUES (2485, '示例分类查询', 'infra:demo02-category:query', 3, 1, 2484, '', '', '', NULL, 0, b'1', b'1', b'1', '', '2023-11-16 12:18:27', '', '2023-11-16 12:18:27', b'0');
INSERT INTO `system_menu` VALUES (2486, '示例分类创建', 'infra:demo02-category:create', 3, 2, 2484, '', '', '', NULL, 0, b'1', b'1', b'1', '', '2023-11-16 12:18:27', '', '2023-11-16 12:18:27', b'0');
INSERT INTO `system_menu` VALUES (2487, '示例分类更新', 'infra:demo02-category:update', 3, 3, 2484, '', '', '', NULL, 0, b'1', b'1', b'1', '', '2023-11-16 12:18:27', '', '2023-11-16 12:18:27', b'0');
INSERT INTO `system_menu` VALUES (2488, '示例分类删除', 'infra:demo02-category:delete', 3, 4, 2484, '', '', '', NULL, 0, b'1', b'1', b'1', '', '2023-11-16 12:18:27', '', '2023-11-16 12:18:27', b'0');
INSERT INTO `system_menu` VALUES (2489, '示例分类导出', 'infra:demo02-category:export', 3, 5, 2484, '', '', '', NULL, 0, b'1', b'1', b'1', '', '2023-11-16 12:18:27', '', '2023-11-16 12:18:27', b'0');
INSERT INTO `system_menu` VALUES (2490, '主子表（标准）', '', 2, 10, 1070, 'demo03-normal', 'fa:battery-3', 'infra/demo/demo03/normal/index', 'Demo03StudentNormal', 0, b'1', b'1', b'1', '', '2023-11-16 12:53:37', '1', '2023-11-16 23:10:03', b'0');
INSERT INTO `system_menu` VALUES (2491, '学生查询', 'infra:demo03-student:query', 3, 1, 2490, '', '', '', NULL, 0, b'1', b'1', b'1', '', '2023-11-16 12:53:37', '', '2023-11-16 12:53:37', b'0');
INSERT INTO `system_menu` VALUES (2492, '学生创建', 'infra:demo03-student:create', 3, 2, 2490, '', '', '', NULL, 0, b'1', b'1', b'1', '', '2023-11-16 12:53:37', '', '2023-11-16 12:53:37', b'0');
INSERT INTO `system_menu` VALUES (2493, '学生更新', 'infra:demo03-student:update', 3, 3, 2490, '', '', '', NULL, 0, b'1', b'1', b'1', '', '2023-11-16 12:53:37', '', '2023-11-16 12:53:37', b'0');
INSERT INTO `system_menu` VALUES (2494, '学生删除', 'infra:demo03-student:delete', 3, 4, 2490, '', '', '', NULL, 0, b'1', b'1', b'1', '', '2023-11-16 12:53:37', '', '2023-11-16 12:53:37', b'0');
INSERT INTO `system_menu` VALUES (2495, '学生导出', 'infra:demo03-student:export', 3, 5, 2490, '', '', '', NULL, 0, b'1', b'1', b'1', '', '2023-11-16 12:53:37', '', '2023-11-16 12:53:37', b'0');
INSERT INTO `system_menu` VALUES (2497, '主子表（ERP）', '', 2, 11, 1070, 'demo03-erp', 'ep:calendar', 'infra/demo/demo03/erp/index', 'Demo03StudentERP', 0, b'1', b'1', b'1', '', '2023-11-16 15:50:59', '1', '2023-11-17 13:19:56', b'0');
INSERT INTO `system_menu` VALUES (2525, 'WebSocket', '', 2, 5, 2, 'websocket', 'ep:connection', 'infra/webSocket/index', 'InfraWebSocket', 0, b'1', b'1', b'1', '1', '2023-11-23 19:41:55', '1', '2024-04-23 00:02:00', b'0');
INSERT INTO `system_menu` VALUES (2739, '消息中心', '', 1, 7, 1, 'messages', 'ep:chat-dot-round', '', '', 0, b'1', b'1', b'1', '1', '2024-04-22 23:54:30', '1', '2024-04-23 09:36:35', b'0');
INSERT INTO `system_menu` VALUES (2740, '监控中心', '', 1, 10, 2, 'monitors', 'ep:monitor', '', '', 0, b'1', b'1', b'1', '1', '2024-04-23 00:04:44', '1', '2024-04-23 00:04:44', b'0');
INSERT INTO `system_menu` VALUES (5010, '租户切换', 'system:tenant:visit', 3, 999, 1138, '', '', '', '', 0, b'1', b'1', b'1', '1', '2025-05-05 15:25:32', '1', '2025-05-05 15:25:32', b'0');

-- ----------------------------
-- Table structure for system_notice
-- ----------------------------
DROP TABLE IF EXISTS `system_notice`;
CREATE TABLE `system_notice`  (
  `id` bigint NOT NULL AUTO_INCREMENT COMMENT '公告ID',
  `title` varchar(50) CHARACTER SET utf8mb4 COLLATE utf8mb4_unicode_ci NOT NULL COMMENT '公告标题',
  `content` text CHARACTER SET utf8mb4 COLLATE utf8mb4_unicode_ci NOT NULL COMMENT '公告内容',
  `type` tinyint NOT NULL COMMENT '公告类型（1通知 2公告）',
  `status` tinyint NOT NULL DEFAULT 0 COMMENT '公告状态（0正常 1关闭）',
  `creator` varchar(64) CHARACTER SET utf8mb4 COLLATE utf8mb4_unicode_ci NULL DEFAULT '' COMMENT '创建者',
  `create_time` datetime NOT NULL DEFAULT CURRENT_TIMESTAMP COMMENT '创建时间',
  `updater` varchar(64) CHARACTER SET utf8mb4 COLLATE utf8mb4_unicode_ci NULL DEFAULT '' COMMENT '更新者',
  `update_time` datetime NOT NULL DEFAULT CURRENT_TIMESTAMP ON UPDATE CURRENT_TIMESTAMP COMMENT '更新时间',
  `deleted` bit(1) NOT NULL DEFAULT b'0' COMMENT '是否删除',
  `tenant_id` bigint NOT NULL DEFAULT 0 COMMENT '租户编号',
  PRIMARY KEY (`id`) USING BTREE
) ENGINE = InnoDB AUTO_INCREMENT = 5 CHARACTER SET = utf8mb4 COLLATE = utf8mb4_unicode_ci COMMENT = '通知公告表' ROW_FORMAT = Dynamic;

-- ----------------------------
-- Records of system_notice
-- ----------------------------

-- ----------------------------
-- Table structure for system_notify_message
-- ----------------------------
DROP TABLE IF EXISTS `system_notify_message`;
CREATE TABLE `system_notify_message`  (
  `id` bigint NOT NULL AUTO_INCREMENT COMMENT '用户ID',
  `user_id` bigint NOT NULL COMMENT '用户id',
  `user_type` tinyint NOT NULL COMMENT '用户类型',
  `template_id` bigint NOT NULL COMMENT '模版编号',
  `template_code` varchar(64) CHARACTER SET utf8mb4 COLLATE utf8mb4_unicode_ci NOT NULL COMMENT '模板编码',
  `template_nickname` varchar(63) CHARACTER SET utf8mb4 COLLATE utf8mb4_unicode_ci NOT NULL COMMENT '模版发送人名称',
  `template_content` varchar(1024) CHARACTER SET utf8mb4 COLLATE utf8mb4_unicode_ci NOT NULL COMMENT '模版内容',
  `template_type` int NOT NULL COMMENT '模版类型',
  `template_params` varchar(255) CHARACTER SET utf8mb4 COLLATE utf8mb4_unicode_ci NOT NULL COMMENT '模版参数',
  `read_status` bit(1) NOT NULL COMMENT '是否已读',
  `read_time` datetime NULL DEFAULT NULL COMMENT '阅读时间',
  `creator` varchar(64) CHARACTER SET utf8mb4 COLLATE utf8mb4_unicode_ci NULL DEFAULT '' COMMENT '创建者',
  `create_time` datetime NOT NULL DEFAULT CURRENT_TIMESTAMP COMMENT '创建时间',
  `updater` varchar(64) CHARACTER SET utf8mb4 COLLATE utf8mb4_unicode_ci NULL DEFAULT '' COMMENT '更新者',
  `update_time` datetime NOT NULL DEFAULT CURRENT_TIMESTAMP ON UPDATE CURRENT_TIMESTAMP COMMENT '更新时间',
  `deleted` bit(1) NOT NULL DEFAULT b'0' COMMENT '是否删除',
  `tenant_id` bigint NOT NULL DEFAULT 0 COMMENT '租户编号',
  PRIMARY KEY (`id`) USING BTREE
) ENGINE = InnoDB AUTO_INCREMENT = 11 CHARACTER SET = utf8mb4 COLLATE = utf8mb4_unicode_ci COMMENT = '站内信消息表' ROW_FORMAT = Dynamic;

-- ----------------------------
-- Records of system_notify_message
-- ----------------------------

-- ----------------------------
-- Table structure for system_notify_template
-- ----------------------------
DROP TABLE IF EXISTS `system_notify_template`;
CREATE TABLE `system_notify_template`  (
  `id` bigint NOT NULL AUTO_INCREMENT COMMENT '主键',
  `name` varchar(63) CHARACTER SET utf8mb4 COLLATE utf8mb4_unicode_ci NOT NULL COMMENT '模板名称',
  `code` varchar(64) CHARACTER SET utf8mb4 COLLATE utf8mb4_unicode_ci NOT NULL COMMENT '模版编码',
  `nickname` varchar(255) CHARACTER SET utf8mb4 COLLATE utf8mb4_unicode_ci NOT NULL COMMENT '发送人名称',
  `content` varchar(1024) CHARACTER SET utf8mb4 COLLATE utf8mb4_unicode_ci NOT NULL COMMENT '模版内容',
  `type` tinyint NOT NULL COMMENT '类型',
  `params` varchar(255) CHARACTER SET utf8mb4 COLLATE utf8mb4_unicode_ci NULL DEFAULT NULL COMMENT '参数数组',
  `status` tinyint NOT NULL COMMENT '状态',
  `remark` varchar(255) CHARACTER SET utf8mb4 COLLATE utf8mb4_unicode_ci NULL DEFAULT NULL COMMENT '备注',
  `creator` varchar(64) CHARACTER SET utf8mb4 COLLATE utf8mb4_unicode_ci NULL DEFAULT '' COMMENT '创建者',
  `create_time` datetime NOT NULL DEFAULT CURRENT_TIMESTAMP COMMENT '创建时间',
  `updater` varchar(64) CHARACTER SET utf8mb4 COLLATE utf8mb4_unicode_ci NULL DEFAULT '' COMMENT '更新者',
  `update_time` datetime NOT NULL DEFAULT CURRENT_TIMESTAMP ON UPDATE CURRENT_TIMESTAMP COMMENT '更新时间',
  `deleted` bit(1) NOT NULL DEFAULT b'0' COMMENT '是否删除',
  PRIMARY KEY (`id`) USING BTREE
) ENGINE = InnoDB AUTO_INCREMENT = 6 CHARACTER SET = utf8mb4 COLLATE = utf8mb4_unicode_ci COMMENT = '站内信模板表' ROW_FORMAT = Dynamic;

-- ----------------------------
-- Records of system_notify_template
-- ----------------------------

-- ----------------------------
-- Table structure for system_oauth2_access_token
-- ----------------------------
DROP TABLE IF EXISTS `system_oauth2_access_token`;
CREATE TABLE `system_oauth2_access_token`  (
  `id` bigint NOT NULL AUTO_INCREMENT COMMENT '编号',
  `user_id` bigint NOT NULL COMMENT '用户编号',
  `user_type` tinyint NOT NULL COMMENT '用户类型',
  `user_info` varchar(512) CHARACTER SET utf8mb4 COLLATE utf8mb4_unicode_ci NOT NULL COMMENT '用户信息',
  `access_token` varchar(255) CHARACTER SET utf8mb4 COLLATE utf8mb4_unicode_ci NOT NULL COMMENT '访问令牌',
  `refresh_token` varchar(32) CHARACTER SET utf8mb4 COLLATE utf8mb4_unicode_ci NOT NULL COMMENT '刷新令牌',
  `client_id` varchar(255) CHARACTER SET utf8mb4 COLLATE utf8mb4_unicode_ci NOT NULL COMMENT '客户端编号',
  `scopes` varchar(255) CHARACTER SET utf8mb4 COLLATE utf8mb4_unicode_ci NULL DEFAULT NULL COMMENT '授权范围',
  `expires_time` datetime NOT NULL COMMENT '过期时间',
  `creator` varchar(64) CHARACTER SET utf8mb4 COLLATE utf8mb4_unicode_ci NULL DEFAULT '' COMMENT '创建者',
  `create_time` datetime NOT NULL DEFAULT CURRENT_TIMESTAMP COMMENT '创建时间',
  `updater` varchar(64) CHARACTER SET utf8mb4 COLLATE utf8mb4_unicode_ci NULL DEFAULT '' COMMENT '更新者',
  `update_time` datetime NOT NULL DEFAULT CURRENT_TIMESTAMP ON UPDATE CURRENT_TIMESTAMP COMMENT '更新时间',
  `deleted` bit(1) NOT NULL DEFAULT b'0' COMMENT '是否删除',
  `tenant_id` bigint NOT NULL DEFAULT 0 COMMENT '租户编号',
  PRIMARY KEY (`id`) USING BTREE,
  INDEX `idx_access_token`(`access_token`) USING BTREE,
  INDEX `idx_refresh_token`(`refresh_token`) USING BTREE
) ENGINE = InnoDB AUTO_INCREMENT = 16722 CHARACTER SET = utf8mb4 COLLATE = utf8mb4_unicode_ci COMMENT = 'OAuth2 访问令牌' ROW_FORMAT = DYNAMIC;

-- ----------------------------
-- Records of system_oauth2_access_token
-- ----------------------------
INSERT INTO `system_oauth2_access_token` VALUES (16719, 1, 2, '{\"nickname\":\"admin\",\"deptId\":\"115\"}', 'f5543c2b0e6442968801968676e7c40d', 'c7773d73eaf14aae9d4ac304fb75b75b', 'default', NULL, '2025-08-23 02:21:54', NULL, '2025-08-23 01:51:54', NULL, '2025-08-23 01:51:54', b'0', 0);
INSERT INTO `system_oauth2_access_token` VALUES (16720, 1, 2, '{\"nickname\":\"admin\",\"deptId\":null}', '168c73884f8a4eeab277cc1ee03e3b45', 'c97cbd9ffb8f4a7c9bcd25c3a47ddab8', 'default', NULL, '2025-08-23 13:12:42', NULL, '2025-08-23 12:42:42', '1', '2025-08-23 12:45:31', b'1', 0);
INSERT INTO `system_oauth2_access_token` VALUES (16721, 1, 2, '{\"nickname\":\"admin\",\"deptId\":null}', '79fc57ffbd6b4ea889746dd92d861e90', 'a3f2b76fb68b4fb5a82efc0b578baa27', 'default', NULL, '2025-08-23 13:15:37', NULL, '2025-08-23 12:45:37', '1', '2025-08-23 12:55:32', b'1', 0);
INSERT INTO `system_oauth2_access_token` VALUES (16722, 142, 2, '{\"nickname\":\"easyboot\",\"deptId\":null}', 'bc927a037027414e892da1fa7dcad119', '9a07159a15414887a63f03252d1acf9e', 'default', NULL, '2025-08-23 13:25:44', NULL, '2025-08-23 12:55:44', '142', '2025-08-23 12:55:55', b'1', 0);
INSERT INTO `system_oauth2_access_token` VALUES (16723, 1, 2, '{\"nickname\":\"admin\",\"deptId\":null}', '2ba9a588904e44bca9741c5ba285fec7', '44097739e4eb4aa9a6100963046af343', 'default', NULL, '2025-08-23 13:26:00', NULL, '2025-08-23 12:56:00', NULL, '2025-08-23 12:56:00', b'0', 0);

-- ----------------------------
-- Table structure for system_oauth2_approve
-- ----------------------------
DROP TABLE IF EXISTS `system_oauth2_approve`;
CREATE TABLE `system_oauth2_approve`  (
  `id` bigint NOT NULL AUTO_INCREMENT COMMENT '编号',
  `user_id` bigint NOT NULL COMMENT '用户编号',
  `user_type` tinyint NOT NULL COMMENT '用户类型',
  `client_id` varchar(255) CHARACTER SET utf8mb4 COLLATE utf8mb4_unicode_ci NOT NULL COMMENT '客户端编号',
  `scope` varchar(255) CHARACTER SET utf8mb4 COLLATE utf8mb4_unicode_ci NOT NULL DEFAULT '' COMMENT '授权范围',
  `approved` bit(1) NOT NULL DEFAULT b'0' COMMENT '是否接受',
  `expires_time` datetime NOT NULL COMMENT '过期时间',
  `creator` varchar(64) CHARACTER SET utf8mb4 COLLATE utf8mb4_unicode_ci NULL DEFAULT '' COMMENT '创建者',
  `create_time` datetime NOT NULL DEFAULT CURRENT_TIMESTAMP COMMENT '创建时间',
  `updater` varchar(64) CHARACTER SET utf8mb4 COLLATE utf8mb4_unicode_ci NULL DEFAULT '' COMMENT '更新者',
  `update_time` datetime NOT NULL DEFAULT CURRENT_TIMESTAMP ON UPDATE CURRENT_TIMESTAMP COMMENT '更新时间',
  `deleted` bit(1) NOT NULL DEFAULT b'0' COMMENT '是否删除',
  `tenant_id` bigint NOT NULL DEFAULT 0 COMMENT '租户编号',
  PRIMARY KEY (`id`) USING BTREE
) ENGINE = InnoDB AUTO_INCREMENT = 84 CHARACTER SET = utf8mb4 COLLATE = utf8mb4_unicode_ci COMMENT = 'OAuth2 批准表' ROW_FORMAT = DYNAMIC;

-- ----------------------------
-- Records of system_oauth2_approve
-- ----------------------------

-- ----------------------------
-- Table structure for system_oauth2_client
-- ----------------------------
DROP TABLE IF EXISTS `system_oauth2_client`;
CREATE TABLE `system_oauth2_client`  (
  `id` bigint NOT NULL AUTO_INCREMENT COMMENT '编号',
  `client_id` varchar(255) CHARACTER SET utf8mb4 COLLATE utf8mb4_unicode_ci NOT NULL COMMENT '客户端编号',
  `secret` varchar(255) CHARACTER SET utf8mb4 COLLATE utf8mb4_unicode_ci NOT NULL COMMENT '客户端密钥',
  `name` varchar(255) CHARACTER SET utf8mb4 COLLATE utf8mb4_unicode_ci NOT NULL COMMENT '应用名',
  `logo` varchar(255) CHARACTER SET utf8mb4 COLLATE utf8mb4_unicode_ci NOT NULL COMMENT '应用图标',
  `description` varchar(255) CHARACTER SET utf8mb4 COLLATE utf8mb4_unicode_ci NULL DEFAULT NULL COMMENT '应用描述',
  `status` tinyint NOT NULL COMMENT '状态',
  `access_token_validity_seconds` int NOT NULL COMMENT '访问令牌的有效期',
  `refresh_token_validity_seconds` int NOT NULL COMMENT '刷新令牌的有效期',
  `redirect_uris` varchar(255) CHARACTER SET utf8mb4 COLLATE utf8mb4_unicode_ci NOT NULL COMMENT '可重定向的 URI 地址',
  `authorized_grant_types` varchar(255) CHARACTER SET utf8mb4 COLLATE utf8mb4_unicode_ci NOT NULL COMMENT '授权类型',
  `scopes` varchar(255) CHARACTER SET utf8mb4 COLLATE utf8mb4_unicode_ci NULL DEFAULT NULL COMMENT '授权范围',
  `auto_approve_scopes` varchar(255) CHARACTER SET utf8mb4 COLLATE utf8mb4_unicode_ci NULL DEFAULT NULL COMMENT '自动通过的授权范围',
  `authorities` varchar(255) CHARACTER SET utf8mb4 COLLATE utf8mb4_unicode_ci NULL DEFAULT NULL COMMENT '权限',
  `resource_ids` varchar(255) CHARACTER SET utf8mb4 COLLATE utf8mb4_unicode_ci NULL DEFAULT NULL COMMENT '资源',
  `additional_information` varchar(4096) CHARACTER SET utf8mb4 COLLATE utf8mb4_unicode_ci NULL DEFAULT NULL COMMENT '附加信息',
  `creator` varchar(64) CHARACTER SET utf8mb4 COLLATE utf8mb4_unicode_ci NULL DEFAULT '' COMMENT '创建者',
  `create_time` datetime NOT NULL DEFAULT CURRENT_TIMESTAMP COMMENT '创建时间',
  `updater` varchar(64) CHARACTER SET utf8mb4 COLLATE utf8mb4_unicode_ci NULL DEFAULT '' COMMENT '更新者',
  `update_time` datetime NOT NULL DEFAULT CURRENT_TIMESTAMP ON UPDATE CURRENT_TIMESTAMP COMMENT '更新时间',
  `deleted` bit(1) NOT NULL DEFAULT b'0' COMMENT '是否删除',
  PRIMARY KEY (`id`) USING BTREE
) ENGINE = InnoDB AUTO_INCREMENT = 43 CHARACTER SET = utf8mb4 COLLATE = utf8mb4_unicode_ci COMMENT = 'OAuth2 客户端表' ROW_FORMAT = DYNAMIC;

-- ----------------------------
-- Records of system_oauth2_client
-- ----------------------------
INSERT INTO `system_oauth2_client` VALUES (1, '管理后台', 'admin123', '管理后台', 'http://test.easyboot.iocoder.cn/20250502/sort2_1746189740718.png', '管理后台客户端，禁止删除！', 0, 1800, 2592000, '[\"https://www.iocoder.cn\",\"https://doc.iocoder.cn\"]', '[\"password\",\"authorization_code\",\"implicit\",\"refresh_token\",\"client_credentials\"]', '[\"user.read\",\"user.write\"]', '[\"user.read\",\"user.write\"]', '[\"user.read\",\"user.write\"]', '[]', '{}', '1', '2022-05-11 21:47:12', '1', '2025-08-23 12:59:09', b'0');

-- ----------------------------
-- Table structure for system_oauth2_code
-- ----------------------------
DROP TABLE IF EXISTS `system_oauth2_code`;
CREATE TABLE `system_oauth2_code`  (
  `id` bigint NOT NULL AUTO_INCREMENT COMMENT '编号',
  `user_id` bigint NOT NULL COMMENT '用户编号',
  `user_type` tinyint NOT NULL COMMENT '用户类型',
  `code` varchar(32) CHARACTER SET utf8mb4 COLLATE utf8mb4_unicode_ci NOT NULL COMMENT '授权码',
  `client_id` varchar(255) CHARACTER SET utf8mb4 COLLATE utf8mb4_unicode_ci NOT NULL COMMENT '客户端编号',
  `scopes` varchar(255) CHARACTER SET utf8mb4 COLLATE utf8mb4_unicode_ci NULL DEFAULT '' COMMENT '授权范围',
  `expires_time` datetime NOT NULL COMMENT '过期时间',
  `redirect_uri` varchar(255) CHARACTER SET utf8mb4 COLLATE utf8mb4_unicode_ci NULL DEFAULT NULL COMMENT '可重定向的 URI 地址',
  `state` varchar(255) CHARACTER SET utf8mb4 COLLATE utf8mb4_unicode_ci NOT NULL DEFAULT '' COMMENT '状态',
  `creator` varchar(64) CHARACTER SET utf8mb4 COLLATE utf8mb4_unicode_ci NULL DEFAULT '' COMMENT '创建者',
  `create_time` datetime NOT NULL DEFAULT CURRENT_TIMESTAMP COMMENT '创建时间',
  `updater` varchar(64) CHARACTER SET utf8mb4 COLLATE utf8mb4_unicode_ci NULL DEFAULT '' COMMENT '更新者',
  `update_time` datetime NOT NULL DEFAULT CURRENT_TIMESTAMP ON UPDATE CURRENT_TIMESTAMP COMMENT '更新时间',
  `deleted` bit(1) NOT NULL DEFAULT b'0' COMMENT '是否删除',
  `tenant_id` bigint NOT NULL DEFAULT 0 COMMENT '租户编号',
  PRIMARY KEY (`id`) USING BTREE
) ENGINE = InnoDB AUTO_INCREMENT = 155 CHARACTER SET = utf8mb4 COLLATE = utf8mb4_unicode_ci COMMENT = 'OAuth2 授权码表' ROW_FORMAT = DYNAMIC;

-- ----------------------------
-- Records of system_oauth2_code
-- ----------------------------

-- ----------------------------
-- Table structure for system_oauth2_refresh_token
-- ----------------------------
DROP TABLE IF EXISTS `system_oauth2_refresh_token`;
CREATE TABLE `system_oauth2_refresh_token`  (
  `id` bigint NOT NULL AUTO_INCREMENT COMMENT '编号',
  `user_id` bigint NOT NULL COMMENT '用户编号',
  `refresh_token` varchar(32) CHARACTER SET utf8mb4 COLLATE utf8mb4_unicode_ci NOT NULL COMMENT '刷新令牌',
  `user_type` tinyint NOT NULL COMMENT '用户类型',
  `client_id` varchar(255) CHARACTER SET utf8mb4 COLLATE utf8mb4_unicode_ci NOT NULL COMMENT '客户端编号',
  `scopes` varchar(255) CHARACTER SET utf8mb4 COLLATE utf8mb4_unicode_ci NULL DEFAULT NULL COMMENT '授权范围',
  `expires_time` datetime NOT NULL COMMENT '过期时间',
  `creator` varchar(64) CHARACTER SET utf8mb4 COLLATE utf8mb4_unicode_ci NULL DEFAULT '' COMMENT '创建者',
  `create_time` datetime NOT NULL DEFAULT CURRENT_TIMESTAMP COMMENT '创建时间',
  `updater` varchar(64) CHARACTER SET utf8mb4 COLLATE utf8mb4_unicode_ci NULL DEFAULT '' COMMENT '更新者',
  `update_time` datetime NOT NULL DEFAULT CURRENT_TIMESTAMP ON UPDATE CURRENT_TIMESTAMP COMMENT '更新时间',
  `deleted` bit(1) NOT NULL DEFAULT b'0' COMMENT '是否删除',
  `tenant_id` bigint NOT NULL DEFAULT 0 COMMENT '租户编号',
  PRIMARY KEY (`id`) USING BTREE
) ENGINE = InnoDB AUTO_INCREMENT = 2041 CHARACTER SET = utf8mb4 COLLATE = utf8mb4_unicode_ci COMMENT = 'OAuth2 刷新令牌' ROW_FORMAT = DYNAMIC;

-- ----------------------------
-- Records of system_oauth2_refresh_token
-- ----------------------------
INSERT INTO `system_oauth2_refresh_token` VALUES (2036, 1, 'a33d016261844bc19ab99bf5e0c6f2cb', 2, 'default', NULL, '2025-09-21 23:54:18', NULL, '2025-08-22 23:54:18', NULL, '2025-08-22 23:56:51', b'1', 0);
INSERT INTO `system_oauth2_refresh_token` VALUES (2037, 1, 'cf4f5cef61884213b27f006d94950e5a', 2, 'default', NULL, '2025-09-21 23:57:10', NULL, '2025-08-22 23:57:10', NULL, '2025-08-23 00:05:27', b'1', 0);
INSERT INTO `system_oauth2_refresh_token` VALUES (2038, 1, 'c7773d73eaf14aae9d4ac304fb75b75b', 2, 'default', NULL, '2025-09-22 00:05:45', NULL, '2025-08-23 00:05:45', NULL, '2025-08-23 00:05:45', b'0', 0);
INSERT INTO `system_oauth2_refresh_token` VALUES (2039, 1, 'c97cbd9ffb8f4a7c9bcd25c3a47ddab8', 2, 'default', NULL, '2025-09-22 12:42:42', NULL, '2025-08-23 12:42:42', NULL, '2025-08-23 12:45:17', b'1', 0);
INSERT INTO `system_oauth2_refresh_token` VALUES (2040, 1, 'a3f2b76fb68b4fb5a82efc0b578baa27', 2, 'default', NULL, '2025-09-22 12:45:37', NULL, '2025-08-23 12:45:37', NULL, '2025-08-23 12:55:17', b'1', 0);
INSERT INTO `system_oauth2_refresh_token` VALUES (2041, 142, '9a07159a15414887a63f03252d1acf9e', 2, 'default', NULL, '2025-09-22 12:55:44', NULL, '2025-08-23 12:55:44', NULL, '2025-08-23 12:55:40', b'1', 0);
INSERT INTO `system_oauth2_refresh_token` VALUES (2042, 1, '44097739e4eb4aa9a6100963046af343', 2, 'default', NULL, '2025-09-22 12:56:00', NULL, '2025-08-23 12:56:00', NULL, '2025-08-23 12:56:00', b'0', 0);

-- ----------------------------
-- Table structure for system_operate_log
-- ----------------------------
DROP TABLE IF EXISTS `system_operate_log`;
CREATE TABLE `system_operate_log`  (
  `id` bigint NOT NULL AUTO_INCREMENT COMMENT '日志主键',
  `trace_id` varchar(64) CHARACTER SET utf8mb4 COLLATE utf8mb4_unicode_ci NOT NULL DEFAULT '' COMMENT '链路追踪编号',
  `user_id` bigint NOT NULL COMMENT '用户编号',
  `user_type` tinyint NOT NULL DEFAULT 0 COMMENT '用户类型',
  `type` varchar(50) CHARACTER SET utf8mb4 COLLATE utf8mb4_unicode_ci NOT NULL COMMENT '操作模块类型',
  `sub_type` varchar(50) CHARACTER SET utf8mb4 COLLATE utf8mb4_unicode_ci NOT NULL COMMENT '操作名',
  `biz_id` bigint NOT NULL COMMENT '操作数据模块编号',
  `action` varchar(2000) CHARACTER SET utf8mb4 COLLATE utf8mb4_unicode_ci NOT NULL DEFAULT '' COMMENT '操作内容',
  `success` bit(1) NOT NULL DEFAULT b'1' COMMENT '操作结果',
  `extra` varchar(2000) CHARACTER SET utf8mb4 COLLATE utf8mb4_unicode_ci NOT NULL DEFAULT '' COMMENT '拓展字段',
  `request_method` varchar(16) CHARACTER SET utf8mb4 COLLATE utf8mb4_unicode_ci NULL DEFAULT '' COMMENT '请求方法名',
  `request_url` varchar(255) CHARACTER SET utf8mb4 COLLATE utf8mb4_unicode_ci NULL DEFAULT '' COMMENT '请求地址',
  `user_ip` varchar(50) CHARACTER SET utf8mb4 COLLATE utf8mb4_unicode_ci NULL DEFAULT NULL COMMENT '用户 IP',
  `user_agent` varchar(512) CHARACTER SET utf8mb4 COLLATE utf8mb4_unicode_ci NULL DEFAULT NULL COMMENT '浏览器 UA',
  `creator` varchar(64) CHARACTER SET utf8mb4 COLLATE utf8mb4_unicode_ci NULL DEFAULT '' COMMENT '创建者',
  `create_time` datetime NOT NULL DEFAULT CURRENT_TIMESTAMP COMMENT '创建时间',
  `updater` varchar(64) CHARACTER SET utf8mb4 COLLATE utf8mb4_unicode_ci NULL DEFAULT '' COMMENT '更新者',
  `update_time` datetime NOT NULL DEFAULT CURRENT_TIMESTAMP ON UPDATE CURRENT_TIMESTAMP COMMENT '更新时间',
  `deleted` bit(1) NOT NULL DEFAULT b'0' COMMENT '是否删除',
  `tenant_id` bigint NOT NULL DEFAULT 0 COMMENT '租户编号',
  PRIMARY KEY (`id`) USING BTREE
) ENGINE = InnoDB AUTO_INCREMENT = 9095 CHARACTER SET = utf8mb4 COLLATE = utf8mb4_unicode_ci COMMENT = '操作日志记录 V2 版本' ROW_FORMAT = Dynamic;

-- ----------------------------
-- Records of system_operate_log
-- ----------------------------
INSERT INTO `system_operate_log` VALUES (9090, '', 1, 2, 'SYSTEM 角色', '删除角色', 158, '删除了角色【2】', b'1', '', 'DELETE', '/admin-api/system/role/delete', '127.0.0.1', 'Mozilla/5.0 (Windows NT 10.0; Win64; x64) AppleWebKit/537.36 (KHTML, like Gecko) Chrome/139.0.0.0 Safari/537.36', '1', '2025-08-22 23:56:04', '1', '2025-08-22 23:56:04', b'0', 0);
INSERT INTO `system_operate_log` VALUES (9091, '', 1, 2, 'SYSTEM 角色', '删除角色', 155, '删除了角色【测试数据权限】', b'1', '', 'DELETE', '/admin-api/system/role/delete', '127.0.0.1', 'Mozilla/5.0 (Windows NT 10.0; Win64; x64) AppleWebKit/537.36 (KHTML, like Gecko) Chrome/139.0.0.0 Safari/537.36', '1', '2025-08-22 23:56:06', '1', '2025-08-22 23:56:06', b'0', 0);
INSERT INTO `system_operate_log` VALUES (9092, '', 1, 2, 'SYSTEM 角色', '删除角色', 101, '删除了角色【测试账号】', b'1', '', 'DELETE', '/admin-api/system/role/delete', '127.0.0.1', 'Mozilla/5.0 (Windows NT 10.0; Win64; x64) AppleWebKit/537.36 (KHTML, like Gecko) Chrome/139.0.0.0 Safari/537.36', '1', '2025-08-22 23:56:08', '1', '2025-08-22 23:56:08', b'0', 0);
INSERT INTO `system_operate_log` VALUES (9093, '', 1, 2, 'SYSTEM 用户', '更新用户', 1, '更新了用户【芋道源码】: 删除了【用户头像】：【http://test.easyboot.iocoder.cn/test/20250502/avatar_1746154660449.png】；【部门】从【】修改为【产品研发部】；【用户邮箱】从【11aoteman@126.com】修改为【xiaozhennan1995@gmail.com】；【手机号码】从【18818260277】修改为【15210240898】；【用户昵称】从【芋道源码】修改为【admin】；【用户性别】从【女】修改为【男】', b'1', '', 'PUT', '/admin-api/system/user/update', '127.0.0.1', 'Mozilla/5.0 (Windows NT 10.0; Win64; x64) AppleWebKit/537.36 (KHTML, like Gecko) Chrome/139.0.0.0 Safari/537.36', '1', '2025-08-23 00:01:33', '1', '2025-08-23 00:01:33', b'0', 0);
INSERT INTO `system_operate_log` VALUES (9094, '', 1, 2, 'SYSTEM 用户', '更新用户', 100, '更新了用户【芋道】: 【部门】从【】修改为【产品研发部】；【用户邮箱】从【easyboot@iocoder.cn】修改为【weiwan5675@gmail.com】；【手机号码】从【15601691300】修改为【17610613001】；【用户昵称】从【芋道】修改为【easyboot】；【岗位】添加了【普通员工】删除了【系统管理员】；【备注】从【不要吓我】修改为【easyboot】', b'1', '', 'PUT', '/admin-api/system/user/update', '127.0.0.1', 'Mozilla/5.0 (Windows NT 10.0; Win64; x64) AppleWebKit/537.36 (KHTML, like Gecko) Chrome/139.0.0.0 Safari/537.36', '1', '2025-08-23 00:02:25', '1', '2025-08-23 00:02:25', b'0', 0);
INSERT INTO `system_operate_log` VALUES (9095, '', 1, 2, 'SYSTEM 用户', '重置用户密码', 100, '将用户【easyboot】的密码从【$2a$04$h.aaPKgO.odHepnk5PCsWeEwKdojFWdTItxGKfx1r0e1CSeBzsTJ6】重置为【$2a$04$Ea0EIWGaGjQK0scck2z8RuXaVxpCLGfbcRb35pJ06rs8MMYwOyS2u】', b'1', '', 'PUT', '/admin-api/system/user/update-password', '127.0.0.1', 'Mozilla/5.0 (Windows NT 10.0; Win64; x64) AppleWebKit/537.36 (KHTML, like Gecko) Chrome/139.0.0.0 Safari/537.36', '1', '2025-08-23 11:07:10', '1', '2025-08-23 11:07:10', b'0', 0);
INSERT INTO `system_operate_log` VALUES (9096, '', 1, 2, 'SYSTEM 用户', '创建用户', 142, '创建了用户【easyboot】', b'1', '', 'POST', '/admin-api/system/user/create', '127.0.0.1', 'Mozilla/5.0 (Windows NT 10.0; Win64; x64) AppleWebKit/537.36 (KHTML, like Gecko) Chrome/139.0.0.0 Safari/537.36', '1', '2025-08-23 12:53:26', '1', '2025-08-23 12:53:26', b'0', 0);
INSERT INTO `system_operate_log` VALUES (9097, '', 1, 2, 'SYSTEM 角色', '创建角色', 159, '创建了角色【普通用户】', b'1', '', 'POST', '/admin-api/system/role/create', '127.0.0.1', 'Mozilla/5.0 (Windows NT 10.0; Win64; x64) AppleWebKit/537.36 (KHTML, like Gecko) Chrome/139.0.0.0 Safari/537.36', '1', '2025-08-23 12:54:52', '1', '2025-08-23 12:54:52', b'0', 0);

-- ----------------------------
-- Table structure for system_post
-- ----------------------------
DROP TABLE IF EXISTS `system_post`;
CREATE TABLE `system_post`  (
  `id` bigint NOT NULL AUTO_INCREMENT COMMENT '岗位ID',
  `code` varchar(64) CHARACTER SET utf8mb4 COLLATE utf8mb4_unicode_ci NOT NULL COMMENT '岗位编码',
  `name` varchar(50) CHARACTER SET utf8mb4 COLLATE utf8mb4_unicode_ci NOT NULL COMMENT '岗位名称',
  `sort` int NOT NULL COMMENT '显示顺序',
  `status` tinyint NOT NULL COMMENT '状态（0正常 1停用）',
  `remark` varchar(500) CHARACTER SET utf8mb4 COLLATE utf8mb4_unicode_ci NULL DEFAULT NULL COMMENT '备注',
  `creator` varchar(64) CHARACTER SET utf8mb4 COLLATE utf8mb4_unicode_ci NULL DEFAULT '' COMMENT '创建者',
  `create_time` datetime NOT NULL DEFAULT CURRENT_TIMESTAMP COMMENT '创建时间',
  `updater` varchar(64) CHARACTER SET utf8mb4 COLLATE utf8mb4_unicode_ci NULL DEFAULT '' COMMENT '更新者',
  `update_time` datetime NOT NULL DEFAULT CURRENT_TIMESTAMP ON UPDATE CURRENT_TIMESTAMP COMMENT '更新时间',
  `deleted` bit(1) NOT NULL DEFAULT b'0' COMMENT '是否删除',
  `tenant_id` bigint NOT NULL DEFAULT 0 COMMENT '租户编号',
  PRIMARY KEY (`id`) USING BTREE
) ENGINE = InnoDB AUTO_INCREMENT = 8 CHARACTER SET = utf8mb4 COLLATE = utf8mb4_unicode_ci COMMENT = '岗位信息表' ROW_FORMAT = Dynamic;

-- ----------------------------
-- Records of system_post
-- ----------------------------

-- ----------------------------
-- Table structure for system_role
-- ----------------------------
DROP TABLE IF EXISTS `system_role`;
CREATE TABLE `system_role`  (
  `id` bigint NOT NULL AUTO_INCREMENT COMMENT '角色ID',
  `name` varchar(30) CHARACTER SET utf8mb4 COLLATE utf8mb4_unicode_ci NOT NULL COMMENT '角色名称',
  `code` varchar(100) CHARACTER SET utf8mb4 COLLATE utf8mb4_unicode_ci NOT NULL COMMENT '角色权限字符串',
  `sort` int NOT NULL COMMENT '显示顺序',
  `data_scope` tinyint NOT NULL DEFAULT 1 COMMENT '数据范围（1：全部数据权限 2：自定数据权限 3：本部门数据权限 4：本部门及以下数据权限）',
  `data_scope_dept_ids` varchar(500) CHARACTER SET utf8mb4 COLLATE utf8mb4_unicode_ci NOT NULL DEFAULT '' COMMENT '数据范围(指定部门数组)',
  `status` tinyint NOT NULL COMMENT '角色状态（0正常 1停用）',
  `type` tinyint NOT NULL COMMENT '角色类型',
  `remark` varchar(500) CHARACTER SET utf8mb4 COLLATE utf8mb4_unicode_ci NULL DEFAULT NULL COMMENT '备注',
  `creator` varchar(64) CHARACTER SET utf8mb4 COLLATE utf8mb4_unicode_ci NULL DEFAULT '' COMMENT '创建者',
  `create_time` datetime NOT NULL DEFAULT CURRENT_TIMESTAMP COMMENT '创建时间',
  `updater` varchar(64) CHARACTER SET utf8mb4 COLLATE utf8mb4_unicode_ci NULL DEFAULT '' COMMENT '更新者',
  `update_time` datetime NOT NULL DEFAULT CURRENT_TIMESTAMP ON UPDATE CURRENT_TIMESTAMP COMMENT '更新时间',
  `deleted` bit(1) NOT NULL DEFAULT b'0' COMMENT '是否删除',
  `tenant_id` bigint NOT NULL DEFAULT 0 COMMENT '租户编号',
  PRIMARY KEY (`id`) USING BTREE
) ENGINE = InnoDB AUTO_INCREMENT = 159 CHARACTER SET = utf8mb4 COLLATE = utf8mb4_unicode_ci COMMENT = '角色信息表' ROW_FORMAT = Dynamic;

-- ----------------------------
-- Records of system_role
-- ----------------------------
INSERT INTO `system_role` VALUES (1, '超级管理员', 'super-admin', 1, 1, '[]', 0, 1, NULL, '', '2025-08-23 11:17:30', '1', '2025-08-23 11:34:30', b'0', 0);
INSERT INTO `system_role` VALUES (159, '普通用户', 'public-user', 2, 1, '', 0, 2, '普通用户', '1', '2025-08-23 12:54:52', '1', '2025-08-23 12:54:52', b'0', 0);

-- ----------------------------
-- Table structure for system_role_menu
-- ----------------------------
DROP TABLE IF EXISTS `system_role_menu`;
CREATE TABLE `system_role_menu`  (
  `id` bigint NOT NULL AUTO_INCREMENT COMMENT '自增编号',
  `role_id` bigint NOT NULL COMMENT '角色ID',
  `menu_id` bigint NOT NULL COMMENT '菜单ID',
  `creator` varchar(64) CHARACTER SET utf8mb4 COLLATE utf8mb4_unicode_ci NULL DEFAULT '' COMMENT '创建者',
  `create_time` datetime NOT NULL DEFAULT CURRENT_TIMESTAMP COMMENT '创建时间',
  `updater` varchar(64) CHARACTER SET utf8mb4 COLLATE utf8mb4_unicode_ci NULL DEFAULT '' COMMENT '更新者',
  `update_time` datetime NOT NULL DEFAULT CURRENT_TIMESTAMP ON UPDATE CURRENT_TIMESTAMP COMMENT '更新时间',
  `deleted` bit(1) NOT NULL DEFAULT b'0' COMMENT '是否删除',
  `tenant_id` bigint NOT NULL DEFAULT 0 COMMENT '租户编号',
  PRIMARY KEY (`id`) USING BTREE
) ENGINE = InnoDB AUTO_INCREMENT = 6139 CHARACTER SET = utf8mb4 COLLATE = utf8mb4_unicode_ci COMMENT = '角色和菜单关联表' ROW_FORMAT = Dynamic;

-- ----------------------------
-- Records of system_role_menu
-- ----------------------------
INSERT INTO `system_role_menu` VALUES (434, 1, 1, '1', '2022-02-22 13:09:12', '1', '2025-08-23 11:37:52', b'0', 1);
INSERT INTO `system_role_menu` VALUES (454, 1, 1093, '1', '2022-02-22 13:09:12', '1', '2025-08-23 11:37:51', b'0', 1);
INSERT INTO `system_role_menu` VALUES (455, 1, 1094, '1', '2022-02-22 13:09:12', '1', '2025-08-23 11:37:50', b'0', 1);
INSERT INTO `system_role_menu` VALUES (460, 1, 1100, '1', '2022-02-22 13:09:12', '1', '2025-08-23 11:38:01', b'0', 1);
INSERT INTO `system_role_menu` VALUES (467, 1, 1107, '1', '2022-02-22 13:09:12', '1', '2025-08-23 11:38:02', b'0', 1);
INSERT INTO `system_role_menu` VALUES (477, 1, 100, '1', '2022-02-22 13:09:12', '1', '2025-08-23 11:38:02', b'0', 1);
INSERT INTO `system_role_menu` VALUES (478, 1, 101, '1', '2022-02-22 13:09:12', '1', '2025-08-23 11:38:07', b'0', 1);
INSERT INTO `system_role_menu` VALUES (479, 1, 102, '1', '2022-02-22 13:09:12', '1', '2025-08-23 11:38:10', b'0', 1);
INSERT INTO `system_role_menu` VALUES (481, 1, 103, '1', '2022-02-22 13:09:12', '1', '2025-08-23 11:38:10', b'0', 1);
INSERT INTO `system_role_menu` VALUES (483, 1, 104, '1', '2022-02-22 13:09:12', '1', '2025-08-23 11:38:10', b'0', 1);
INSERT INTO `system_role_menu` VALUES (485, 1, 105, '1', '2022-02-22 13:09:12', '1', '2025-08-23 11:38:10', b'0', 1);
INSERT INTO `system_role_menu` VALUES (488, 1, 107, '1', '2022-02-22 13:09:12', '1', '2025-08-23 11:38:10', b'0', 1);
INSERT INTO `system_role_menu` VALUES (490, 1, 108, '1', '2022-02-22 13:09:12', '1', '2025-08-23 11:38:10', b'0', 1);
INSERT INTO `system_role_menu` VALUES (492, 1, 109, '1', '2022-02-22 13:09:12', '1', '2025-08-23 11:38:10', b'0', 1);
INSERT INTO `system_role_menu` VALUES (498, 1, 1138, '1', '2022-02-22 13:09:12', '1', '2025-08-23 11:38:10', b'0', 1);
INSERT INTO `system_role_menu` VALUES (523, 1, 1224, '1', '2022-02-22 13:09:12', '1', '2025-08-23 11:38:10', b'0', 1);
INSERT INTO `system_role_menu` VALUES (524, 1, 1225, '1', '2022-02-22 13:09:12', '1', '2025-08-23 11:38:10', b'0', 1);
INSERT INTO `system_role_menu` VALUES (541, 1, 500, '1', '2022-02-22 13:09:12', '1', '2025-08-23 11:38:10', b'0', 1);
INSERT INTO `system_role_menu` VALUES (543, 1, 501, '1', '2022-02-22 13:09:12', '1', '2025-08-23 11:38:10', b'0', 1);
INSERT INTO `system_role_menu` VALUES (1991, 1, 1024, '1', '2023-01-25 08:42:52', '1', '2025-08-23 11:38:29', b'0', 1);
INSERT INTO `system_role_menu` VALUES (1992, 1, 1025, '1', '2023-01-25 08:42:52', '1', '2025-08-23 11:38:29', b'0', 1);
INSERT INTO `system_role_menu` VALUES (1993, 1, 1026, '1', '2023-01-25 08:42:52', '1', '2025-08-23 11:38:29', b'0', 1);
INSERT INTO `system_role_menu` VALUES (1994, 1, 1027, '1', '2023-01-25 08:42:52', '1', '2025-08-23 11:38:29', b'0', 1);
INSERT INTO `system_role_menu` VALUES (1995, 1, 1028, '1', '2023-01-25 08:42:52', '1', '2025-08-23 11:38:29', b'0', 1);
INSERT INTO `system_role_menu` VALUES (1996, 1, 1029, '1', '2023-01-25 08:42:52', '1', '2025-08-23 11:38:29', b'0', 1);
INSERT INTO `system_role_menu` VALUES (1997, 1, 1030, '1', '2023-01-25 08:42:52', '1', '2025-08-23 11:38:29', b'0', 1);
INSERT INTO `system_role_menu` VALUES (2003, 1, 1036, '1', '2023-01-25 08:42:52', '1', '2025-08-23 11:38:29', b'0', 1);
INSERT INTO `system_role_menu` VALUES (2004, 1, 1037, '1', '2023-01-25 08:42:52', '1', '2025-08-23 11:38:29', b'0', 1);
INSERT INTO `system_role_menu` VALUES (2005, 1, 1038, '1', '2023-01-25 08:42:52', '1', '2025-08-23 11:38:29', b'0', 1);
INSERT INTO `system_role_menu` VALUES (2006, 1, 1039, '1', '2023-01-25 08:42:52', '1', '2025-08-23 11:38:29', b'0', 1);
INSERT INTO `system_role_menu` VALUES (2007, 1, 1040, '1', '2023-01-25 08:42:52', '1', '2025-08-23 11:38:29', b'0', 1);
INSERT INTO `system_role_menu` VALUES (2008, 1, 1042, '1', '2023-01-25 08:42:52', '1', '2025-08-23 11:38:29', b'0', 1);
INSERT INTO `system_role_menu` VALUES (2009, 1, 1043, '1', '2023-01-25 08:42:52', '1', '2025-08-23 11:38:29', b'0', 1);
INSERT INTO `system_role_menu` VALUES (2010, 1, 1045, '1', '2023-01-25 08:42:52', '1', '2025-08-23 11:38:29', b'0', 1);
INSERT INTO `system_role_menu` VALUES (2011, 1, 1046, '1', '2023-01-25 08:42:52', '1', '2025-08-23 11:38:29', b'0', 1);
INSERT INTO `system_role_menu` VALUES (2012, 1, 1048, '1', '2023-01-25 08:42:52', '1', '2025-08-23 11:38:29', b'0', 1);
INSERT INTO `system_role_menu` VALUES (2021, 1, 2083, '1', '2023-01-25 08:42:52', '1', '2025-08-23 11:38:29', b'0', 1);
INSERT INTO `system_role_menu` VALUES (2024, 1, 1063, '1', '2023-01-25 08:42:52', '1', '2025-08-23 11:38:29', b'0', 1);
INSERT INTO `system_role_menu` VALUES (2025, 1, 1064, '1', '2023-01-25 08:42:52', '1', '2025-08-23 11:38:29', b'0', 1);
INSERT INTO `system_role_menu` VALUES (2026, 1, 1065, '1', '2023-01-25 08:42:52', '1', '2025-08-23 11:38:29', b'0', 1);
INSERT INTO `system_role_menu` VALUES (2044, 1, 1095, '1', '2023-01-25 08:42:52', '1', '2025-08-23 11:38:30', b'0', 1);
INSERT INTO `system_role_menu` VALUES (2045, 1, 1096, '1', '2023-01-25 08:42:52', '1', '2025-08-23 11:38:30', b'0', 1);
INSERT INTO `system_role_menu` VALUES (2046, 1, 1097, '1', '2023-01-25 08:42:52', '1', '2025-08-23 11:38:30', b'0', 1);
INSERT INTO `system_role_menu` VALUES (2047, 1, 1098, '1', '2023-01-25 08:42:52', '1', '2025-08-23 11:38:30', b'0', 1);
INSERT INTO `system_role_menu` VALUES (2048, 1, 1101, '1', '2023-01-25 08:42:52', '1', '2025-08-23 11:38:30', b'0', 1);
INSERT INTO `system_role_menu` VALUES (2049, 1, 1102, '1', '2023-01-25 08:42:52', '1', '2025-08-23 11:38:30', b'0', 1);
INSERT INTO `system_role_menu` VALUES (2050, 1, 1103, '1', '2023-01-25 08:42:52', '1', '2025-08-23 11:38:30', b'0', 1);
INSERT INTO `system_role_menu` VALUES (2051, 1, 1104, '1', '2023-01-25 08:42:52', '1', '2025-08-23 11:38:30', b'0', 1);
INSERT INTO `system_role_menu` VALUES (2052, 1, 1105, '1', '2023-01-25 08:42:52', '1', '2025-08-23 11:38:30', b'0', 1);
INSERT INTO `system_role_menu` VALUES (2053, 1, 1106, '1', '2023-01-25 08:42:52', '1', '2025-08-23 11:38:30', b'0', 1);
INSERT INTO `system_role_menu` VALUES (2054, 1, 1108, '1', '2023-01-25 08:42:52', '1', '2025-08-23 11:38:30', b'0', 1);
INSERT INTO `system_role_menu` VALUES (2055, 1, 1109, '1', '2023-01-25 08:42:52', '1', '2025-08-23 11:38:30', b'0', 1);
INSERT INTO `system_role_menu` VALUES (2073, 1, 1139, '1', '2023-01-25 08:42:52', '1', '2025-08-23 11:38:30', b'0', 1);
INSERT INTO `system_role_menu` VALUES (2075, 1, 1140, '1', '2023-01-25 08:42:52', '1', '2025-08-23 11:38:30', b'0', 1);
INSERT INTO `system_role_menu` VALUES (2077, 1, 1141, '1', '2023-01-25 08:42:52', '1', '2025-08-23 11:38:30', b'0', 1);
INSERT INTO `system_role_menu` VALUES (2078, 1, 1142, '1', '2023-01-25 08:42:52', '1', '2025-08-23 11:38:30', b'0', 1);
INSERT INTO `system_role_menu` VALUES (2079, 1, 1143, '1', '2023-01-25 08:42:52', '1', '2025-08-23 11:38:30', b'0', 1);
INSERT INTO `system_role_menu` VALUES (2099, 1, 1226, '1', '2023-01-25 08:42:52', '1', '2025-08-23 11:38:30', b'0', 1);
INSERT INTO `system_role_menu` VALUES (2100, 1, 1227, '1', '2023-01-25 08:42:52', '1', '2025-08-23 11:38:30', b'0', 1);
INSERT INTO `system_role_menu` VALUES (2101, 1, 1228, '1', '2023-01-25 08:42:52', '1', '2025-08-23 11:38:30', b'0', 1);
INSERT INTO `system_role_menu` VALUES (2102, 1, 1229, '1', '2023-01-25 08:42:52', '1', '2025-08-23 11:38:30', b'0', 1);
INSERT INTO `system_role_menu` VALUES (6542, 1, 2130, '1', '2025-08-23 11:38:53', '1', '2025-08-23 11:38:53', b'0', 0);
INSERT INTO `system_role_menu` VALUES (6543, 1, 2131, '1', '2025-08-23 11:38:53', '1', '2025-08-23 11:38:53', b'0', 0);
INSERT INTO `system_role_menu` VALUES (6544, 1, 2132, '1', '2025-08-23 11:38:53', '1', '2025-08-23 11:38:53', b'0', 0);
INSERT INTO `system_role_menu` VALUES (6545, 1, 2133, '1', '2025-08-23 11:38:53', '1', '2025-08-23 11:38:53', b'0', 0);
INSERT INTO `system_role_menu` VALUES (6546, 1, 2134, '1', '2025-08-23 11:38:53', '1', '2025-08-23 11:38:53', b'0', 0);
INSERT INTO `system_role_menu` VALUES (6547, 1, 2135, '1', '2025-08-23 11:38:53', '1', '2025-08-23 11:38:53', b'0', 0);
INSERT INTO `system_role_menu` VALUES (6548, 1, 2136, '1', '2025-08-23 11:38:53', '1', '2025-08-23 11:38:53', b'0', 0);
INSERT INTO `system_role_menu` VALUES (6549, 1, 2137, '1', '2025-08-23 11:38:53', '1', '2025-08-23 11:38:53', b'0', 0);
INSERT INTO `system_role_menu` VALUES (6550, 1, 2138, '1', '2025-08-23 11:38:53', '1', '2025-08-23 11:38:53', b'0', 0);
INSERT INTO `system_role_menu` VALUES (6551, 1, 2139, '1', '2025-08-23 11:38:53', '1', '2025-08-23 11:38:53', b'0', 0);
INSERT INTO `system_role_menu` VALUES (6552, 1, 2140, '1', '2025-08-23 11:38:53', '1', '2025-08-23 11:38:53', b'0', 0);
INSERT INTO `system_role_menu` VALUES (6553, 1, 2141, '1', '2025-08-23 11:38:53', '1', '2025-08-23 11:38:53', b'0', 0);
INSERT INTO `system_role_menu` VALUES (6554, 1, 2142, '1', '2025-08-23 11:38:53', '1', '2025-08-23 11:38:53', b'0', 0);
INSERT INTO `system_role_menu` VALUES (6555, 1, 2143, '1', '2025-08-23 11:38:53', '1', '2025-08-23 11:38:53', b'0', 0);
INSERT INTO `system_role_menu` VALUES (6556, 1, 2144, '1', '2025-08-23 11:38:53', '1', '2025-08-23 11:38:53', b'0', 0);
INSERT INTO `system_role_menu` VALUES (6557, 1, 2145, '1', '2025-08-23 11:38:53', '1', '2025-08-23 11:38:53', b'0', 0);
INSERT INTO `system_role_menu` VALUES (6558, 1, 2146, '1', '2025-08-23 11:38:53', '1', '2025-08-23 11:38:53', b'0', 0);
INSERT INTO `system_role_menu` VALUES (6559, 1, 2147, '1', '2025-08-23 11:38:53', '1', '2025-08-23 11:38:53', b'0', 0);
INSERT INTO `system_role_menu` VALUES (6560, 1, 2148, '1', '2025-08-23 11:38:53', '1', '2025-08-23 11:38:53', b'0', 0);
INSERT INTO `system_role_menu` VALUES (6561, 1, 2149, '1', '2025-08-23 11:38:53', '1', '2025-08-23 11:38:53', b'0', 0);
INSERT INTO `system_role_menu` VALUES (6562, 1, 2150, '1', '2025-08-23 11:38:53', '1', '2025-08-23 11:38:53', b'0', 0);
INSERT INTO `system_role_menu` VALUES (6563, 1, 2151, '1', '2025-08-23 11:38:53', '1', '2025-08-23 11:38:53', b'0', 0);
INSERT INTO `system_role_menu` VALUES (6564, 1, 2152, '1', '2025-08-23 11:38:53', '1', '2025-08-23 11:38:53', b'0', 0);
INSERT INTO `system_role_menu` VALUES (6565, 1, 2447, '1', '2025-08-23 11:38:53', '1', '2025-08-23 11:38:53', b'0', 0);
INSERT INTO `system_role_menu` VALUES (6566, 1, 2448, '1', '2025-08-23 11:38:53', '1', '2025-08-23 11:38:53', b'0', 0);
INSERT INTO `system_role_menu` VALUES (6567, 1, 2449, '1', '2025-08-23 11:38:53', '1', '2025-08-23 11:38:53', b'0', 0);
INSERT INTO `system_role_menu` VALUES (6568, 1, 5010, '1', '2025-08-23 11:38:53', '1', '2025-08-23 11:38:53', b'0', 0);
INSERT INTO `system_role_menu` VALUES (6569, 1, 2450, '1', '2025-08-23 11:38:53', '1', '2025-08-23 11:38:53', b'0', 0);
INSERT INTO `system_role_menu` VALUES (6570, 1, 2451, '1', '2025-08-23 11:38:53', '1', '2025-08-23 11:38:53', b'0', 0);
INSERT INTO `system_role_menu` VALUES (6571, 1, 2452, '1', '2025-08-23 11:38:53', '1', '2025-08-23 11:38:53', b'0', 0);
INSERT INTO `system_role_menu` VALUES (6572, 1, 2453, '1', '2025-08-23 11:38:53', '1', '2025-08-23 11:38:53', b'0', 0);
INSERT INTO `system_role_menu` VALUES (6573, 1, 2739, '1', '2025-08-23 11:38:53', '1', '2025-08-23 11:38:53', b'0', 0);
INSERT INTO `system_role_menu` VALUES (6574, 1, 1001, '1', '2025-08-23 11:38:53', '1', '2025-08-23 11:38:53', b'0', 0);
INSERT INTO `system_role_menu` VALUES (6575, 1, 1002, '1', '2025-08-23 11:38:53', '1', '2025-08-23 11:38:53', b'0', 0);
INSERT INTO `system_role_menu` VALUES (6576, 1, 1003, '1', '2025-08-23 11:38:53', '1', '2025-08-23 11:38:53', b'0', 0);
INSERT INTO `system_role_menu` VALUES (6577, 1, 1004, '1', '2025-08-23 11:38:53', '1', '2025-08-23 11:38:53', b'0', 0);
INSERT INTO `system_role_menu` VALUES (6578, 1, 1005, '1', '2025-08-23 11:38:53', '1', '2025-08-23 11:38:53', b'0', 0);
INSERT INTO `system_role_menu` VALUES (6579, 1, 1261, '1', '2025-08-23 11:38:53', '1', '2025-08-23 11:38:53', b'0', 0);
INSERT INTO `system_role_menu` VALUES (6580, 1, 1006, '1', '2025-08-23 11:38:53', '1', '2025-08-23 11:38:53', b'0', 0);
INSERT INTO `system_role_menu` VALUES (6581, 1, 1007, '1', '2025-08-23 11:38:53', '1', '2025-08-23 11:38:53', b'0', 0);
INSERT INTO `system_role_menu` VALUES (6582, 1, 1263, '1', '2025-08-23 11:38:53', '1', '2025-08-23 11:38:53', b'0', 0);
INSERT INTO `system_role_menu` VALUES (6583, 1, 1008, '1', '2025-08-23 11:38:53', '1', '2025-08-23 11:38:53', b'0', 0);
INSERT INTO `system_role_menu` VALUES (6584, 1, 1264, '1', '2025-08-23 11:38:53', '1', '2025-08-23 11:38:53', b'0', 0);
INSERT INTO `system_role_menu` VALUES (6585, 1, 1009, '1', '2025-08-23 11:38:53', '1', '2025-08-23 11:38:53', b'0', 0);
INSERT INTO `system_role_menu` VALUES (6586, 1, 1265, '1', '2025-08-23 11:38:53', '1', '2025-08-23 11:38:53', b'0', 0);
INSERT INTO `system_role_menu` VALUES (6587, 1, 1010, '1', '2025-08-23 11:38:53', '1', '2025-08-23 11:38:53', b'0', 0);
INSERT INTO `system_role_menu` VALUES (6588, 1, 1266, '1', '2025-08-23 11:38:53', '1', '2025-08-23 11:38:53', b'0', 0);
INSERT INTO `system_role_menu` VALUES (6589, 1, 1011, '1', '2025-08-23 11:38:53', '1', '2025-08-23 11:38:53', b'0', 0);
INSERT INTO `system_role_menu` VALUES (6590, 1, 1267, '1', '2025-08-23 11:38:53', '1', '2025-08-23 11:38:53', b'0', 0);
INSERT INTO `system_role_menu` VALUES (6591, 1, 1012, '1', '2025-08-23 11:38:53', '1', '2025-08-23 11:38:53', b'0', 0);
INSERT INTO `system_role_menu` VALUES (6592, 1, 1013, '1', '2025-08-23 11:38:53', '1', '2025-08-23 11:38:53', b'0', 0);
INSERT INTO `system_role_menu` VALUES (6593, 1, 1014, '1', '2025-08-23 11:38:53', '1', '2025-08-23 11:38:53', b'0', 0);
INSERT INTO `system_role_menu` VALUES (6594, 1, 1015, '1', '2025-08-23 11:38:53', '1', '2025-08-23 11:38:53', b'0', 0);
INSERT INTO `system_role_menu` VALUES (6595, 1, 1016, '1', '2025-08-23 11:38:53', '1', '2025-08-23 11:38:53', b'0', 0);
INSERT INTO `system_role_menu` VALUES (6596, 1, 1017, '1', '2025-08-23 11:38:53', '1', '2025-08-23 11:38:53', b'0', 0);
INSERT INTO `system_role_menu` VALUES (6597, 1, 1018, '1', '2025-08-23 11:38:53', '1', '2025-08-23 11:38:53', b'0', 0);
INSERT INTO `system_role_menu` VALUES (6598, 1, 1019, '1', '2025-08-23 11:38:53', '1', '2025-08-23 11:38:53', b'0', 0);
INSERT INTO `system_role_menu` VALUES (6599, 1, 1020, '1', '2025-08-23 11:38:53', '1', '2025-08-23 11:38:53', b'0', 0);
INSERT INTO `system_role_menu` VALUES (6600, 1, 1021, '1', '2025-08-23 11:38:53', '1', '2025-08-23 11:38:53', b'0', 0);
INSERT INTO `system_role_menu` VALUES (6601, 1, 1022, '1', '2025-08-23 11:38:53', '1', '2025-08-23 11:38:53', b'0', 0);
INSERT INTO `system_role_menu` VALUES (6602, 1, 1023, '1', '2025-08-23 11:38:53', '1', '2025-08-23 11:38:53', b'0', 0);
INSERT INTO `system_role_menu` VALUES (6603, 1, 2, '1', '2025-08-23 11:39:13', '1', '2025-08-23 11:39:13', b'0', 0);
INSERT INTO `system_role_menu` VALUES (6604, 1, 1031, '1', '2025-08-23 11:39:13', '1', '2025-08-23 11:39:13', b'0', 0);
INSERT INTO `system_role_menu` VALUES (6605, 1, 1032, '1', '2025-08-23 11:39:13', '1', '2025-08-23 11:39:13', b'0', 0);
INSERT INTO `system_role_menu` VALUES (6606, 1, 1033, '1', '2025-08-23 11:39:13', '1', '2025-08-23 11:39:13', b'0', 0);
INSERT INTO `system_role_menu` VALUES (6607, 1, 1034, '1', '2025-08-23 11:39:13', '1', '2025-08-23 11:39:13', b'0', 0);
INSERT INTO `system_role_menu` VALUES (6608, 1, 1035, '1', '2025-08-23 11:39:13', '1', '2025-08-23 11:39:13', b'0', 0);
INSERT INTO `system_role_menu` VALUES (6609, 1, 1050, '1', '2025-08-23 11:39:13', '1', '2025-08-23 11:39:13', b'0', 0);
INSERT INTO `system_role_menu` VALUES (6610, 1, 1051, '1', '2025-08-23 11:39:13', '1', '2025-08-23 11:39:13', b'0', 0);
INSERT INTO `system_role_menu` VALUES (6611, 1, 1052, '1', '2025-08-23 11:39:13', '1', '2025-08-23 11:39:13', b'0', 0);
INSERT INTO `system_role_menu` VALUES (6612, 1, 1053, '1', '2025-08-23 11:39:13', '1', '2025-08-23 11:39:13', b'0', 0);
INSERT INTO `system_role_menu` VALUES (6613, 1, 1054, '1', '2025-08-23 11:39:13', '1', '2025-08-23 11:39:13', b'0', 0);
INSERT INTO `system_role_menu` VALUES (6614, 1, 1056, '1', '2025-08-23 11:39:13', '1', '2025-08-23 11:39:13', b'0', 0);
INSERT INTO `system_role_menu` VALUES (6615, 1, 1057, '1', '2025-08-23 11:39:13', '1', '2025-08-23 11:39:13', b'0', 0);
INSERT INTO `system_role_menu` VALUES (6616, 1, 1058, '1', '2025-08-23 11:39:13', '1', '2025-08-23 11:39:13', b'0', 0);
INSERT INTO `system_role_menu` VALUES (6617, 1, 1059, '1', '2025-08-23 11:39:13', '1', '2025-08-23 11:39:13', b'0', 0);
INSERT INTO `system_role_menu` VALUES (6618, 1, 1060, '1', '2025-08-23 11:39:13', '1', '2025-08-23 11:39:13', b'0', 0);
INSERT INTO `system_role_menu` VALUES (6619, 1, 1066, '1', '2025-08-23 11:39:13', '1', '2025-08-23 11:39:13', b'0', 0);
INSERT INTO `system_role_menu` VALUES (6620, 1, 1067, '1', '2025-08-23 11:39:13', '1', '2025-08-23 11:39:13', b'0', 0);
INSERT INTO `system_role_menu` VALUES (6621, 1, 1070, '1', '2025-08-23 11:39:13', '1', '2025-08-23 11:39:13', b'0', 0);
INSERT INTO `system_role_menu` VALUES (6622, 1, 1075, '1', '2025-08-23 11:39:13', '1', '2025-08-23 11:39:13', b'0', 0);
INSERT INTO `system_role_menu` VALUES (6623, 1, 1077, '1', '2025-08-23 11:39:13', '1', '2025-08-23 11:39:13', b'0', 0);
INSERT INTO `system_role_menu` VALUES (6624, 1, 1078, '1', '2025-08-23 11:39:13', '1', '2025-08-23 11:39:13', b'0', 0);
INSERT INTO `system_role_menu` VALUES (6625, 1, 1082, '1', '2025-08-23 11:39:13', '1', '2025-08-23 11:39:13', b'0', 0);
INSERT INTO `system_role_menu` VALUES (6626, 1, 1083, '1', '2025-08-23 11:39:13', '1', '2025-08-23 11:39:13', b'0', 0);
INSERT INTO `system_role_menu` VALUES (6627, 1, 1084, '1', '2025-08-23 11:39:13', '1', '2025-08-23 11:39:13', b'0', 0);
INSERT INTO `system_role_menu` VALUES (6628, 1, 1085, '1', '2025-08-23 11:39:13', '1', '2025-08-23 11:39:13', b'0', 0);
INSERT INTO `system_role_menu` VALUES (6629, 1, 1086, '1', '2025-08-23 11:39:13', '1', '2025-08-23 11:39:13', b'0', 0);
INSERT INTO `system_role_menu` VALUES (6630, 1, 1087, '1', '2025-08-23 11:39:13', '1', '2025-08-23 11:39:13', b'0', 0);
INSERT INTO `system_role_menu` VALUES (6631, 1, 1088, '1', '2025-08-23 11:39:13', '1', '2025-08-23 11:39:13', b'0', 0);
INSERT INTO `system_role_menu` VALUES (6632, 1, 1089, '1', '2025-08-23 11:39:13', '1', '2025-08-23 11:39:13', b'0', 0);
INSERT INTO `system_role_menu` VALUES (6633, 1, 1090, '1', '2025-08-23 11:39:13', '1', '2025-08-23 11:39:13', b'0', 0);
INSERT INTO `system_role_menu` VALUES (6634, 1, 1091, '1', '2025-08-23 11:39:13', '1', '2025-08-23 11:39:13', b'0', 0);
INSERT INTO `system_role_menu` VALUES (6635, 1, 1092, '1', '2025-08-23 11:39:13', '1', '2025-08-23 11:39:13', b'0', 0);
INSERT INTO `system_role_menu` VALUES (6636, 1, 106, '1', '2025-08-23 11:39:13', '1', '2025-08-23 11:39:13', b'0', 0);
INSERT INTO `system_role_menu` VALUES (6637, 1, 110, '1', '2025-08-23 11:39:13', '1', '2025-08-23 11:39:13', b'0', 0);
INSERT INTO `system_role_menu` VALUES (6638, 1, 2159, '1', '2025-08-23 11:39:13', '1', '2025-08-23 11:39:13', b'0', 0);
INSERT INTO `system_role_menu` VALUES (6639, 1, 111, '1', '2025-08-23 11:39:13', '1', '2025-08-23 11:39:13', b'0', 0);
INSERT INTO `system_role_menu` VALUES (6640, 1, 2160, '1', '2025-08-23 11:39:13', '1', '2025-08-23 11:39:13', b'0', 0);
INSERT INTO `system_role_menu` VALUES (6641, 1, 112, '1', '2025-08-23 11:39:13', '1', '2025-08-23 11:39:13', b'0', 0);
INSERT INTO `system_role_menu` VALUES (6642, 1, 113, '1', '2025-08-23 11:39:13', '1', '2025-08-23 11:39:13', b'0', 0);
INSERT INTO `system_role_menu` VALUES (6643, 1, 114, '1', '2025-08-23 11:39:13', '1', '2025-08-23 11:39:13', b'0', 0);
INSERT INTO `system_role_menu` VALUES (6644, 1, 115, '1', '2025-08-23 11:39:13', '1', '2025-08-23 11:39:13', b'0', 0);
INSERT INTO `system_role_menu` VALUES (6645, 1, 116, '1', '2025-08-23 11:39:13', '1', '2025-08-23 11:39:13', b'0', 0);
INSERT INTO `system_role_menu` VALUES (6646, 1, 2740, '1', '2025-08-23 11:39:13', '1', '2025-08-23 11:39:13', b'0', 0);
INSERT INTO `system_role_menu` VALUES (6647, 1, 1237, '1', '2025-08-23 11:39:13', '1', '2025-08-23 11:39:13', b'0', 0);
INSERT INTO `system_role_menu` VALUES (6648, 1, 1238, '1', '2025-08-23 11:39:13', '1', '2025-08-23 11:39:13', b'0', 0);
INSERT INTO `system_role_menu` VALUES (6649, 1, 1239, '1', '2025-08-23 11:39:13', '1', '2025-08-23 11:39:13', b'0', 0);
INSERT INTO `system_role_menu` VALUES (6650, 1, 1240, '1', '2025-08-23 11:39:13', '1', '2025-08-23 11:39:13', b'0', 0);
INSERT INTO `system_role_menu` VALUES (6651, 1, 1241, '1', '2025-08-23 11:39:13', '1', '2025-08-23 11:39:13', b'0', 0);
INSERT INTO `system_role_menu` VALUES (6652, 1, 1242, '1', '2025-08-23 11:39:13', '1', '2025-08-23 11:39:13', b'0', 0);
INSERT INTO `system_role_menu` VALUES (6653, 1, 1243, '1', '2025-08-23 11:39:13', '1', '2025-08-23 11:39:13', b'0', 0);
INSERT INTO `system_role_menu` VALUES (6654, 1, 1254, '1', '2025-08-23 11:39:13', '1', '2025-08-23 11:39:13', b'0', 0);
INSERT INTO `system_role_menu` VALUES (6655, 1, 1255, '1', '2025-08-23 11:39:13', '1', '2025-08-23 11:39:13', b'0', 0);
INSERT INTO `system_role_menu` VALUES (6656, 1, 1256, '1', '2025-08-23 11:39:13', '1', '2025-08-23 11:39:13', b'0', 0);
INSERT INTO `system_role_menu` VALUES (6657, 1, 1257, '1', '2025-08-23 11:39:13', '1', '2025-08-23 11:39:13', b'0', 0);
INSERT INTO `system_role_menu` VALUES (6658, 1, 1258, '1', '2025-08-23 11:39:13', '1', '2025-08-23 11:39:13', b'0', 0);
INSERT INTO `system_role_menu` VALUES (6659, 1, 1259, '1', '2025-08-23 11:39:13', '1', '2025-08-23 11:39:13', b'0', 0);
INSERT INTO `system_role_menu` VALUES (6660, 1, 1260, '1', '2025-08-23 11:39:13', '1', '2025-08-23 11:39:13', b'0', 0);
INSERT INTO `system_role_menu` VALUES (6661, 1, 2472, '1', '2025-08-23 11:39:13', '1', '2025-08-23 11:39:13', b'0', 0);
INSERT INTO `system_role_menu` VALUES (6662, 1, 2478, '1', '2025-08-23 11:39:13', '1', '2025-08-23 11:39:13', b'0', 0);
INSERT INTO `system_role_menu` VALUES (6663, 1, 2479, '1', '2025-08-23 11:39:13', '1', '2025-08-23 11:39:13', b'0', 0);
INSERT INTO `system_role_menu` VALUES (6664, 1, 2480, '1', '2025-08-23 11:39:13', '1', '2025-08-23 11:39:13', b'0', 0);
INSERT INTO `system_role_menu` VALUES (6665, 1, 2481, '1', '2025-08-23 11:39:13', '1', '2025-08-23 11:39:13', b'0', 0);
INSERT INTO `system_role_menu` VALUES (6666, 1, 2482, '1', '2025-08-23 11:39:13', '1', '2025-08-23 11:39:13', b'0', 0);
INSERT INTO `system_role_menu` VALUES (6667, 1, 2483, '1', '2025-08-23 11:39:13', '1', '2025-08-23 11:39:13', b'0', 0);
INSERT INTO `system_role_menu` VALUES (6668, 1, 2484, '1', '2025-08-23 11:39:13', '1', '2025-08-23 11:39:13', b'0', 0);
INSERT INTO `system_role_menu` VALUES (6669, 1, 2485, '1', '2025-08-23 11:39:13', '1', '2025-08-23 11:39:13', b'0', 0);
INSERT INTO `system_role_menu` VALUES (6670, 1, 2486, '1', '2025-08-23 11:39:13', '1', '2025-08-23 11:39:13', b'0', 0);
INSERT INTO `system_role_menu` VALUES (6671, 1, 2487, '1', '2025-08-23 11:39:13', '1', '2025-08-23 11:39:13', b'0', 0);
INSERT INTO `system_role_menu` VALUES (6672, 1, 2488, '1', '2025-08-23 11:39:13', '1', '2025-08-23 11:39:13', b'0', 0);
INSERT INTO `system_role_menu` VALUES (6673, 1, 2489, '1', '2025-08-23 11:39:13', '1', '2025-08-23 11:39:13', b'0', 0);
INSERT INTO `system_role_menu` VALUES (6674, 1, 2490, '1', '2025-08-23 11:39:13', '1', '2025-08-23 11:39:13', b'0', 0);
INSERT INTO `system_role_menu` VALUES (6675, 1, 2491, '1', '2025-08-23 11:39:13', '1', '2025-08-23 11:39:13', b'0', 0);
INSERT INTO `system_role_menu` VALUES (6676, 1, 2492, '1', '2025-08-23 11:39:13', '1', '2025-08-23 11:39:13', b'0', 0);
INSERT INTO `system_role_menu` VALUES (6677, 1, 2493, '1', '2025-08-23 11:39:13', '1', '2025-08-23 11:39:13', b'0', 0);
INSERT INTO `system_role_menu` VALUES (6678, 1, 2494, '1', '2025-08-23 11:39:13', '1', '2025-08-23 11:39:13', b'0', 0);
INSERT INTO `system_role_menu` VALUES (6679, 1, 2495, '1', '2025-08-23 11:39:13', '1', '2025-08-23 11:39:13', b'0', 0);
INSERT INTO `system_role_menu` VALUES (6680, 1, 2497, '1', '2025-08-23 11:39:13', '1', '2025-08-23 11:39:13', b'0', 0);
INSERT INTO `system_role_menu` VALUES (6681, 1, 2525, '1', '2025-08-23 11:39:13', '1', '2025-08-23 11:39:13', b'0', 0);
INSERT INTO `system_role_menu` VALUES (6682, 159, 1024, '1', '2025-08-23 12:55:07', '1', '2025-08-23 12:55:07', b'0', 0);
INSERT INTO `system_role_menu` VALUES (6683, 159, 1, '1', '2025-08-23 12:55:07', '1', '2025-08-23 12:55:07', b'0', 0);
INSERT INTO `system_role_menu` VALUES (6684, 159, 1025, '1', '2025-08-23 12:55:07', '1', '2025-08-23 12:55:07', b'0', 0);
INSERT INTO `system_role_menu` VALUES (6685, 159, 1026, '1', '2025-08-23 12:55:07', '1', '2025-08-23 12:55:07', b'0', 0);
INSERT INTO `system_role_menu` VALUES (6686, 159, 1027, '1', '2025-08-23 12:55:07', '1', '2025-08-23 12:55:07', b'0', 0);
INSERT INTO `system_role_menu` VALUES (6687, 159, 1028, '1', '2025-08-23 12:55:07', '1', '2025-08-23 12:55:07', b'0', 0);
INSERT INTO `system_role_menu` VALUES (6688, 159, 1029, '1', '2025-08-23 12:55:07', '1', '2025-08-23 12:55:07', b'0', 0);
INSERT INTO `system_role_menu` VALUES (6689, 159, 1030, '1', '2025-08-23 12:55:07', '1', '2025-08-23 12:55:07', b'0', 0);
INSERT INTO `system_role_menu` VALUES (6690, 159, 1036, '1', '2025-08-23 12:55:07', '1', '2025-08-23 12:55:07', b'0', 0);
INSERT INTO `system_role_menu` VALUES (6691, 159, 1037, '1', '2025-08-23 12:55:07', '1', '2025-08-23 12:55:07', b'0', 0);
INSERT INTO `system_role_menu` VALUES (6692, 159, 1038, '1', '2025-08-23 12:55:07', '1', '2025-08-23 12:55:07', b'0', 0);
INSERT INTO `system_role_menu` VALUES (6693, 159, 1039, '1', '2025-08-23 12:55:07', '1', '2025-08-23 12:55:07', b'0', 0);
INSERT INTO `system_role_menu` VALUES (6694, 159, 1040, '1', '2025-08-23 12:55:07', '1', '2025-08-23 12:55:07', b'0', 0);
INSERT INTO `system_role_menu` VALUES (6695, 159, 1042, '1', '2025-08-23 12:55:07', '1', '2025-08-23 12:55:07', b'0', 0);
INSERT INTO `system_role_menu` VALUES (6696, 159, 1043, '1', '2025-08-23 12:55:07', '1', '2025-08-23 12:55:07', b'0', 0);
INSERT INTO `system_role_menu` VALUES (6697, 159, 1045, '1', '2025-08-23 12:55:07', '1', '2025-08-23 12:55:07', b'0', 0);
INSERT INTO `system_role_menu` VALUES (6698, 159, 1046, '1', '2025-08-23 12:55:07', '1', '2025-08-23 12:55:07', b'0', 0);
INSERT INTO `system_role_menu` VALUES (6699, 159, 1048, '1', '2025-08-23 12:55:07', '1', '2025-08-23 12:55:07', b'0', 0);
INSERT INTO `system_role_menu` VALUES (6700, 159, 2083, '1', '2025-08-23 12:55:07', '1', '2025-08-23 12:55:07', b'0', 0);
INSERT INTO `system_role_menu` VALUES (6701, 159, 1063, '1', '2025-08-23 12:55:07', '1', '2025-08-23 12:55:07', b'0', 0);
INSERT INTO `system_role_menu` VALUES (6702, 159, 1064, '1', '2025-08-23 12:55:07', '1', '2025-08-23 12:55:07', b'0', 0);
INSERT INTO `system_role_menu` VALUES (6703, 159, 1065, '1', '2025-08-23 12:55:07', '1', '2025-08-23 12:55:07', b'0', 0);
INSERT INTO `system_role_menu` VALUES (6704, 159, 1093, '1', '2025-08-23 12:55:07', '1', '2025-08-23 12:55:07', b'0', 0);
INSERT INTO `system_role_menu` VALUES (6705, 159, 1094, '1', '2025-08-23 12:55:07', '1', '2025-08-23 12:55:07', b'0', 0);
INSERT INTO `system_role_menu` VALUES (6706, 159, 1095, '1', '2025-08-23 12:55:07', '1', '2025-08-23 12:55:07', b'0', 0);
INSERT INTO `system_role_menu` VALUES (6707, 159, 1096, '1', '2025-08-23 12:55:07', '1', '2025-08-23 12:55:07', b'0', 0);
INSERT INTO `system_role_menu` VALUES (6708, 159, 1097, '1', '2025-08-23 12:55:07', '1', '2025-08-23 12:55:07', b'0', 0);
INSERT INTO `system_role_menu` VALUES (6709, 159, 1098, '1', '2025-08-23 12:55:07', '1', '2025-08-23 12:55:07', b'0', 0);
INSERT INTO `system_role_menu` VALUES (6710, 159, 1100, '1', '2025-08-23 12:55:07', '1', '2025-08-23 12:55:07', b'0', 0);
INSERT INTO `system_role_menu` VALUES (6711, 159, 1101, '1', '2025-08-23 12:55:07', '1', '2025-08-23 12:55:07', b'0', 0);
INSERT INTO `system_role_menu` VALUES (6712, 159, 1102, '1', '2025-08-23 12:55:07', '1', '2025-08-23 12:55:07', b'0', 0);
INSERT INTO `system_role_menu` VALUES (6713, 159, 1103, '1', '2025-08-23 12:55:07', '1', '2025-08-23 12:55:07', b'0', 0);
INSERT INTO `system_role_menu` VALUES (6714, 159, 1104, '1', '2025-08-23 12:55:07', '1', '2025-08-23 12:55:07', b'0', 0);
INSERT INTO `system_role_menu` VALUES (6715, 159, 1105, '1', '2025-08-23 12:55:07', '1', '2025-08-23 12:55:07', b'0', 0);
INSERT INTO `system_role_menu` VALUES (6716, 159, 1106, '1', '2025-08-23 12:55:07', '1', '2025-08-23 12:55:07', b'0', 0);
INSERT INTO `system_role_menu` VALUES (6717, 159, 2130, '1', '2025-08-23 12:55:07', '1', '2025-08-23 12:55:07', b'0', 0);
INSERT INTO `system_role_menu` VALUES (6718, 159, 1107, '1', '2025-08-23 12:55:07', '1', '2025-08-23 12:55:07', b'0', 0);
INSERT INTO `system_role_menu` VALUES (6719, 159, 2131, '1', '2025-08-23 12:55:07', '1', '2025-08-23 12:55:07', b'0', 0);
INSERT INTO `system_role_menu` VALUES (6720, 159, 1108, '1', '2025-08-23 12:55:07', '1', '2025-08-23 12:55:07', b'0', 0);
INSERT INTO `system_role_menu` VALUES (6721, 159, 2132, '1', '2025-08-23 12:55:07', '1', '2025-08-23 12:55:07', b'0', 0);
INSERT INTO `system_role_menu` VALUES (6722, 159, 1109, '1', '2025-08-23 12:55:07', '1', '2025-08-23 12:55:07', b'0', 0);
INSERT INTO `system_role_menu` VALUES (6723, 159, 2133, '1', '2025-08-23 12:55:07', '1', '2025-08-23 12:55:07', b'0', 0);
INSERT INTO `system_role_menu` VALUES (6724, 159, 2134, '1', '2025-08-23 12:55:07', '1', '2025-08-23 12:55:07', b'0', 0);
INSERT INTO `system_role_menu` VALUES (6725, 159, 2135, '1', '2025-08-23 12:55:07', '1', '2025-08-23 12:55:07', b'0', 0);
INSERT INTO `system_role_menu` VALUES (6726, 159, 2136, '1', '2025-08-23 12:55:07', '1', '2025-08-23 12:55:07', b'0', 0);
INSERT INTO `system_role_menu` VALUES (6727, 159, 2137, '1', '2025-08-23 12:55:07', '1', '2025-08-23 12:55:07', b'0', 0);
INSERT INTO `system_role_menu` VALUES (6728, 159, 2138, '1', '2025-08-23 12:55:07', '1', '2025-08-23 12:55:07', b'0', 0);
INSERT INTO `system_role_menu` VALUES (6729, 159, 2139, '1', '2025-08-23 12:55:07', '1', '2025-08-23 12:55:07', b'0', 0);
INSERT INTO `system_role_menu` VALUES (6730, 159, 2140, '1', '2025-08-23 12:55:07', '1', '2025-08-23 12:55:07', b'0', 0);
INSERT INTO `system_role_menu` VALUES (6731, 159, 2141, '1', '2025-08-23 12:55:07', '1', '2025-08-23 12:55:07', b'0', 0);
INSERT INTO `system_role_menu` VALUES (6732, 159, 2142, '1', '2025-08-23 12:55:07', '1', '2025-08-23 12:55:07', b'0', 0);
INSERT INTO `system_role_menu` VALUES (6733, 159, 2143, '1', '2025-08-23 12:55:07', '1', '2025-08-23 12:55:07', b'0', 0);
INSERT INTO `system_role_menu` VALUES (6734, 159, 2144, '1', '2025-08-23 12:55:07', '1', '2025-08-23 12:55:07', b'0', 0);
INSERT INTO `system_role_menu` VALUES (6735, 159, 2145, '1', '2025-08-23 12:55:07', '1', '2025-08-23 12:55:07', b'0', 0);
INSERT INTO `system_role_menu` VALUES (6736, 159, 2146, '1', '2025-08-23 12:55:07', '1', '2025-08-23 12:55:07', b'0', 0);
INSERT INTO `system_role_menu` VALUES (6737, 159, 2147, '1', '2025-08-23 12:55:07', '1', '2025-08-23 12:55:07', b'0', 0);
INSERT INTO `system_role_menu` VALUES (6738, 159, 100, '1', '2025-08-23 12:55:07', '1', '2025-08-23 12:55:07', b'0', 0);
INSERT INTO `system_role_menu` VALUES (6739, 159, 2148, '1', '2025-08-23 12:55:07', '1', '2025-08-23 12:55:07', b'0', 0);
INSERT INTO `system_role_menu` VALUES (6740, 159, 101, '1', '2025-08-23 12:55:07', '1', '2025-08-23 12:55:07', b'0', 0);
INSERT INTO `system_role_menu` VALUES (6741, 159, 2149, '1', '2025-08-23 12:55:07', '1', '2025-08-23 12:55:07', b'0', 0);
INSERT INTO `system_role_menu` VALUES (6742, 159, 102, '1', '2025-08-23 12:55:07', '1', '2025-08-23 12:55:07', b'0', 0);
INSERT INTO `system_role_menu` VALUES (6743, 159, 2150, '1', '2025-08-23 12:55:07', '1', '2025-08-23 12:55:07', b'0', 0);
INSERT INTO `system_role_menu` VALUES (6744, 159, 103, '1', '2025-08-23 12:55:07', '1', '2025-08-23 12:55:07', b'0', 0);
INSERT INTO `system_role_menu` VALUES (6745, 159, 2151, '1', '2025-08-23 12:55:07', '1', '2025-08-23 12:55:07', b'0', 0);
INSERT INTO `system_role_menu` VALUES (6746, 159, 104, '1', '2025-08-23 12:55:07', '1', '2025-08-23 12:55:07', b'0', 0);
INSERT INTO `system_role_menu` VALUES (6747, 159, 2152, '1', '2025-08-23 12:55:07', '1', '2025-08-23 12:55:07', b'0', 0);
INSERT INTO `system_role_menu` VALUES (6748, 159, 105, '1', '2025-08-23 12:55:07', '1', '2025-08-23 12:55:07', b'0', 0);
INSERT INTO `system_role_menu` VALUES (6749, 159, 107, '1', '2025-08-23 12:55:07', '1', '2025-08-23 12:55:07', b'0', 0);
INSERT INTO `system_role_menu` VALUES (6750, 159, 108, '1', '2025-08-23 12:55:07', '1', '2025-08-23 12:55:07', b'0', 0);
INSERT INTO `system_role_menu` VALUES (6751, 159, 109, '1', '2025-08-23 12:55:07', '1', '2025-08-23 12:55:07', b'0', 0);
INSERT INTO `system_role_menu` VALUES (6752, 159, 1138, '1', '2025-08-23 12:55:07', '1', '2025-08-23 12:55:07', b'0', 0);
INSERT INTO `system_role_menu` VALUES (6753, 159, 1139, '1', '2025-08-23 12:55:07', '1', '2025-08-23 12:55:07', b'0', 0);
INSERT INTO `system_role_menu` VALUES (6754, 159, 1140, '1', '2025-08-23 12:55:07', '1', '2025-08-23 12:55:07', b'0', 0);
INSERT INTO `system_role_menu` VALUES (6755, 159, 1141, '1', '2025-08-23 12:55:07', '1', '2025-08-23 12:55:07', b'0', 0);
INSERT INTO `system_role_menu` VALUES (6756, 159, 1142, '1', '2025-08-23 12:55:07', '1', '2025-08-23 12:55:07', b'0', 0);
INSERT INTO `system_role_menu` VALUES (6757, 159, 1143, '1', '2025-08-23 12:55:07', '1', '2025-08-23 12:55:07', b'0', 0);
INSERT INTO `system_role_menu` VALUES (6758, 159, 2447, '1', '2025-08-23 12:55:07', '1', '2025-08-23 12:55:07', b'0', 0);
INSERT INTO `system_role_menu` VALUES (6759, 159, 2448, '1', '2025-08-23 12:55:07', '1', '2025-08-23 12:55:07', b'0', 0);
INSERT INTO `system_role_menu` VALUES (6760, 159, 2449, '1', '2025-08-23 12:55:07', '1', '2025-08-23 12:55:07', b'0', 0);
INSERT INTO `system_role_menu` VALUES (6761, 159, 5010, '1', '2025-08-23 12:55:07', '1', '2025-08-23 12:55:07', b'0', 0);
INSERT INTO `system_role_menu` VALUES (6762, 159, 2450, '1', '2025-08-23 12:55:07', '1', '2025-08-23 12:55:07', b'0', 0);
INSERT INTO `system_role_menu` VALUES (6763, 159, 2451, '1', '2025-08-23 12:55:07', '1', '2025-08-23 12:55:07', b'0', 0);
INSERT INTO `system_role_menu` VALUES (6764, 159, 2452, '1', '2025-08-23 12:55:07', '1', '2025-08-23 12:55:07', b'0', 0);
INSERT INTO `system_role_menu` VALUES (6765, 159, 2453, '1', '2025-08-23 12:55:07', '1', '2025-08-23 12:55:07', b'0', 0);
INSERT INTO `system_role_menu` VALUES (6766, 159, 2739, '1', '2025-08-23 12:55:07', '1', '2025-08-23 12:55:07', b'0', 0);
INSERT INTO `system_role_menu` VALUES (6767, 159, 1224, '1', '2025-08-23 12:55:07', '1', '2025-08-23 12:55:07', b'0', 0);
INSERT INTO `system_role_menu` VALUES (6768, 159, 1225, '1', '2025-08-23 12:55:07', '1', '2025-08-23 12:55:07', b'0', 0);
INSERT INTO `system_role_menu` VALUES (6769, 159, 1226, '1', '2025-08-23 12:55:07', '1', '2025-08-23 12:55:07', b'0', 0);
INSERT INTO `system_role_menu` VALUES (6770, 159, 1227, '1', '2025-08-23 12:55:07', '1', '2025-08-23 12:55:07', b'0', 0);
INSERT INTO `system_role_menu` VALUES (6771, 159, 1228, '1', '2025-08-23 12:55:07', '1', '2025-08-23 12:55:07', b'0', 0);
INSERT INTO `system_role_menu` VALUES (6772, 159, 1229, '1', '2025-08-23 12:55:07', '1', '2025-08-23 12:55:07', b'0', 0);
INSERT INTO `system_role_menu` VALUES (6773, 159, 1001, '1', '2025-08-23 12:55:07', '1', '2025-08-23 12:55:07', b'0', 0);
INSERT INTO `system_role_menu` VALUES (6774, 159, 1002, '1', '2025-08-23 12:55:07', '1', '2025-08-23 12:55:07', b'0', 0);
INSERT INTO `system_role_menu` VALUES (6775, 159, 1003, '1', '2025-08-23 12:55:07', '1', '2025-08-23 12:55:07', b'0', 0);
INSERT INTO `system_role_menu` VALUES (6776, 159, 1004, '1', '2025-08-23 12:55:07', '1', '2025-08-23 12:55:07', b'0', 0);
INSERT INTO `system_role_menu` VALUES (6777, 159, 1005, '1', '2025-08-23 12:55:07', '1', '2025-08-23 12:55:07', b'0', 0);
INSERT INTO `system_role_menu` VALUES (6778, 159, 1261, '1', '2025-08-23 12:55:07', '1', '2025-08-23 12:55:07', b'0', 0);
INSERT INTO `system_role_menu` VALUES (6779, 159, 1006, '1', '2025-08-23 12:55:07', '1', '2025-08-23 12:55:07', b'0', 0);
INSERT INTO `system_role_menu` VALUES (6780, 159, 1007, '1', '2025-08-23 12:55:07', '1', '2025-08-23 12:55:07', b'0', 0);
INSERT INTO `system_role_menu` VALUES (6781, 159, 1263, '1', '2025-08-23 12:55:07', '1', '2025-08-23 12:55:07', b'0', 0);
INSERT INTO `system_role_menu` VALUES (6782, 159, 1008, '1', '2025-08-23 12:55:07', '1', '2025-08-23 12:55:07', b'0', 0);
INSERT INTO `system_role_menu` VALUES (6783, 159, 1264, '1', '2025-08-23 12:55:07', '1', '2025-08-23 12:55:07', b'0', 0);
INSERT INTO `system_role_menu` VALUES (6784, 159, 1009, '1', '2025-08-23 12:55:07', '1', '2025-08-23 12:55:07', b'0', 0);
INSERT INTO `system_role_menu` VALUES (6785, 159, 1265, '1', '2025-08-23 12:55:07', '1', '2025-08-23 12:55:07', b'0', 0);
INSERT INTO `system_role_menu` VALUES (6786, 159, 1010, '1', '2025-08-23 12:55:07', '1', '2025-08-23 12:55:07', b'0', 0);
INSERT INTO `system_role_menu` VALUES (6787, 159, 1266, '1', '2025-08-23 12:55:07', '1', '2025-08-23 12:55:07', b'0', 0);
INSERT INTO `system_role_menu` VALUES (6788, 159, 1011, '1', '2025-08-23 12:55:07', '1', '2025-08-23 12:55:07', b'0', 0);
INSERT INTO `system_role_menu` VALUES (6789, 159, 1267, '1', '2025-08-23 12:55:07', '1', '2025-08-23 12:55:07', b'0', 0);
INSERT INTO `system_role_menu` VALUES (6790, 159, 1012, '1', '2025-08-23 12:55:07', '1', '2025-08-23 12:55:07', b'0', 0);
INSERT INTO `system_role_menu` VALUES (6791, 159, 500, '1', '2025-08-23 12:55:07', '1', '2025-08-23 12:55:07', b'0', 0);
INSERT INTO `system_role_menu` VALUES (6792, 159, 1013, '1', '2025-08-23 12:55:07', '1', '2025-08-23 12:55:07', b'0', 0);
INSERT INTO `system_role_menu` VALUES (6793, 159, 501, '1', '2025-08-23 12:55:07', '1', '2025-08-23 12:55:07', b'0', 0);
INSERT INTO `system_role_menu` VALUES (6794, 159, 1014, '1', '2025-08-23 12:55:07', '1', '2025-08-23 12:55:07', b'0', 0);
INSERT INTO `system_role_menu` VALUES (6795, 159, 1015, '1', '2025-08-23 12:55:07', '1', '2025-08-23 12:55:07', b'0', 0);
INSERT INTO `system_role_menu` VALUES (6796, 159, 1016, '1', '2025-08-23 12:55:07', '1', '2025-08-23 12:55:07', b'0', 0);
INSERT INTO `system_role_menu` VALUES (6797, 159, 1017, '1', '2025-08-23 12:55:07', '1', '2025-08-23 12:55:07', b'0', 0);
INSERT INTO `system_role_menu` VALUES (6798, 159, 1018, '1', '2025-08-23 12:55:07', '1', '2025-08-23 12:55:07', b'0', 0);
INSERT INTO `system_role_menu` VALUES (6799, 159, 1019, '1', '2025-08-23 12:55:07', '1', '2025-08-23 12:55:07', b'0', 0);
INSERT INTO `system_role_menu` VALUES (6800, 159, 1020, '1', '2025-08-23 12:55:07', '1', '2025-08-23 12:55:07', b'0', 0);
INSERT INTO `system_role_menu` VALUES (6801, 159, 1021, '1', '2025-08-23 12:55:07', '1', '2025-08-23 12:55:07', b'0', 0);
INSERT INTO `system_role_menu` VALUES (6802, 159, 1022, '1', '2025-08-23 12:55:07', '1', '2025-08-23 12:55:07', b'0', 0);
INSERT INTO `system_role_menu` VALUES (6803, 159, 1023, '1', '2025-08-23 12:55:07', '1', '2025-08-23 12:55:07', b'0', 0);

-- ----------------------------
-- Table structure for system_sms_channel
-- ----------------------------
DROP TABLE IF EXISTS `system_sms_channel`;
CREATE TABLE `system_sms_channel`  (
  `id` bigint NOT NULL AUTO_INCREMENT COMMENT '编号',
  `signature` varchar(12) CHARACTER SET utf8mb4 COLLATE utf8mb4_unicode_ci NOT NULL COMMENT '短信签名',
  `code` varchar(63) CHARACTER SET utf8mb4 COLLATE utf8mb4_unicode_ci NOT NULL COMMENT '渠道编码',
  `status` tinyint NOT NULL COMMENT '开启状态',
  `remark` varchar(255) CHARACTER SET utf8mb4 COLLATE utf8mb4_unicode_ci NULL DEFAULT NULL COMMENT '备注',
  `api_key` varchar(128) CHARACTER SET utf8mb4 COLLATE utf8mb4_unicode_ci NOT NULL COMMENT '短信 API 的账号',
  `api_secret` varchar(128) CHARACTER SET utf8mb4 COLLATE utf8mb4_unicode_ci NULL DEFAULT NULL COMMENT '短信 API 的秘钥',
  `callback_url` varchar(255) CHARACTER SET utf8mb4 COLLATE utf8mb4_unicode_ci NULL DEFAULT NULL COMMENT '短信发送回调 URL',
  `creator` varchar(64) CHARACTER SET utf8mb4 COLLATE utf8mb4_unicode_ci NULL DEFAULT '' COMMENT '创建者',
  `create_time` datetime NOT NULL DEFAULT CURRENT_TIMESTAMP COMMENT '创建时间',
  `updater` varchar(64) CHARACTER SET utf8mb4 COLLATE utf8mb4_unicode_ci NULL DEFAULT '' COMMENT '更新者',
  `update_time` datetime NOT NULL DEFAULT CURRENT_TIMESTAMP ON UPDATE CURRENT_TIMESTAMP COMMENT '更新时间',
  `deleted` bit(1) NOT NULL DEFAULT b'0' COMMENT '是否删除',
  PRIMARY KEY (`id`) USING BTREE
) ENGINE = InnoDB AUTO_INCREMENT = 8 CHARACTER SET = utf8mb4 COLLATE = utf8mb4_unicode_ci COMMENT = '短信渠道' ROW_FORMAT = Dynamic;

-- ----------------------------
-- Records of system_sms_channel
-- ----------------------------
INSERT INTO `system_sms_channel` VALUES (2, 'Ballcat', 'ALIYUN', 0, '你要改哦，只有我可以用！！！！', 'LTAI5tCnKso2uG3kJ5gRav88', 'fGJ5SNXL7P1NHNRmJ7DJaMJGPyE55C', NULL, '', '2021-03-31 11:53:10', '1', '2024-08-04 08:53:26', b'0');
INSERT INTO `system_sms_channel` VALUES (4, '测试渠道', 'DEBUG_DING_TALK', 0, '123', '696b5d8ead48071237e4aa5861ff08dbadb2b4ded1c688a7b7c9afc615579859', 'SEC5c4e5ff888bc8a9923ae47f59e7ccd30af1f14d93c55b4e2c9cb094e35aeed67', NULL, '1', '2021-04-13 00:23:14', '1', '2022-03-27 20:29:49', b'0');
INSERT INTO `system_sms_channel` VALUES (7, 'mock腾讯云', 'TENCENT', 0, '', '1 2', '2 3', '', '1', '2024-09-30 08:53:45', '1', '2024-09-30 08:55:01', b'0');

-- ----------------------------
-- Table structure for system_sms_code
-- ----------------------------
DROP TABLE IF EXISTS `system_sms_code`;
CREATE TABLE `system_sms_code`  (
  `id` bigint NOT NULL AUTO_INCREMENT COMMENT '编号',
  `mobile` varchar(11) CHARACTER SET utf8mb4 COLLATE utf8mb4_unicode_ci NOT NULL COMMENT '手机号',
  `code` varchar(6) CHARACTER SET utf8mb4 COLLATE utf8mb4_unicode_ci NOT NULL COMMENT '验证码',
  `create_ip` varchar(15) CHARACTER SET utf8mb4 COLLATE utf8mb4_unicode_ci NOT NULL COMMENT '创建 IP',
  `scene` tinyint NOT NULL COMMENT '发送场景',
  `today_index` tinyint NOT NULL COMMENT '今日发送的第几条',
  `used` tinyint NOT NULL COMMENT '是否使用',
  `used_time` datetime NULL DEFAULT NULL COMMENT '使用时间',
  `used_ip` varchar(255) CHARACTER SET utf8mb4 COLLATE utf8mb4_unicode_ci NULL DEFAULT NULL COMMENT '使用 IP',
  `creator` varchar(64) CHARACTER SET utf8mb4 COLLATE utf8mb4_unicode_ci NULL DEFAULT '' COMMENT '创建者',
  `create_time` datetime NOT NULL DEFAULT CURRENT_TIMESTAMP COMMENT '创建时间',
  `updater` varchar(64) CHARACTER SET utf8mb4 COLLATE utf8mb4_unicode_ci NULL DEFAULT '' COMMENT '更新者',
  `update_time` datetime NOT NULL DEFAULT CURRENT_TIMESTAMP ON UPDATE CURRENT_TIMESTAMP COMMENT '更新时间',
  `deleted` bit(1) NOT NULL DEFAULT b'0' COMMENT '是否删除',
  `tenant_id` bigint NOT NULL DEFAULT 0 COMMENT '租户编号',
  PRIMARY KEY (`id`) USING BTREE,
  INDEX `idx_mobile`(`mobile`) USING BTREE COMMENT '手机号'
) ENGINE = InnoDB AUTO_INCREMENT = 666 CHARACTER SET = utf8mb4 COLLATE = utf8mb4_unicode_ci COMMENT = '手机验证码' ROW_FORMAT = Dynamic;

-- ----------------------------
-- Records of system_sms_code
-- ----------------------------

-- ----------------------------
-- Table structure for system_sms_log
-- ----------------------------
DROP TABLE IF EXISTS `system_sms_log`;
CREATE TABLE `system_sms_log`  (
  `id` bigint NOT NULL AUTO_INCREMENT COMMENT '编号',
  `channel_id` bigint NOT NULL COMMENT '短信渠道编号',
  `channel_code` varchar(63) CHARACTER SET utf8mb4 COLLATE utf8mb4_unicode_ci NOT NULL COMMENT '短信渠道编码',
  `template_id` bigint NOT NULL COMMENT '模板编号',
  `template_code` varchar(63) CHARACTER SET utf8mb4 COLLATE utf8mb4_unicode_ci NOT NULL COMMENT '模板编码',
  `template_type` tinyint NOT NULL COMMENT '短信类型',
  `template_content` varchar(255) CHARACTER SET utf8mb4 COLLATE utf8mb4_unicode_ci NOT NULL COMMENT '短信内容',
  `template_params` varchar(255) CHARACTER SET utf8mb4 COLLATE utf8mb4_unicode_ci NOT NULL COMMENT '短信参数',
  `api_template_id` varchar(63) CHARACTER SET utf8mb4 COLLATE utf8mb4_unicode_ci NOT NULL COMMENT '短信 API 的模板编号',
  `mobile` varchar(11) CHARACTER SET utf8mb4 COLLATE utf8mb4_unicode_ci NOT NULL COMMENT '手机号',
  `user_id` bigint NULL DEFAULT NULL COMMENT '用户编号',
  `user_type` tinyint NULL DEFAULT NULL COMMENT '用户类型',
  `send_status` tinyint NOT NULL DEFAULT 0 COMMENT '发送状态',
  `send_time` datetime NULL DEFAULT NULL COMMENT '发送时间',
  `api_send_code` varchar(63) CHARACTER SET utf8mb4 COLLATE utf8mb4_unicode_ci NULL DEFAULT NULL COMMENT '短信 API 发送结果的编码',
  `api_send_msg` varchar(255) CHARACTER SET utf8mb4 COLLATE utf8mb4_unicode_ci NULL DEFAULT NULL COMMENT '短信 API 发送失败的提示',
  `api_request_id` varchar(255) CHARACTER SET utf8mb4 COLLATE utf8mb4_unicode_ci NULL DEFAULT NULL COMMENT '短信 API 发送返回的唯一请求 ID',
  `api_serial_no` varchar(255) CHARACTER SET utf8mb4 COLLATE utf8mb4_unicode_ci NULL DEFAULT NULL COMMENT '短信 API 发送返回的序号',
  `receive_status` tinyint NOT NULL DEFAULT 0 COMMENT '接收状态',
  `receive_time` datetime NULL DEFAULT NULL COMMENT '接收时间',
  `api_receive_code` varchar(63) CHARACTER SET utf8mb4 COLLATE utf8mb4_unicode_ci NULL DEFAULT NULL COMMENT 'API 接收结果的编码',
  `api_receive_msg` varchar(255) CHARACTER SET utf8mb4 COLLATE utf8mb4_unicode_ci NULL DEFAULT NULL COMMENT 'API 接收结果的说明',
  `creator` varchar(64) CHARACTER SET utf8mb4 COLLATE utf8mb4_unicode_ci NULL DEFAULT '' COMMENT '创建者',
  `create_time` datetime NOT NULL DEFAULT CURRENT_TIMESTAMP COMMENT '创建时间',
  `updater` varchar(64) CHARACTER SET utf8mb4 COLLATE utf8mb4_unicode_ci NULL DEFAULT '' COMMENT '更新者',
  `update_time` datetime NOT NULL DEFAULT CURRENT_TIMESTAMP ON UPDATE CURRENT_TIMESTAMP COMMENT '更新时间',
  `deleted` bit(1) NOT NULL DEFAULT b'0' COMMENT '是否删除',
  PRIMARY KEY (`id`) USING BTREE
) ENGINE = InnoDB AUTO_INCREMENT = 1290 CHARACTER SET = utf8mb4 COLLATE = utf8mb4_unicode_ci COMMENT = '短信日志' ROW_FORMAT = Dynamic;

-- ----------------------------
-- Records of system_sms_log
-- ----------------------------

-- ----------------------------
-- Table structure for system_sms_template
-- ----------------------------
DROP TABLE IF EXISTS `system_sms_template`;
CREATE TABLE `system_sms_template`  (
  `id` bigint NOT NULL AUTO_INCREMENT COMMENT '编号',
  `type` tinyint NOT NULL COMMENT '模板类型',
  `status` tinyint NOT NULL COMMENT '开启状态',
  `code` varchar(63) CHARACTER SET utf8mb4 COLLATE utf8mb4_unicode_ci NOT NULL COMMENT '模板编码',
  `name` varchar(63) CHARACTER SET utf8mb4 COLLATE utf8mb4_unicode_ci NOT NULL COMMENT '模板名称',
  `content` varchar(255) CHARACTER SET utf8mb4 COLLATE utf8mb4_unicode_ci NOT NULL COMMENT '模板内容',
  `params` varchar(255) CHARACTER SET utf8mb4 COLLATE utf8mb4_unicode_ci NOT NULL COMMENT '参数数组',
  `remark` varchar(255) CHARACTER SET utf8mb4 COLLATE utf8mb4_unicode_ci NULL DEFAULT NULL COMMENT '备注',
  `api_template_id` varchar(63) CHARACTER SET utf8mb4 COLLATE utf8mb4_unicode_ci NOT NULL COMMENT '短信 API 的模板编号',
  `channel_id` bigint NOT NULL COMMENT '短信渠道编号',
  `channel_code` varchar(63) CHARACTER SET utf8mb4 COLLATE utf8mb4_unicode_ci NOT NULL COMMENT '短信渠道编码',
  `creator` varchar(64) CHARACTER SET utf8mb4 COLLATE utf8mb4_unicode_ci NULL DEFAULT '' COMMENT '创建者',
  `create_time` datetime NOT NULL DEFAULT CURRENT_TIMESTAMP COMMENT '创建时间',
  `updater` varchar(64) CHARACTER SET utf8mb4 COLLATE utf8mb4_unicode_ci NULL DEFAULT '' COMMENT '更新者',
  `update_time` datetime NOT NULL DEFAULT CURRENT_TIMESTAMP ON UPDATE CURRENT_TIMESTAMP COMMENT '更新时间',
  `deleted` bit(1) NOT NULL DEFAULT b'0' COMMENT '是否删除',
  PRIMARY KEY (`id`) USING BTREE
) ENGINE = InnoDB AUTO_INCREMENT = 20 CHARACTER SET = utf8mb4 COLLATE = utf8mb4_unicode_ci COMMENT = '短信模板' ROW_FORMAT = Dynamic;

-- ----------------------------
-- Records of system_sms_template
-- ----------------------------
INSERT INTO `system_sms_template` VALUES (2, 1, 0, 'test_01', '测试验证码短信', '正在进行登录操作{operation}，您的验证码是{code}', '[\"operation\",\"code\"]', '测试备注', '4383920', 4, 'DEBUG_DING_TALK', '', '2021-03-31 10:49:38', '1', '2024-08-18 11:57:18', b'0');
INSERT INTO `system_sms_template` VALUES (3, 1, 0, 'test_02', '公告通知', '您的验证码{code}，该验证码5分钟内有效，请勿泄漏于他人！', '[\"code\"]', NULL, 'SMS_207945135', 2, 'ALIYUN', '', '2021-03-31 11:56:30', '1', '2021-04-10 01:22:02', b'0');
INSERT INTO `system_sms_template` VALUES (6, 3, 0, 'test-01', '测试模板', '哈哈哈 {name}', '[\"name\"]', 'f哈哈哈', '4383920', 4, 'DEBUG_DING_TALK', '1', '2021-04-10 01:07:21', '1', '2024-08-18 11:57:07', b'0');
INSERT INTO `system_sms_template` VALUES (7, 3, 0, 'test-04', '测试下', '老鸡{name}，牛逼{code}', '[\"name\",\"code\"]', '哈哈哈哈', 'suibian', 7, 'DEBUG_DING_TALK', '1', '2021-04-13 00:29:53', '1', '2024-09-30 00:56:24', b'0');
INSERT INTO `system_sms_template` VALUES (8, 1, 0, 'user-sms-login', '前台用户短信登录', '您的验证码是{code}', '[\"code\"]', NULL, '4372216', 4, 'DEBUG_DING_TALK', '1', '2021-10-11 08:10:00', '1', '2024-08-18 11:57:06', b'0');
INSERT INTO `system_sms_template` VALUES (9, 2, 0, 'bpm_task_assigned', '【工作流】任务被分配', '您收到了一条新的待办任务：{processInstanceName}-{taskName}，申请人：{startUserNickname}，处理链接：{detailUrl}', '[\"processInstanceName\",\"taskName\",\"startUserNickname\",\"detailUrl\"]', NULL, 'suibian', 4, 'DEBUG_DING_TALK', '1', '2022-01-21 22:31:19', '1', '2022-01-22 00:03:36', b'0');
INSERT INTO `system_sms_template` VALUES (10, 2, 0, 'bpm_process_instance_reject', '【工作流】流程被不通过', '您的流程被审批不通过：{processInstanceName}，原因：{reason}，查看链接：{detailUrl}', '[\"processInstanceName\",\"reason\",\"detailUrl\"]', NULL, 'suibian', 4, 'DEBUG_DING_TALK', '1', '2022-01-22 00:03:31', '1', '2022-05-01 12:33:14', b'0');
INSERT INTO `system_sms_template` VALUES (11, 2, 0, 'bpm_process_instance_approve', '【工作流】流程被通过', '您的流程被审批通过：{processInstanceName}，查看链接：{detailUrl}', '[\"processInstanceName\",\"detailUrl\"]', NULL, 'suibian', 4, 'DEBUG_DING_TALK', '1', '2022-01-22 00:04:31', '1', '2022-03-27 20:32:21', b'0');
INSERT INTO `system_sms_template` VALUES (12, 2, 0, 'demo', '演示模板', '我就是测试一下下', '[]', NULL, 'biubiubiu', 4, 'DEBUG_DING_TALK', '1', '2022-04-10 23:22:49', '1', '2024-08-18 11:57:04', b'0');
INSERT INTO `system_sms_template` VALUES (14, 1, 0, 'user-update-mobile', '会员用户 - 修改手机', '您的验证码{code}，该验证码 5 分钟内有效，请勿泄漏于他人！', '[\"code\"]', '', 'null', 4, 'DEBUG_DING_TALK', '1', '2023-08-19 18:58:01', '1', '2023-08-19 11:34:04', b'0');
INSERT INTO `system_sms_template` VALUES (15, 1, 0, 'user-update-password', '会员用户 - 修改密码', '您的验证码{code}，该验证码 5 分钟内有效，请勿泄漏于他人！', '[\"code\"]', '', 'null', 4, 'DEBUG_DING_TALK', '1', '2023-08-19 18:58:01', '1', '2023-08-19 11:34:18', b'0');
INSERT INTO `system_sms_template` VALUES (16, 1, 0, 'user-reset-password', '会员用户 - 重置密码', '您的验证码{code}，该验证码 5 分钟内有效，请勿泄漏于他人！', '[\"code\"]', '', 'null', 4, 'DEBUG_DING_TALK', '1', '2023-08-19 18:58:01', '1', '2023-12-02 22:35:27', b'0');
INSERT INTO `system_sms_template` VALUES (17, 2, 0, 'bpm_task_timeout', '【工作流】任务审批超时', '您收到了一条超时的待办任务：{processInstanceName}-{taskName}，处理链接：{detailUrl}', '[\"processInstanceName\",\"taskName\",\"detailUrl\"]', '', 'X', 4, 'DEBUG_DING_TALK', '1', '2024-08-16 21:59:15', '1', '2024-08-16 21:59:34', b'0');
INSERT INTO `system_sms_template` VALUES (18, 1, 0, 'admin-reset-password', '后台用户 - 忘记密码', '您的验证码{code}，该验证码 5 分钟内有效，请勿泄漏于他人！', '[\"code\"]', '', 'null', 4, 'DEBUG_DING_TALK', '1', '2025-03-16 14:19:34', '1', '2025-03-16 14:19:45', b'0');
INSERT INTO `system_sms_template` VALUES (19, 1, 0, 'admin-sms-login', '后台用户短信登录', '您的验证码是{code}', '[\"code\"]', '', '4372216', 4, 'DEBUG_DING_TALK', '1', '2025-04-08 09:36:03', '1', '2025-04-08 09:36:17', b'0');

-- ----------------------------
-- Table structure for system_social_client
-- ----------------------------
DROP TABLE IF EXISTS `system_social_client`;
CREATE TABLE `system_social_client`  (
  `id` bigint NOT NULL AUTO_INCREMENT COMMENT '编号',
  `name` varchar(255) CHARACTER SET utf8mb4 COLLATE utf8mb4_unicode_ci NOT NULL COMMENT '应用名',
  `social_type` tinyint NOT NULL COMMENT '社交平台的类型',
  `user_type` tinyint NOT NULL COMMENT '用户类型',
  `client_id` varchar(255) CHARACTER SET utf8mb4 COLLATE utf8mb4_unicode_ci NOT NULL COMMENT '客户端编号',
  `client_secret` varchar(255) CHARACTER SET utf8mb4 COLLATE utf8mb4_unicode_ci NOT NULL COMMENT '客户端密钥',
  `agent_id` varchar(255) CHARACTER SET utf8mb4 COLLATE utf8mb4_unicode_ci NULL DEFAULT NULL COMMENT '代理编号',
  `status` tinyint NOT NULL COMMENT '状态',
  `creator` varchar(64) CHARACTER SET utf8mb4 COLLATE utf8mb4_unicode_ci NULL DEFAULT '' COMMENT '创建者',
  `create_time` datetime NOT NULL DEFAULT CURRENT_TIMESTAMP COMMENT '创建时间',
  `updater` varchar(64) CHARACTER SET utf8mb4 COLLATE utf8mb4_unicode_ci NULL DEFAULT '' COMMENT '更新者',
  `update_time` datetime NOT NULL DEFAULT CURRENT_TIMESTAMP ON UPDATE CURRENT_TIMESTAMP COMMENT '更新时间',
  `deleted` bit(1) NOT NULL DEFAULT b'0' COMMENT '是否删除',
  `tenant_id` bigint NOT NULL DEFAULT 0 COMMENT '租户编号',
  PRIMARY KEY (`id`) USING BTREE
) ENGINE = InnoDB AUTO_INCREMENT = 45 CHARACTER SET = utf8mb4 COLLATE = utf8mb4_unicode_ci COMMENT = '社交客户端表' ROW_FORMAT = Dynamic;

-- ----------------------------
-- Records of system_social_client
-- ----------------------------

-- ----------------------------
-- Table structure for system_social_user
-- ----------------------------
DROP TABLE IF EXISTS `system_social_user`;
CREATE TABLE `system_social_user`  (
  `id` bigint UNSIGNED NOT NULL AUTO_INCREMENT COMMENT '主键(自增策略)',
  `type` tinyint NOT NULL COMMENT '社交平台的类型',
  `openid` varchar(32) CHARACTER SET utf8mb4 COLLATE utf8mb4_unicode_ci NOT NULL COMMENT '社交 openid',
  `token` varchar(256) CHARACTER SET utf8mb4 COLLATE utf8mb4_unicode_ci NULL DEFAULT NULL COMMENT '社交 token',
  `raw_token_info` varchar(1024) CHARACTER SET utf8mb4 COLLATE utf8mb4_unicode_ci NOT NULL COMMENT '原始 Token 数据，一般是 JSON 格式',
  `nickname` varchar(32) CHARACTER SET utf8mb4 COLLATE utf8mb4_unicode_ci NOT NULL COMMENT '用户昵称',
  `avatar` varchar(255) CHARACTER SET utf8mb4 COLLATE utf8mb4_unicode_ci NULL DEFAULT NULL COMMENT '用户头像',
  `raw_user_info` varchar(1024) CHARACTER SET utf8mb4 COLLATE utf8mb4_unicode_ci NOT NULL COMMENT '原始用户数据，一般是 JSON 格式',
  `code` varchar(256) CHARACTER SET utf8mb4 COLLATE utf8mb4_unicode_ci NOT NULL COMMENT '最后一次的认证 code',
  `state` varchar(256) CHARACTER SET utf8mb4 COLLATE utf8mb4_unicode_ci NULL DEFAULT NULL COMMENT '最后一次的认证 state',
  `creator` varchar(64) CHARACTER SET utf8mb4 COLLATE utf8mb4_unicode_ci NULL DEFAULT '' COMMENT '创建者',
  `create_time` datetime NOT NULL DEFAULT CURRENT_TIMESTAMP COMMENT '创建时间',
  `updater` varchar(64) CHARACTER SET utf8mb4 COLLATE utf8mb4_unicode_ci NULL DEFAULT '' COMMENT '更新者',
  `update_time` datetime NOT NULL DEFAULT CURRENT_TIMESTAMP ON UPDATE CURRENT_TIMESTAMP COMMENT '更新时间',
  `deleted` bit(1) NOT NULL DEFAULT b'0' COMMENT '是否删除',
  `tenant_id` bigint NOT NULL DEFAULT 0 COMMENT '租户编号',
  PRIMARY KEY (`id`) USING BTREE
) ENGINE = InnoDB AUTO_INCREMENT = 40 CHARACTER SET = utf8mb4 COLLATE = utf8mb4_unicode_ci COMMENT = '社交用户表' ROW_FORMAT = Dynamic;

-- ----------------------------
-- Records of system_social_user
-- ----------------------------

-- ----------------------------
-- Table structure for system_social_user_bind
-- ----------------------------
DROP TABLE IF EXISTS `system_social_user_bind`;
CREATE TABLE `system_social_user_bind`  (
  `id` bigint UNSIGNED NOT NULL AUTO_INCREMENT COMMENT '主键(自增策略)',
  `user_id` bigint NOT NULL COMMENT '用户编号',
  `user_type` tinyint NOT NULL COMMENT '用户类型',
  `social_type` tinyint NOT NULL COMMENT '社交平台的类型',
  `social_user_id` bigint NOT NULL COMMENT '社交用户的编号',
  `creator` varchar(64) CHARACTER SET utf8mb4 COLLATE utf8mb4_unicode_ci NULL DEFAULT '' COMMENT '创建者',
  `create_time` datetime NOT NULL DEFAULT CURRENT_TIMESTAMP COMMENT '创建时间',
  `updater` varchar(64) CHARACTER SET utf8mb4 COLLATE utf8mb4_unicode_ci NULL DEFAULT '' COMMENT '更新者',
  `update_time` datetime NOT NULL DEFAULT CURRENT_TIMESTAMP ON UPDATE CURRENT_TIMESTAMP COMMENT '更新时间',
  `deleted` bit(1) NOT NULL DEFAULT b'0' COMMENT '是否删除',
  `tenant_id` bigint NOT NULL DEFAULT 0 COMMENT '租户编号',
  PRIMARY KEY (`id`) USING BTREE
) ENGINE = InnoDB AUTO_INCREMENT = 164 CHARACTER SET = utf8mb4 COLLATE = utf8mb4_unicode_ci COMMENT = '社交绑定表' ROW_FORMAT = Dynamic;

-- ----------------------------
-- Records of system_social_user_bind
-- ----------------------------

-- ----------------------------
-- Table structure for system_tenant
-- ----------------------------
DROP TABLE IF EXISTS `system_tenant`;
CREATE TABLE `system_tenant`  (
  `id` bigint NOT NULL AUTO_INCREMENT COMMENT '租户编号',
  `name` varchar(30) CHARACTER SET utf8mb4 COLLATE utf8mb4_unicode_ci NOT NULL COMMENT '租户名',
  `contact_user_id` bigint NULL DEFAULT NULL COMMENT '联系人的用户编号',
  `contact_name` varchar(30) CHARACTER SET utf8mb4 COLLATE utf8mb4_unicode_ci NOT NULL COMMENT '联系人',
  `contact_mobile` varchar(500) CHARACTER SET utf8mb4 COLLATE utf8mb4_unicode_ci NULL DEFAULT NULL COMMENT '联系手机',
  `status` tinyint NOT NULL DEFAULT 0 COMMENT '租户状态（0正常 1停用）',
  `websites` varchar(256) CHARACTER SET utf8mb4 COLLATE utf8mb4_unicode_ci NULL DEFAULT '' COMMENT '绑定域名数组',
  `package_id` bigint NOT NULL COMMENT '租户套餐编号',
  `expire_time` datetime NOT NULL COMMENT '过期时间',
  `account_count` int NOT NULL COMMENT '账号数量',
  `creator` varchar(64) CHARACTER SET utf8mb4 COLLATE utf8mb4_unicode_ci NOT NULL DEFAULT '' COMMENT '创建者',
  `create_time` datetime NOT NULL DEFAULT CURRENT_TIMESTAMP COMMENT '创建时间',
  `updater` varchar(64) CHARACTER SET utf8mb4 COLLATE utf8mb4_unicode_ci NULL DEFAULT '' COMMENT '更新者',
  `update_time` datetime NOT NULL DEFAULT CURRENT_TIMESTAMP ON UPDATE CURRENT_TIMESTAMP COMMENT '更新时间',
  `deleted` bit(1) NOT NULL DEFAULT b'0' COMMENT '是否删除',
  PRIMARY KEY (`id`) USING BTREE
) ENGINE = InnoDB AUTO_INCREMENT = 162 CHARACTER SET = utf8mb4 COLLATE = utf8mb4_unicode_ci COMMENT = '租户表' ROW_FORMAT = Dynamic;

-- ----------------------------
-- Records of system_tenant
-- ----------------------------
INSERT INTO `system_tenant` VALUES (1, '系统租户', NULL, '未完', '15210240898', 0, 'www.weiwan5675.cn', 0, '2099-02-19 17:14:16', 9999, '1', '2021-01-05 17:03:47', '1', '2025-08-23 01:35:21', b'0');

-- ----------------------------
-- Table structure for system_tenant_package
-- ----------------------------
DROP TABLE IF EXISTS `system_tenant_package`;
CREATE TABLE `system_tenant_package`  (
  `id` bigint NOT NULL AUTO_INCREMENT COMMENT '套餐编号',
  `name` varchar(30) CHARACTER SET utf8mb4 COLLATE utf8mb4_unicode_ci NOT NULL COMMENT '套餐名',
  `status` tinyint NOT NULL DEFAULT 0 COMMENT '租户状态（0正常 1停用）',
  `remark` varchar(256) CHARACTER SET utf8mb4 COLLATE utf8mb4_unicode_ci NULL DEFAULT '' COMMENT '备注',
  `menu_ids` varchar(4096) CHARACTER SET utf8mb4 COLLATE utf8mb4_unicode_ci NOT NULL COMMENT '关联的菜单编号',
  `creator` varchar(64) CHARACTER SET utf8mb4 COLLATE utf8mb4_unicode_ci NOT NULL DEFAULT '' COMMENT '创建者',
  `create_time` datetime NOT NULL DEFAULT CURRENT_TIMESTAMP COMMENT '创建时间',
  `updater` varchar(64) CHARACTER SET utf8mb4 COLLATE utf8mb4_unicode_ci NULL DEFAULT '' COMMENT '更新者',
  `update_time` datetime NOT NULL DEFAULT CURRENT_TIMESTAMP ON UPDATE CURRENT_TIMESTAMP COMMENT '更新时间',
  `deleted` bit(1) NOT NULL DEFAULT b'0' COMMENT '是否删除',
  PRIMARY KEY (`id`) USING BTREE
) ENGINE = InnoDB AUTO_INCREMENT = 113 CHARACTER SET = utf8mb4 COLLATE = utf8mb4_unicode_ci COMMENT = '租户套餐表' ROW_FORMAT = Dynamic;

-- ----------------------------
-- Records of system_tenant_package
-- ----------------------------

-- ----------------------------
-- Table structure for system_user_post
-- ----------------------------
DROP TABLE IF EXISTS `system_user_post`;
CREATE TABLE `system_user_post`  (
  `id` bigint NOT NULL AUTO_INCREMENT COMMENT 'id',
  `user_id` bigint NOT NULL DEFAULT 0 COMMENT '用户ID',
  `post_id` bigint NOT NULL DEFAULT 0 COMMENT '岗位ID',
  `creator` varchar(64) CHARACTER SET utf8mb4 COLLATE utf8mb4_unicode_ci NULL DEFAULT '' COMMENT '创建者',
  `create_time` datetime NOT NULL DEFAULT CURRENT_TIMESTAMP COMMENT '创建时间',
  `updater` varchar(64) CHARACTER SET utf8mb4 COLLATE utf8mb4_unicode_ci NULL DEFAULT '' COMMENT '更新者',
  `update_time` datetime NOT NULL DEFAULT CURRENT_TIMESTAMP ON UPDATE CURRENT_TIMESTAMP COMMENT '更新时间',
  `deleted` bit(1) NOT NULL DEFAULT b'0' COMMENT '是否删除',
  `tenant_id` bigint NOT NULL DEFAULT 0 COMMENT '租户编号',
  PRIMARY KEY (`id`) USING BTREE
) ENGINE = InnoDB AUTO_INCREMENT = 129 CHARACTER SET = utf8mb4 COLLATE = utf8mb4_unicode_ci COMMENT = '用户岗位表' ROW_FORMAT = Dynamic;

-- ----------------------------
-- Records of system_user_post
-- ----------------------------

-- ----------------------------
-- Table structure for system_user_role
-- ----------------------------
DROP TABLE IF EXISTS `system_user_role`;
CREATE TABLE `system_user_role`  (
  `id` bigint NOT NULL AUTO_INCREMENT COMMENT '自增编号',
  `user_id` bigint NOT NULL COMMENT '用户ID',
  `role_id` bigint NOT NULL COMMENT '角色ID',
  `creator` varchar(64) CHARACTER SET utf8mb4 COLLATE utf8mb4_unicode_ci NULL DEFAULT '' COMMENT '创建者',
  `create_time` datetime NULL DEFAULT CURRENT_TIMESTAMP COMMENT '创建时间',
  `updater` varchar(64) CHARACTER SET utf8mb4 COLLATE utf8mb4_unicode_ci NULL DEFAULT '' COMMENT '更新者',
  `update_time` datetime NULL DEFAULT CURRENT_TIMESTAMP ON UPDATE CURRENT_TIMESTAMP COMMENT '更新时间',
  `deleted` bit(1) NULL DEFAULT b'0' COMMENT '是否删除',
  `tenant_id` bigint NOT NULL DEFAULT 0 COMMENT '租户编号',
  PRIMARY KEY (`id`) USING BTREE
) ENGINE = InnoDB AUTO_INCREMENT = 55 CHARACTER SET = utf8mb4 COLLATE = utf8mb4_unicode_ci COMMENT = '用户和角色关联表' ROW_FORMAT = Dynamic;

-- ----------------------------
-- Records of system_user_role
-- ----------------------------
INSERT INTO `system_user_role` VALUES (1, 1, 1, '', '2025-08-23 11:17:41', '', '2025-08-23 11:17:41', b'0', 0);
INSERT INTO `system_user_role` VALUES (55, 142, 159, '1', '2025-08-23 12:55:18', '1', '2025-08-23 12:55:18', b'0', 0);

-- ----------------------------
-- Table structure for system_users
-- ----------------------------
DROP TABLE IF EXISTS `system_users`;
CREATE TABLE `system_users`  (
  `id` bigint NOT NULL AUTO_INCREMENT COMMENT '用户ID',
  `username` varchar(30) CHARACTER SET utf8mb4 COLLATE utf8mb4_unicode_ci NOT NULL COMMENT '用户账号',
  `password` varchar(100) CHARACTER SET utf8mb4 COLLATE utf8mb4_unicode_ci NOT NULL DEFAULT '' COMMENT '密码',
  `nickname` varchar(30) CHARACTER SET utf8mb4 COLLATE utf8mb4_unicode_ci NOT NULL COMMENT '用户昵称',
  `remark` varchar(500) CHARACTER SET utf8mb4 COLLATE utf8mb4_unicode_ci NULL DEFAULT NULL COMMENT '备注',
  `dept_id` bigint NULL DEFAULT NULL COMMENT '部门ID',
  `post_ids` varchar(255) CHARACTER SET utf8mb4 COLLATE utf8mb4_unicode_ci NULL DEFAULT NULL COMMENT '岗位编号数组',
  `email` varchar(50) CHARACTER SET utf8mb4 COLLATE utf8mb4_unicode_ci NULL DEFAULT '' COMMENT '用户邮箱',
  `mobile` varchar(11) CHARACTER SET utf8mb4 COLLATE utf8mb4_unicode_ci NULL DEFAULT '' COMMENT '手机号码',
  `sex` tinyint NULL DEFAULT 0 COMMENT '用户性别',
  `avatar` varchar(512) CHARACTER SET utf8mb4 COLLATE utf8mb4_unicode_ci NULL DEFAULT '' COMMENT '头像地址',
  `status` tinyint NOT NULL DEFAULT 0 COMMENT '帐号状态（0正常 1停用）',
  `login_ip` varchar(50) CHARACTER SET utf8mb4 COLLATE utf8mb4_unicode_ci NULL DEFAULT '' COMMENT '最后登录IP',
  `login_date` datetime NULL DEFAULT NULL COMMENT '最后登录时间',
  `creator` varchar(64) CHARACTER SET utf8mb4 COLLATE utf8mb4_unicode_ci NULL DEFAULT '' COMMENT '创建者',
  `create_time` datetime NOT NULL DEFAULT CURRENT_TIMESTAMP COMMENT '创建时间',
  `updater` varchar(64) CHARACTER SET utf8mb4 COLLATE utf8mb4_unicode_ci NULL DEFAULT '' COMMENT '更新者',
  `update_time` datetime NOT NULL DEFAULT CURRENT_TIMESTAMP ON UPDATE CURRENT_TIMESTAMP COMMENT '更新时间',
  `deleted` bit(1) NOT NULL DEFAULT b'0' COMMENT '是否删除',
  `tenant_id` bigint NOT NULL DEFAULT 0 COMMENT '租户编号',
  PRIMARY KEY (`id`) USING BTREE
) ENGINE = InnoDB AUTO_INCREMENT = 142 CHARACTER SET = utf8mb4 COLLATE = utf8mb4_unicode_ci COMMENT = '用户信息表' ROW_FORMAT = Dynamic;

-- ----------------------------
-- Records of system_users
-- ----------------------------
INSERT INTO `system_users` VALUES (1, 'admin', '$2a$04$KljJDa/LK7QfDm0lF5OhuePhlPfjRH3tB2Wu351Uidz.oQGJXevPi', 'admin', '管理员', NULL, '', 'xiaozhennan1995@gmail.com', '15210240898', 1, 'http://test.easyboot.iocoder.cn/test/20250502/avatar_1746154660449.png', 0, '127.0.0.1', '2025-08-23 12:56:00', 'admin', '2021-01-05 17:03:47', NULL, '2025-08-23 12:56:00', b'0', 1);
INSERT INTO `system_users` VALUES (142, 'easyboot', '$2a$04$qj.2hgIGmXRziN/DGS0Ek.Nq/TuXZaOuHumsLq2Mj8x3n/FIhyNyK', 'easyboot', NULL, NULL, NULL, '', '', 1, '', 0, '127.0.0.1', '2025-08-23 12:55:43', '1', '2025-08-23 12:53:26', NULL, '2025-08-23 12:55:43', b'0', 0);

SET FOREIGN_KEY_CHECKS = 1;
